{"version":11,"hash":{"type":"Buffer","data":"+oqKWfxWLj2Uv64XtVMy9UVrHQOvhby11n5va5fdPkLdPBpKeyuxs4FjfsS8JnIU0HNQ0/aCuVLMjPg6xA/7HgXhuHuMTk4onrI/Ffm9767Wy+Dry1AFch7ID9TO6BnLJleU7F+c10og51gQelHUFQB0Vrj62hOXdfaMNndk7i0="},"indexValueMap":{"qlZD/hj+nc146kMaIpmD6/ctpMHGel2S9OBwDGMwki0=":{"valueMac":{"type":"Buffer","data":"ZSI28zML6fNJ1EJ1JTJwu2DeWug26FDmqDeuwcco5dw="}},"vZHFERK37FO8TVgXkhbbCpU+Pvpy45niuAzgCc/USio=":{"valueMac":{"type":"Buffer","data":"TQefDJOPvDpVg61UjvbNr9+1C4AqXr2jOuNMjuuK7WE="}}}}