{"version":445,"hash":{"type":"Buffer","data":"hLG47nlDqokQ4oEksIDk4aVlsJ9mDR9ozoaBXRZOrIU+2GfH+LiLX2zqL5d8Y/j/SB6D6hAy+Fm1n7CxYq+d1ersb7qVj6jKZKdcKTj/eNbZiLzQnUVjLQ0osvVXI7FtE+aKBZGPPjqJ95sTK14lZ0NeXFFs62/pXGVJ6nC5JmI="},"indexValueMap":{"ABZ0HKCRAUqtdKA6P+dToxdfSactkTA3tHQihi0h/zA=":{"valueMac":{"type":"Buffer","data":"4++dYl7fcVJiTFP8C9bdyfakOlUx4xF4t9+/sGG0be4="}},"A90Vxi17lkDZM4gHyQGOd6ogrkrLtnnilAMkAtpenLk=":{"valueMac":{"type":"Buffer","data":"ixpR/lB8aT8X1SZ8+yMGSX6Lb4WJaDUnVT7t8FLcbX8="}},"BxnG1ATjjw+YB3w99m+uKhSB9PIT6v0LU/lBUmkHJwM=":{"valueMac":{"type":"Buffer","data":"r8ksRzyCtrbD67Igu3mHQBT/Mc4BH7a3o7gcS5Q/MoQ="}},"CGiV+mWPM9jKK3RzscQJe0q7j5TmIYCk0chowqczvqg=":{"valueMac":{"type":"Buffer","data":"AKtdoMLnXG7/1arTXUeun7j4aQK7Akls8NqRq1GWIVs="}},"Cakn/h8R/3ffFkdBnkggUH3NvzFo9+irGOiQZIYynkQ=":{"valueMac":{"type":"Buffer","data":"FMBihNFJJsHMOw8Bf4en1wDoDEPnZBMPZtsa6lz9QmE="}},"CsX+w0ezJlhx2/zHTDaPwEcWtUvyxtRvK7i2mf/5gUE=":{"valueMac":{"type":"Buffer","data":"Pltw2/e3f/BTIyAaPUL6YI7ke4Am2mCA0H7cD1yqkFM="}},"C7LS1A7eHzwHyHHwY95PwJ6CKmezw2jz2ynSGxrh6KM=":{"valueMac":{"type":"Buffer","data":"hol9B0fACO9VtxGx/+tRjCerbT6yAdKr5xPyVAhTDnI="}},"EWEConFQlWqMjiV0Xiet5hkkTrxELR6ZXdT38JCWsXw=":{"valueMac":{"type":"Buffer","data":"LDCYbWRuM6+7pDju618Y5bCr18SZzvKh3nsVa3ofp0A="}},"E6kI0ULuO7HrAPjEcJX+CdhqH/NjCkQWtf7CMImsTG0=":{"valueMac":{"type":"Buffer","data":"g2cCukq7P/CVDjPOvPHeQcH/4tjX6m7EuTMsKsNhtEU="}},"Fq9M51qevDUyeh3ZlvtKUKV4Y2H9TIYFOF76J4rTNNM=":{"valueMac":{"type":"Buffer","data":"9nt19op3bPfzrsAg5NF4Fv1Z1LRyJAj01GxDARd3wY8="}},"GE0/+34RiD/VNnSUEcoxTD9MW8ijhWg0nvE3hplRIeE=":{"valueMac":{"type":"Buffer","data":"PnZlm8H2bT9ZANOvXgMjBihPo5wHoSuqnIfUshK6Tq4="}},"GyP45GF2lkOuw1Hso6wuWkLfanqyKMC5udCHaBeajWI=":{"valueMac":{"type":"Buffer","data":"qc7cNaAH90HKlKGPAZgX67SXObhKiTBnp/0OL/ABfc0="}},"HIUFnl/s+NP1FeaHpUkJoKglaT79YN2JJJ/xOwPXVrU=":{"valueMac":{"type":"Buffer","data":"DiOKWX8IZju5E/r82Ub/EhDwWwHqa3CY/1kai79+PHI="}},"HjRmnOaZaDgDEQYhjKxou5bm6b7FWs/3WvfOcaeN0TA=":{"valueMac":{"type":"Buffer","data":"mo21Yt+ahapngHnonbYd5zOB3kvW9RcDP68XVhAEEpU="}},"HmraAINmq4YTd+BYGPn4Iz7CDeMKHeoKMIuTcvzgDY0=":{"valueMac":{"type":"Buffer","data":"PV7Vaio8ZMeikVOjLOF2fflUa7PfLHfPfWkt8PzzzsE="}},"IrS2hU+QUjBFx9eu5cyndTRxfeBptOdj+7ddo1Ql3L4=":{"valueMac":{"type":"Buffer","data":"IbqbKKWyBucrh5b0kmRY7KVYtHcqG819e5DOLhbMGJ8="}},"I1s6PmezhmxDXf/eP18pBRyt/sEFNi4kw528qvhqhP8=":{"valueMac":{"type":"Buffer","data":"4T6poZod5d2zaAgLlW/HQcZ/PDOTC56MVw/Cmz0BBf4="}},"I70BXHO4kZtf+YC4/oWQwipHqUUazlAo+UpiI8D5ul4=":{"valueMac":{"type":"Buffer","data":"NOqsit/yn/RcjV3p4dfcJSjhamhMuYDosRwu8OGJck4="}},"KBqZdleK1mIsJQfU1hd+VR4SJPHAk/FeFGhKe1gf4E8=":{"valueMac":{"type":"Buffer","data":"oVeZor6+GXB1Q3O7woB5xZH0ErB4bq6XntT3cv+HQTc="}},"KtArDUwJ8cdz7SrSW5NYYd2CwSBzvW4dO6Rx/OQJC9k=":{"valueMac":{"type":"Buffer","data":"95wjDXqUybyWTVRVli6G1jUQiQrI0PfBVl8Evv+TL3Y="}},"KxoEeI7IOWKLc4gY6MvnQDug7FBuKNDYFD5yQCq6EP0=":{"valueMac":{"type":"Buffer","data":"EfmTZGev1xi9hJtINK/mYGM+wgeYwWu9tX8Zn/uANQE="}},"LBCMbi9c5rdXqB9zo5ctTUChMQYFvQxq0bbSObRh+0w=":{"valueMac":{"type":"Buffer","data":"w5GSOPvzaVIu3n/pZsaE5lmJSvl0xl+uIUloJUEL2iw="}},"LYc617nNRIhsJ8cxL7Ab3/RVxtpKukGlXBbN11joSmY=":{"valueMac":{"type":"Buffer","data":"brDtoaT8bN2c13TvnBeXE91CAWUngQrMvp+5M0kyACc="}},"LvG7eIdHaKZqrwBNxbp8XuPJvrKyLncMpOtNrljRL04=":{"valueMac":{"type":"Buffer","data":"9VsVuxqse+8vJ1DEfkoIPntKMqFTwRne5M8zJdcTLJw="}},"LzGI/Mu3wKQm6VKK46IqkbHjF91oSL5IZTz9M4blPQ4=":{"valueMac":{"type":"Buffer","data":"nLuPSNeqcVrEhkaJRHQpylzfFU88roGFypeePaduK5A="}},"MZXezlCjrfaqrIzv+9C6otrB9Qo+Jbdf1pWuhLjTrwg=":{"valueMac":{"type":"Buffer","data":"IVFkhyCWmrQTa2vXokG2hpplIUHmbpjdKgnAYsFNePM="}},"NTUD5xIRZIKRZMuUikhCZbCqDT7MdvATFRpoSSG0+OY=":{"valueMac":{"type":"Buffer","data":"WMZ1TAecVJH3WHsYxatvkD7Tat+xzlospb7S3Cbfh1g="}},"NlYWIhBPlkGwSEcOAxFt8NgPZoh/aVIYNdsKxVVq63k=":{"valueMac":{"type":"Buffer","data":"hxxjuG1TuPFEg7WDBUarQA27PqW19jY9PgZUCo/c27Q="}},"PyVGGWj+U+05ueNFRr/Sb3qYfWmMSyPBP8eG1MCoVm0=":{"valueMac":{"type":"Buffer","data":"+BjojzyNx+v/uSdnpO3/mYvyA+IF+n8Er0KgOqQqMis="}},"QgpPQI3E9CrBBnaTPuINEyN6aFoRITOD/f2l+ANY9u8=":{"valueMac":{"type":"Buffer","data":"zviUibRJkqHSvg/xr+tV+jckkxMHjGGZRYI7RtYasoE="}},"Qjdve5kD/U+bTbngPvXHmqP3bDpU9qXO1/nPjHiaZbo=":{"valueMac":{"type":"Buffer","data":"xCTCngRF6qTJsXatoOl56qFmF6P2Umm4xTXCUyoo544="}},"RIsEDgh2BYyDCrhw0S4JMqNBGCXBXyhz7pZWjASVejs=":{"valueMac":{"type":"Buffer","data":"NW9lsM1HGeOSgLO4s5n1Uzn5TuT0lTp6tvzs3cJJd7o="}},"ROND5OSeaPyDRzj75R/reUmDbhaVdSlBD+7HRl89KAQ=":{"valueMac":{"type":"Buffer","data":"FN+9JXvSE8cJrU2oVpeMIXarBbFlFHxfC0XZZvpmgYg="}},"RhdqgCGjemY4vYzufahTfigrVhmBCitLoW1jh8DrwHY=":{"valueMac":{"type":"Buffer","data":"zFGVloAdiYZwOTlnQKcjhprAEmr81nPPw2wqRFBBAm4="}},"RjJttqQArqkDFCRQ96xG96HnaDJvM5pvYT+ur2/0x1w=":{"valueMac":{"type":"Buffer","data":"G1bvb7wcWMmXDdwkWYMX9mD6HR6XIp4pU87AxYo7VC0="}},"R01ZISet3wD4rREmVDUl4bjrcxKuTPoeso7n1KOv2DU=":{"valueMac":{"type":"Buffer","data":"fm47TvaUV5nA4LFVuGXdk9gKr/JgCw/GMdnttlyFEHQ="}},"R15jDB75AReW9sBAdYfPVx2rljr2fpK7dn06sM/Dv1I=":{"valueMac":{"type":"Buffer","data":"+aS9RYl1YmVg+QVspJxf+yS0DElcCzOINkiEcVKvpPs="}},"SIbNhOzr+1jhHB+V9rMNbAHq3vPUFxLEiLPmZFZNxLY=":{"valueMac":{"type":"Buffer","data":"CszrE/E91xKlztbOzZ6dmOoPqSIp4ByDMMc4Mz/9qq8="}},"SkhU4F22nzXU7xRzyUFlO0UTDDusPxkw4e4vcsll4rc=":{"valueMac":{"type":"Buffer","data":"vVVlprM7WKk5WckPY5AaYOgFi+DX4PPexjXusMizYc4="}},"THbtGCc8KflyDNyCVzJ/TApuXCbVVr1kDjSK1blxJNY=":{"valueMac":{"type":"Buffer","data":"yT3T+ryRQ+6985OH9I9ctRtPxR7PFlHfYAzp9Q5mDHk="}},"U6gqWXHKd5I0Pue5CiQZd76SXzMpgewcvmq863udF5w=":{"valueMac":{"type":"Buffer","data":"aL62nWvqwFp1ZnrYAX7h8+1HfFIbyDxVOOOMRqRmZrU="}},"VSp6sdlthYg211d+cl9H2QVAkMuBpokNBvjsFL2TnzU=":{"valueMac":{"type":"Buffer","data":"oEW/blDgAhD7r1EfgjYiCrEV+hyaSwmyUKgu1rA7ueE="}},"WpWMD+AopvooHau7vBVTU+vHRA9QVC8zoeSf790CGkA=":{"valueMac":{"type":"Buffer","data":"MD11Nn7hts/r+v9s/gxU8c6TFaPfJou4ndsgDnvODAg="}},"WrScXqJWAPu31aMwpbGCAkIiV778OISbtz8RgwE8Z4w=":{"valueMac":{"type":"Buffer","data":"/vsY3/S3lsNQqK+/ffapFRTb39LAu+zhZKxIfhcPtBw="}},"WwWo/ue7dVRZ+td/UG8QUGpA4addsR3YO+n1lE+Zk88=":{"valueMac":{"type":"Buffer","data":"8YRAju3Es63NuV72yhz8r9LCi7AZ3BybH+VDhIF/zBw="}},"Xp1ZoeOGaYhALM6MAluZkva5y2ZSszQZEJYrO0tE9XQ=":{"valueMac":{"type":"Buffer","data":"niDJ4pISeEmQlCDdcyeCpkCKzpiS40BvMiAg4qDR4oU="}},"YAMA+O3qp2cMGBLuGpev6L1sYrGxSc1k+ngQhVsfZZM=":{"valueMac":{"type":"Buffer","data":"mBMf8o5IwQm1fbX7Cyq/5aJam3w93qPZH38j3sIxzls="}},"YNmeI6U4ruStm/q4Z4UwXf0J/33jYsH5VUGOs4K1VJ4=":{"valueMac":{"type":"Buffer","data":"4i5f5nB9+MaiNodlqFDukdiLLit7GvOLI4aORXxr2vs="}},"YzYLEpUsey1gW2tMsfjR9Mds5QdZpHGhpx3jpLfZOTs=":{"valueMac":{"type":"Buffer","data":"9PyIvOOBGywcyAqralXLRbJqhHAD8ekN4p4sn0mBTaM="}},"ZBqc8Z/mdup7iNSV+3HxSfu/VXID9qa/uwQMV3+G1JE=":{"valueMac":{"type":"Buffer","data":"AGUO9BQRQgoXffsRugg4yPDh2Rt/2QJzLelac8EV8ts="}},"ZMAMVcZz1TBzc/HFYFtGNLczJuUtxSUCi7+eCW7OVgg=":{"valueMac":{"type":"Buffer","data":"KfkqMVYfOVBY/HQmHA7mVtzYUdnDVGtkGCJVTxFxRXQ="}},"ZVWtCIhtIusIPi+wp36FRvqsfuZonU8tOcQYf6fi3pc=":{"valueMac":{"type":"Buffer","data":"KA4FC3iBgPdmTApJ5LY1O3VZFgV4fIE303k+XHgdVys="}},"ZmoXimj4VjnRGAdv8Tgbr6FDaZzmWrbXe1do21tbz8M=":{"valueMac":{"type":"Buffer","data":"bC211TZrRazPO3vwto7iqOFP98AzFxfyETCVkP9Nl5o="}},"ZnudT5eA+DXPVJQcRcGDLo963hBefe2wycvHBPACxak=":{"valueMac":{"type":"Buffer","data":"jiId9juzPLkpMpGbBq5IpmsZCqAhbybS2DYJGQhVRO0="}},"ZqGH79KQGNSgV1EuFg5o+WvlAjsEqTlXTBWng7MxkiA=":{"valueMac":{"type":"Buffer","data":"1oYFUmppfboK2KNFP2zoWPQqvbM94VPiNPTRe/1UuGE="}},"ZugeQpk8EqN8gBnxZAvWCYL/b/wZzPeuIQspQ5nkcbA=":{"valueMac":{"type":"Buffer","data":"8riVTWzXRG7dJu18WEOrIyGurL2EP+7N+7YF+mzXJec="}},"aE6sXm5oDSL2Q8HJa8RXCmH6PAW0A4fo/AAjdYyyHkE=":{"valueMac":{"type":"Buffer","data":"jhekvoE6beaFqItY20P3F40TgOdqmmfAn2J6WKIfXaQ="}},"bS8VOUTEpZ6NM7grL3RFcjyJKWNF+0tFGieMThDSYjE=":{"valueMac":{"type":"Buffer","data":"REevL0bJvU3Vno4GOo0vtCxUy3OM8OybLibLDB92zNw="}},"bq6McmQyazVKnXN18E5oApLrQ0TVPjucAKftEVkbVZw=":{"valueMac":{"type":"Buffer","data":"Dyh1924uOqiD19pU0Ybhl75G+OoKpxNodjt1L1cXMp0="}},"bylhaeKU4AUXhxMPlTbjq7bycmow2xohqIEW7YEGQTY=":{"valueMac":{"type":"Buffer","data":"9EH5SBxkjZt5F2a9vFh2pkHu6kENzgK5Oyu9fVPD+4U="}},"cHIM4f3/8JeSMEnLmtk6Pv0r2CYNJh1I6lVEQOfu1y8=":{"valueMac":{"type":"Buffer","data":"tCoOMsO4cNvMjRE1ePnip/GWLHQAH8ZiL6HG26MbAEA="}},"ci8ihKhcz2HZGpTkwMaBGebTHIXpWhBoitCNcNJsQDI=":{"valueMac":{"type":"Buffer","data":"V5YYW/q8pzSTWsfqvIasm6xi9VQ0a1sMY0+OFLQnECw="}},"covExGWvZUVP91nK1OXHBYCpLSSYhFsOgMr+AsaYZas=":{"valueMac":{"type":"Buffer","data":"6ZFjbfNz6rvcOJXLar3q4/WheCvTOXNcm/iwk7G6zTo="}},"dEU2UpV1kIxfOv7SfJs2Zpdhnp9nH8dol5VWY7HdB7M=":{"valueMac":{"type":"Buffer","data":"/kRx8wmE9od85CVmx5WKUTQVIU6/ZkniKtQyaKn1H9M="}},"dXMHmKN8nYg7Y26YKe8IEaLhNoIJ7rUl/aM3uZhlTUI=":{"valueMac":{"type":"Buffer","data":"wak5kgw8ZGyWXxDc+8BYkBAg4Zac/pOtJ7TSaGwjth0="}},"ek2ANBGARyg9wbeanTx8QdjftRDoyVSxAo8lwnYOC7U=":{"valueMac":{"type":"Buffer","data":"X3M72RAK2dThitGxg3dgmVkia7IBrgmCyPP0HiWmeyk="}},"eyV03bCZdXSX8Sd4gQ/q6Oa9suYEZpV+a2ojQulvxgI=":{"valueMac":{"type":"Buffer","data":"cs9PhS7kivVrx2ntsD59nrjTgQthn7Cgn+t25PZaRfg="}},"e4r5A5gUnu3BnH6vfxxvuSw3iTYDtuhNcgVYOigxIrM=":{"valueMac":{"type":"Buffer","data":"hCaOahEsFsWz4ti68r9V+OAj5/zXadxOzbwl1cHGqu4="}},"ffBdDTIqDZwEcXn8T7988wtIqOr43ZFcVPFA6LBG/XY=":{"valueMac":{"type":"Buffer","data":"F7Yc1gBETgQTrFIQgO/1mQBcJKswDLy0LHUZzD+Z12A="}},"fg0eR/dbTThBzjq6+Cu6koTqhG9JOMHALNYZq/bzlyU=":{"valueMac":{"type":"Buffer","data":"mF9ibE0MV6PPnvZ3pFaYPfBt+OHsL7j656cfGzeXkeI="}},"fg30ics55/RMHE69FDYYiuA8Ah7X8nI3oc9QakYQ9jU=":{"valueMac":{"type":"Buffer","data":"EEa+5dgZENLrbir9/+J/YgFzf/K4QzaVadBbvMk3q28="}},"gD2qzo9QhAJ2JNSmPyrGiFUcVybGevw8S5iSkxpVhT8=":{"valueMac":{"type":"Buffer","data":"0Sm60/xbnxK1TzLXXUHY2/dazzePwDcz9RQEDFTMtPI="}},"ghTbYuf7wg1Ms4dlQ2TKt37PSpbxwxoX9+CawNqZK+o=":{"valueMac":{"type":"Buffer","data":"viyEyRZ0f2i4wTkNGsr3YlJ5R5VN8tJ0U7uULl+k/d0="}},"hNoIDd2sll9cGo7J3byyHHFyedDmvwvMNLvGjJxuFbc=":{"valueMac":{"type":"Buffer","data":"CSlum08FcKzMDoaCXsil22m0S3FjixrD9NIrAWkqNmw="}},"hvObtp8Eb7UsqeRDrKvmtzvbnT4Ht8A57RTB059yFRQ=":{"valueMac":{"type":"Buffer","data":"S1bHIKG8atlTwSN4ud33/mgGkHlaKp7NXYYJWXXEdOM="}},"iC9MVgSNpl/q2gakCIxIO/ipgrZBnyRBp8g+KVjlP3s=":{"valueMac":{"type":"Buffer","data":"AHrxN39RDSvbus96fWA4jHK3KmqhOgjO9nQBtcwwXx4="}},"iZ4jNRTPLFVrq9ccoaC2MMFDR5IWfiApxAB4lN6/2/8=":{"valueMac":{"type":"Buffer","data":"ovJrPZo+KfITtQRn6ju/BuBDaO5E+g4qh9mYvDzWAvw="}},"izXe6Jz2Djzbx03TBLjxIicFyuCT7naIS/FrXjaiYi4=":{"valueMac":{"type":"Buffer","data":"lmELsHkWESlb5s4jlS1CNa4h8+XaD4bHReZEu4mJS44="}},"jBzNiimkLifyQs8y4lK/4T5hJjBVdvK3hIz7uEPF97M=":{"valueMac":{"type":"Buffer","data":"ZOFeB/t8WFFojp57TZAlPiRTk0AetCMk/ar5fKh4o9A="}},"ja1PhMjvHiTuNxSe/26e0tjXS4YoZ+v5PsMwIySdO44=":{"valueMac":{"type":"Buffer","data":"B8X2g7pVG1Qw5/VR75SK97Up+t/5HhMtA4dHiBXFirs="}},"jdqYXErm9C89rg8TcB9x9XDum7XyO6eANKAcMMTvqos=":{"valueMac":{"type":"Buffer","data":"SB4e+nE9st/u30oG/RQyYftaLrXX4MGdvll53GLqB1E="}},"jfzo4Cybx6kJwILjija/gpzp5ahEf5ssaqdV46j7yPU=":{"valueMac":{"type":"Buffer","data":"efnlXXPIjQtRZ1okWiy6CGyPNQKvQo6gQn6pHDYHMiM="}},"kbUTQFyo4FOj4QPbwH9Qf/O+UVvUFo9jRF9XilFODoQ=":{"valueMac":{"type":"Buffer","data":"T0YrO7u0+tOv1QXQ1qjYR+qJ72eA0bGSzxs+Hmd5lgI="}},"kjOH1Lalc9wsApjEb54eLgX6Em3IaKoAAqrmCY3hFdo=":{"valueMac":{"type":"Buffer","data":"qHRtnDy5nkkHpKefe7DJXtibmBmD3xObLciCmdffUsw="}},"ku8zSjyQ5Aw/t8ml8cilChVIMTeJTZgVkRS8LL1qIyk=":{"valueMac":{"type":"Buffer","data":"4ef9SQbSwJbz5t5CKtTnqNqUxy9CLXhA4FZIc50H3jg="}},"k0kZahAMDVjxN4/bx32MjwqSsOQzE17AANul57Psuv8=":{"valueMac":{"type":"Buffer","data":"cHaovk6VG/fj3FfohAEinxxLXlIXRUQaVUvvo3w78w8="}},"lg5rZaS8tB59BHcq+sartHFUXv2dHxZqbXioKKV5Dk0=":{"valueMac":{"type":"Buffer","data":"DAARnUrXM2VGbaLRscrcqbA+pmv8OfQs8opUCfSdrBw="}},"lkzI8GfCHC9lN80P7sf+IY9LCdjoiJzfVzUpNfS0o6g=":{"valueMac":{"type":"Buffer","data":"rZF20E/49u7k5QHn5ltdg9KVmneSBtRdBmCEf/GXlHU="}},"lrXxHzhit9MjiZJNRsV7As4N9p9flR1GarCKBo8CKA8=":{"valueMac":{"type":"Buffer","data":"oA3T3lDf2zGPhO6rKa/lJn5S0elgUXspiUBEbYmw3rA="}},"mF8Itog/MdM+GL0GvAHPYffS2zGaw1eZ95rhLuBgW90=":{"valueMac":{"type":"Buffer","data":"koghkg2/FVWcnVWGjXwZh8Z5Ln9JTIlXhP6dS5MiEhQ="}},"mJ41GhPIbM7G04ywexCrAquDVfZCKid/dSDkK1HmZnU=":{"valueMac":{"type":"Buffer","data":"VcE59LHJeZJgaV04fm+gr6tgBfoK8tQH7JhspvJ4E7s="}},"nLuCZ8beNvkmI6eBff4XuteaXT43NfWDs0PrZk4uHyQ=":{"valueMac":{"type":"Buffer","data":"TeiZhTy+kC3pBLrU5bwCGrgfLaaTOCfO+CaM9tchiSQ="}},"nmhgx23b1sLiVs5QHbcbCVQY1QndyAKl0Q25h5SUJ3U=":{"valueMac":{"type":"Buffer","data":"yWvycq0jfAba4AU5QqSx9oamQYd4i4AsL7aSxOr8xpY="}},"n/bRYifvfVsFskVx/hPi5uhRfYtK7VaG1Ly1Z93R6nk=":{"valueMac":{"type":"Buffer","data":"dHlRBL93HA6i8TKLrjOreiO8hc7YlE3vaoVOwa69cAY="}},"oDPwY9UmMP9NrmMde2Zuf2mT5ntt8GQXWG9cWyEQW6g=":{"valueMac":{"type":"Buffer","data":"3S18OpK6VafSdsuvzcK3yL4LnqWfMG+RR5OQDHGdSSQ="}},"oYG1BFBxUBmTNyCXKnfVMqmEYt3ZsbE9bMh8DclQj1c=":{"valueMac":{"type":"Buffer","data":"4sO8KVEuXA1XRxtq+qjSzTDnWoLnA4c7+su7LC6jc+E="}},"pSqRfcIRgNqy+9rdrBDyam28UFsqOzBDTLeBfNsXvdA=":{"valueMac":{"type":"Buffer","data":"YOICZiUKoR+3k6OR+6OwCURels6zxDxbfKQj83So2kA="}},"pTXuHp+Y7sRf0VYXsvgLLCk4ql+2ekTKj3mxRwY8x0Y=":{"valueMac":{"type":"Buffer","data":"h1dg3nq+hakFXce7RM5z4kYkhzysDSlZL1zCUBNxuIk="}},"pf7VcnG1phCG8LR9+5ca1xjvRbxNMJPOBxTzn/1mXsI=":{"valueMac":{"type":"Buffer","data":"jJvtB++tSmArv6Q/TGHw2+4F82usW1cDqCccVBiLWaM="}},"qKHaZqCl26I6pZ96tfIT6GPlfvXSyZHn/l2I5X+UVeY=":{"valueMac":{"type":"Buffer","data":"AT4DA9mEtXK9IPWY9torUvzFX5592+3wxatw+QCTdKg="}},"rmfwHPoIk+8KUZ7PL4sUY/c44z6wmQrRXDvoEbu2Av0=":{"valueMac":{"type":"Buffer","data":"ksJcZheKf2J5kigQPZYrgKmZx+8y+oi2Qy6jsmvZBOg="}},"sSaUyCs1XmgBk+95M45DsjjpEIPhObbkoRA+Z56Qt9Y=":{"valueMac":{"type":"Buffer","data":"wSgo8QBuEDjYj3b+xz3VF7S2vOZZvEPtASlk5YcLJpU="}},"srTfHChdvJ9YbWBSf9hDR0Rgt3T3cnzBj/A3ysZ8Q6k=":{"valueMac":{"type":"Buffer","data":"7GM6e5W26psbkxQgSpMOwYdPoV5yIU/UT/8LMs1eixk="}},"tXAjciveAbOQj4qgT4wsvtCZu/h99A/83Toh5cQMBWU=":{"valueMac":{"type":"Buffer","data":"quvUCBhbdyY8NitDuN2Lp0KGKlfkvB66iEvbCGf320I="}},"xzZKXdibUQF9YZ1u+QD2HxNBJSfnm59jy44IqMN1XMc=":{"valueMac":{"type":"Buffer","data":"pm1HshBgiYia3HQ0xJw869eXr8X/LFnNSZ8CyLdkFbM="}},"yagAgtLab4ZJIwTI/RQuzC9LthFKscP1LsCkTalFaW0=":{"valueMac":{"type":"Buffer","data":"1xdW/w9ce2hgv75avb3SXpGuh6Pg6G1nh24lDOPLiuo="}},"ybinpCGRQUg7nCUq6p1jG8hkXqXIGv85zon2DCSf108=":{"valueMac":{"type":"Buffer","data":"z6oAc2iPYQhbw7iShdxI7sgZmsAgeNB/WmAVcePUr3w="}},"ylMWF91vVM7jPD3V32UYXQjjNawuomb1wrWsP47J4tI=":{"valueMac":{"type":"Buffer","data":"4eojoy8I75s5VwiIrTCw0nGqzTBGzLILY8PTHSMF63I="}},"ziVHa2mZkuofT3flR0sSiPqT4wsX18noN7kxafq3TxY=":{"valueMac":{"type":"Buffer","data":"MniG11LVWfOg8zfSMjP7S/bUUDEw6qniQbbalhrGaFs="}},"zpzPqyCEXnuCRA4kMhBYEnE51OjOfzqXbbTEH8I3xus=":{"valueMac":{"type":"Buffer","data":"6sxgSTpAk8PQp0D2wtjEMHwTAxhxN2d85vtB6mZ+bKQ="}},"z85R8hh885ecd9FC15i5B5MQqy0sb1rswhMUdwgKmMo=":{"valueMac":{"type":"Buffer","data":"gSzRDlwulwNauPOJ1lWSkY3ep2CsDFcUzT9cQKNgTmw="}},"z9BGNF4Qbjyywv1Cgh6ViFqrHw4Bq9Uf+paPCChJMnw=":{"valueMac":{"type":"Buffer","data":"jjwwGk/q3UfTjfoT9wcGri6aVe4QnMIJCgqxIzHXS54="}},"0VYE+mucwbeIHYG9mU727j++3aIFDSaGaXY8NHBp/kw=":{"valueMac":{"type":"Buffer","data":"ez/WRZqFq5EA08kve0vu8CeiUJtN2eNCjFYyNWF6zQk="}},"0j2TFNQ05PMYdaY/8Hnls6kH3Gbb5kOvizw5mYBqVU4=":{"valueMac":{"type":"Buffer","data":"sgcnyVqebh7OJuwpk5zkZ3pGVhRh5aNvzHlUZtOmVTo="}},"2MN0wURHFQcMKwMdKcewTpj5CgYLUmFwTsX/++idK6o=":{"valueMac":{"type":"Buffer","data":"fLMeE7ZcG9cSi9YflxRe2pCrQ8D6C7LqaQnpx/cOSjE="}},"2mMvFpIKnGF5KSyMTuhGslLVmA6ErpbBXmMYZz0DN+Y=":{"valueMac":{"type":"Buffer","data":"DDxHcc5cIZ1R9f7XnlEjpZvkWNClXYVtL4jnPbTL474="}},"2nPrHMunGQ4dHgnuI4X7k+Y2ehcyuIYGeJ3J1zvgzo4=":{"valueMac":{"type":"Buffer","data":"1qYdB3b8FrcH8V17/R4FiHfHOLqgT3oDffB/l1LdHtc="}},"28WJeTWo65Dbe5J8V6WT8klTXjfJ8e01zS4wJNNJrdM=":{"valueMac":{"type":"Buffer","data":"zynyBkAdmKk90RfYgyassz2iGiC6FF1mjuGcFqV+DIY="}},"3D10pA2b0yoO4tni7NxI4/PX/EKYN4dlXFy5rVrdPGQ=":{"valueMac":{"type":"Buffer","data":"F8ToM1HQs6JpHxIoK9u4Hbm0U9opLolW/yXCKb618lw="}},"3KgV8DvKKuQMTMA+hMmbDSL3Bykc/OKisxzS+u0c5EI=":{"valueMac":{"type":"Buffer","data":"6RNywYkjzA2pfp9auJK4NidaGuKPdecoG0OLuj3uSOA="}},"3OMzLSQ4vnlBdsMHy/zjBA0Y2XaXpsFUP/t/4oWMYPM=":{"valueMac":{"type":"Buffer","data":"39iw7kbs3LsJ5Z3Thy1lkW1lboRcTpQCeyCofh9DLRk="}},"3kgpr1uuNRXzPDD11VbugpF/nc01ClMOyNIvsW33iM8=":{"valueMac":{"type":"Buffer","data":"5x5C1WAxyFqbWH7EFZbP4vjmCJkW9cHuf1DJD1CXNz0="}},"3uC+p13e3HFVLLAjcvDCMuTPK2XOeMspHftfCjle2Is=":{"valueMac":{"type":"Buffer","data":"uYTO+4q6LqZhTKbwbykNCImvrXCcjcpFfNaVD5mOK7U="}},"35XK0vUiqxx9ThUQdDyZidbYt3DSEkk97n0G/p2GlYg=":{"valueMac":{"type":"Buffer","data":"T9WG+a8kAVqYNr/0axKVl4XmyRQs0EH5qxak5V4EGeY="}},"4vNWXlswEw9b+m+Qpn8S0mkB1nBI1pgZ5gvIIYAcHhQ=":{"valueMac":{"type":"Buffer","data":"Nyt/Myv83P+bZkfkZohXXlI3SeM75XTL8dVnM760Wf4="}},"5/PHGgWas8bj20xkV93Bsr3zKsC6cinVJXKnbQgBpog=":{"valueMac":{"type":"Buffer","data":"ZsZCL/0o+gVede6FSB7S4fG3aZldTDS3HD2jsShF7Lo="}},"6OWfRQJxS6u3ZHdJdw76lRkcXPmunYRUZOTCeL3IRvo=":{"valueMac":{"type":"Buffer","data":"2neOKqk9U+KhNxKELqsiTInZ3ojAsZF/srBal4uQy0M="}},"6SZOgOwNW5N/mFLCZ/GXj3yTfZb9YWmUK+JU2RvG65M=":{"valueMac":{"type":"Buffer","data":"bXU5nh4ez1TRcBvEebV+SXKcmUF3I4FLnZ3JXuYBTwk="}},"6YfVPOHs57TRQwqI3zFoRyqEQkX6ljs0hceBk6QGeHs=":{"valueMac":{"type":"Buffer","data":"4XYtzqLvqiNALiihqDnkFaYf7jVro3KGw5vrwOsrqUw="}},"7E2HR++W3Zr/rXHrg4lflRNVG69dqJFUWR5xEoT074Q=":{"valueMac":{"type":"Buffer","data":"C8+/sW3eiPE3WFELDE/gmXgG7Da3nCagxzYYthHZc68="}},"7QPKSaNghhhQrmNVntgz5u52N89gqChejo9iEt52gNI=":{"valueMac":{"type":"Buffer","data":"DXbn8ajoEvyAd7IN4QbdbNYJIUAOhnkEyPo8oAWFFrM="}},"7UpJpKTx1U/urjrJjZH8RS9oBGna9qhExdSO5023WYc=":{"valueMac":{"type":"Buffer","data":"Ve3e1YiDcrOk0GW6MsuXCQxQMUYsxXVOhNqAZaPpcpI="}},"7WhvgFmXAdBeW0i5Zmh/sEWMxFudlD1PJypvqJo7Vas=":{"valueMac":{"type":"Buffer","data":"UtKnqDF818Ew+RdzFsv8MvJu7afHgDTlj2k9Qhx6G7c="}},"7lj+boaRgsL/cErmOJ3TACx2/jtSJKoabOJT3SjP+tw=":{"valueMac":{"type":"Buffer","data":"Ys4lcN9TYRFTddg6TM6BKmbhIeyOLq9HYF0WYYqhudo="}},"7oGgmRQDrV1MvWZ/Zch4tSiEvJomBamL/p3jJq/v5go=":{"valueMac":{"type":"Buffer","data":"Q0Xfew563EcKho0lThMqMCQ1oJymRucFQPQy1lyUw/U="}},"8atIxFnR+5Wl48LeX5UEvegRbZzQ3SMVRacwT1P7YDI=":{"valueMac":{"type":"Buffer","data":"dpoDccLWovy275KFEK+auvR2NcoOCP0/XCuJq+/68+c="}},"9Z1iDIjpJj3uqB2Lmg7Yp2fyerQLUqFBgS1Eypb5oTA=":{"valueMac":{"type":"Buffer","data":"z0hxAh0MZKQ/uEuBMl8vaHeOSaIcb5zWxVyxbSkEmPQ="}},"9o74jv2xIpmKTsgo3lRagXaVi/Jxc4M2yRftfZBYSAY=":{"valueMac":{"type":"Buffer","data":"fex7h2b2NGWtPiNGVYN8h9ftuRLcLBb2uKx0FWq0yNg="}},"9yE8uFZDs2acZCpjYwXwHIdhsosI1nRhJ9829B+6yu4=":{"valueMac":{"type":"Buffer","data":"3ffiunldCRYEK4zTXj9NH+WfjfH3Yijs/7qRkIxvltY="}},"+BM2TMgTbT5fhO5QjZ9YK3TPnx9fCu61NCnkQAKnrbc=":{"valueMac":{"type":"Buffer","data":"CHP4myBYR3EiRH3qL7+OTvfkR6TBKgTiJpse0WQUiDo="}},"+C2bB2W2OOP+kn4GWkcbyueEBH2fooz2bX7QkQx2JOI=":{"valueMac":{"type":"Buffer","data":"2p3+6CyTHpqqlfcQvsxMSXEe0iyHkJQBhytVDSQaOKY="}},"+FCiCCpS65wWuN6/yIw3il5W0X7lCILtX7o1nVUBY7c=":{"valueMac":{"type":"Buffer","data":"W7ICw3RrJx6hdYwsAUnwc9/AeODMKuqaiMym7RYTLz4="}},"+kllvijKNb5zVARnQB87Psy9bq0NXWk5fb2xv3jFw6w=":{"valueMac":{"type":"Buffer","data":"je/boGBYAojEsgKaWEQiWzOd8IRSl9C/Mbv7XjwQ+vc="}},"/CdxxJtC/k4dbC+VpZkOlaLO5mQ3cGc+3UJd+V459a0=":{"valueMac":{"type":"Buffer","data":"mPEJwUIriqU2Z12G1VXvG0/MDsnfvEKEpuikDrxkaBY="}},"/Y716KxLOzwz4EsYhkYO+a8QqGDNViN5dKjF5NTmzAY=":{"valueMac":{"type":"Buffer","data":"WB3az51jwUdZHPSD3gZO8K9zzKgaFUahajWo2r8YnIA="}},"/ZZJf1fQ5Uz1LnfKkm+rGdj5yv84FpTw53Mc0AkRnwY=":{"valueMac":{"type":"Buffer","data":"6KUKRuAwjvLRqlMRbcahvSM8lbubqDzqRXr1O2ungzo="}},"/aTgAx4nvOclX+6BOhlA95hpa1eSYm900WD+Ok8m54M=":{"valueMac":{"type":"Buffer","data":"/zsJEggOGYDHbuCsjLAWqSt86X3+fY3DgCCN9DZPQ0c="}},"/p5eNFjYcIsDQY5UHIwn+bL//nVgA4kWo67ZDLDMf/s=":{"valueMac":{"type":"Buffer","data":"vJ7rPqcnj3pA63tfUIYJuI+JYoe9SNYnO5gFRgTKieI="}},"z6r9Ts6pgkH6RX9IdrX/eUDokwM24Q0f4JdihysqIws=":{"valueMac":{"type":"Buffer","data":"5DuBmYY0MKyPTOqa427mA8VexFid8iFHB+vndFGh8VI="}},"SPwA5I6ghWfAk24QmuPmRbiHsModGCcmAWzhCJTy2gY=":{"valueMac":{"type":"Buffer","data":"lOCXfVUzFxmSOC7ouWp3/0Y9oECzJoC9cvTDRtbd3WY="}},"Q9xhMNttDrHPfp/MpWGMCnjaQXpE8UpHkM5ZaeO5D24=":{"valueMac":{"type":"Buffer","data":"6waddB0GuypFHJ+32ajFHM8hdCxbm8v+ffBYzYdlfxA="}},"JFrt1/4pXh0hnY99wC68hrT0hAChroVILH5BaMRekmM=":{"valueMac":{"type":"Buffer","data":"mByVc/gXfcxLqxh55It7yOnPro4gtoNnW1vh/vebc5I="}},"pBj3JnncecQ7I4il9Lm+AgHD7ZnGOrL1q+4oz4UuoRk=":{"valueMac":{"type":"Buffer","data":"EBOgF8+IJb+uhsjjwWHp9lOfQyO0eK4eNgy4AEJ/TIM="}},"lsmAPO/rWjucJWq5iRwVHnAbT9/Aco24BiAfpXK2Rg0=":{"valueMac":{"type":"Buffer","data":"sfr9c4utpEI7eLn3shEEGCw2hF0kvdkgoybyc+ldLhY="}},"NPXxOmBqqqlUc+bf3NjgifTs3CvWx4CMMAZONnsdui8=":{"valueMac":{"type":"Buffer","data":"lPSrGis9kulHpE6HKyy6ABLknFDZTPLg3d3nI0Zkq78="}},"NlxIsNBUgOeKFtzE66Pt794ESz+91KGbA6CaM0F7H0w=":{"valueMac":{"type":"Buffer","data":"vLNh5wCmp7TdSw2o/hFvo/98JojEJ46wTSnZy/ZqZLg="}},"OU7PKdhwv4UwDwOHccPWJPTZWBdi/mZZhweI2ejm5D8=":{"valueMac":{"type":"Buffer","data":"zy6a8RuPL/NELY/6sscEHwEuJsH4cJKOgiBSkkP2Q8w="}},"Q6ukkO6m8eLFovMoO6NMEQRBf7fEMuyPIteAxbLKfM0=":{"valueMac":{"type":"Buffer","data":"QDwr0aPYaWw+MkF+K1LKkprppL/dP2DUwmWr5PrsLFY="}},"odzby6cOZLw3wO+khU3h9lm3NIjb00CZD9GjkD2Hey8=":{"valueMac":{"type":"Buffer","data":"hNrXTWfPE/r7Yp7Uf03Gw5bnnj7oKopJQFFnseAgmdU="}},"WQjdJsgxif9g/GsZ1xRH30oKhY1C98O43IrQRuP9I50=":{"valueMac":{"type":"Buffer","data":"p2I+8OKc3UECSLumTUWgtc0+oN4roxeUUpCXdBhkLbw="}},"ZGQApQ3EtjdcCzLUW7Z+uJsqJnC7vZe8TlavRXY50Rw=":{"valueMac":{"type":"Buffer","data":"faztx9kofubTDVos2MClfRKdf5RQ+962YGxlV2qYCM0="}},"1TwmVecoFfOV8LWHrQmrwZofGXUAsoCpxZBqN1CvrTQ=":{"valueMac":{"type":"Buffer","data":"4E/cDyi4NruYX6696gy/eT5xHHkyubWFx/ytHeUzd/Y="}},"M7w5ilrQ4BPQMlorB3D/MChAUS9USWOUMihY1QMfLdw=":{"valueMac":{"type":"Buffer","data":"K2z3FnOBGNqUuV81BF0UdfKN+Oi5sH7GbUgDPHgouok="}},"Dj/Z10LuFuCcOzhOiMCRhq95aJJHfFXaBDRsA2Gwn1s=":{"valueMac":{"type":"Buffer","data":"ABQtoKNRwyvUkaEiOnyNJr8Z2sDsd8Vu9//3L7c4U0A="}},"04zTn/bIQK2yZpKXYxMYzfXWOBK43Pv0oAX7DoD7fXc=":{"valueMac":{"type":"Buffer","data":"Fjn3BY9jmrWx7StnRHqEBkqwde3bY00UYwoKw0VakF0="}},"OVyy1gvaFWLGehkgj1ZG8m0fB2kS7fyxXNdq5WcZrC0=":{"valueMac":{"type":"Buffer","data":"528w0prVbfXLkeY4boiccXKdogJ3KBGGYgUlvV3L/Fs="}},"wDR5HLC2KExqZNkAzviMX9ngNFukvNYCiuRkQXP7Zhw=":{"valueMac":{"type":"Buffer","data":"nv7PsB3KjK+mQDufE/LvG+KynD/eih9rVeJxelAeem4="}},"7JaijHu5IPyii08E6WU/WtVh2Aw7svUO3mNCQ+WFB2Q=":{"valueMac":{"type":"Buffer","data":"ZSVs2lCQt6eUzJyImQrMch32E1BxkjV27wGGLIFTbuM="}},"B0f3NeVR5I4VaEpDCMYjGang9VezWITJkcMilk6bqNE=":{"valueMac":{"type":"Buffer","data":"kLqnv7swi5squxGNo/K3273dB750INHGQ55ZITsHDXU="}},"3O6ebtyPDHkYkQ+nEMswWkG+t/qKA4BKQYNcvrJ6bRg=":{"valueMac":{"type":"Buffer","data":"c9hvz8mAzfaib3ZZ4a/Dv8TnsCtlZE611SFt1WDUx/I="}},"bqkNJfXDsmpqbdgE0WJwIVlNEgcQ0Phg8KNyEuVpMOI=":{"valueMac":{"type":"Buffer","data":"WEEzpsnzLnQ5Nw9SYIFVJbBgUno1WpJhHh9e8//+cNs="}},"ULFtrKflxpuYqAiJK2+Pwuvh3NonohnpmkQeVmamilw=":{"valueMac":{"type":"Buffer","data":"PMRc/3idiUzFIEQvuLModd34S+mgPfFP/afoGx6zm1s="}},"iAKGobuBXyydPTU8cD2HeaYwolRgTR7Jbfh/hkpNucs=":{"valueMac":{"type":"Buffer","data":"EdxSOtAINbIMbVNy6rVYlMKYlo061Ez4QNHmewSNhMs="}},"U/z77gSamU/am9GmY9fgGPhw4mT4BcKDFC7hklhYas8=":{"valueMac":{"type":"Buffer","data":"GcR1RyIxT8vfTvCJmSJdg+5mTzaaRhaMG4vVvc1RyU8="}},"CXeoIFCjgBp6YCGVRZSmblOSZDXVF7586BdG5Xy4LiQ=":{"valueMac":{"type":"Buffer","data":"vht8eWQqiE1TY2uay0z+Y9xcRpIczmUh0XtRpPnzxdc="}},"HW6/wlthTO7e7J9bq1ZEEj1k6tSL38MW7U8Z/qwEbAM=":{"valueMac":{"type":"Buffer","data":"FVHfigtZjkvNRgrF2HQXBoLZIGjPe33Hcz94+TfwF0w="}},"N/GoYzzVDcWWUeYse10PsSjv6kxO5CRcv9WDnD6bIjE=":{"valueMac":{"type":"Buffer","data":"9gF7zyuuqz6dBGZQHNCZOZ5yNbYgkCg2zmSU9ncpOLI="}},"SJuvpAdfc+4TKXCFk3gtuPNOms2PuQtSLk/iPZZtD1w=":{"valueMac":{"type":"Buffer","data":"va8Qj7TQR0v70bedmP+zk3KWEQbz1vq2Ln72T95Sax0="}}}}