{"version":80,"hash":{"type":"Buffer","data":"2M84Igd47SNQsGdVaw52D9VZHcjuqeW70q+Po0beCnB+8XwQii6Oy/qbcYXK/LuKS8GJS0jmPqJWuXJtwGeFVJe+JMJ1jjpvbowFmVOgl8ZtFiP0uCJr+kaX3JeuJ3D4TNgazqub2ts4c1ilCX/LCdUQxJnTHa2VNLbZwvq5inA="},"indexValueMap":{"AD4fimYwAnO7pvihfQVb/hfKNETbBRul8YerpgUziCo=":{"valueMac":{"type":"Buffer","data":"nrF91QA8abopkbHxccmx6SZk53kDKTISSrs3X/peQSg="}},"AVSb5Ywcfu/c2WHOWzZ2ilY1hG5cK2z53MvX5+VNYVo=":{"valueMac":{"type":"Buffer","data":"YW/XH2eGVnkDXR0HUNNoyi6nX7hZ7kGlWL4AG7t1dQw="}},"A0nGK7jqcj5M9SqxROvKl5TwXzplkYT4TDlxg3lRCWg=":{"valueMac":{"type":"Buffer","data":"yoBXfSoqSz7oM8kMO4iVhMni79YYDcUTMcRX/QuTNTY="}},"BJiNeMa46aMixLlQog5m9oTYGcX1nbCBGHZRjXKvZuI=":{"valueMac":{"type":"Buffer","data":"t6rAUYWwVKLOfndzCGYISDz8J51cXubZ94U7h8SlmZ0="}},"BK4kBBukY79dVzsSfgK0CUoQcxqa6NuA+DnJTcYl0KM=":{"valueMac":{"type":"Buffer","data":"0RO/UNnPhOGWiCaQS6Z9ftcluACM1j7jEuRWzHMr02A="}},"BL86a4wH2sn+SSi86xwMZqb2/v3I08tjKTHlRlh7B/c=":{"valueMac":{"type":"Buffer","data":"AlpebOQMz5sLBA/bArqMI78bBFC/WdEN8ZbGWPW5W0c="}},"BcFqju+pJtONaKdOmk9pv58Sj3P8h0XvDR94qLG/VBo=":{"valueMac":{"type":"Buffer","data":"mJiL7W7LVKflKtWl+5p84qOEUWDrH+bPMq349LDBpOE="}},"BtGeCZRMnCCiiTx9CDpZ/4xgtAbOuigbZs9arIrTStE=":{"valueMac":{"type":"Buffer","data":"VV5exzSOr3WBlYEEpfOXJ7UbvrcbwUUVGCAiSprB2vc="}},"B3rcistWoToi3VQFV4MsGhuE6s/TJjTlUF/wwSP2T5g=":{"valueMac":{"type":"Buffer","data":"i4VficAafIYI6pDi50AArBOLRHnzaX0BXK9dTHyhppM="}},"B9kirKVIrnbhjGUNEEBUQhlQQuStFQJ7dKOs5Zx51c4=":{"valueMac":{"type":"Buffer","data":"F0c8LHLf/+Rr/NGXEsG9osbJSL+hD/Uh9XyxSJQTvFE="}},"CIAGJY/+rBN1wyx01aztW+sa4kmE2NHpv2NbCc+JerY=":{"valueMac":{"type":"Buffer","data":"/1ntET9QcvJSj6UdK0ml6J6T/GlF2ylw3rQxWo5yozE="}},"DeR2QYjvasXT0vTLVr231nihLXCHivfpL+FCOsmG/e8=":{"valueMac":{"type":"Buffer","data":"wI/40776lOEcjkZSokSQ90Fphi0Beq860dhYMwc+Ah0="}},"DkXLlwwzPqsil0XS/qG6QmHLCmGvqCTzLNFsLoYWBD8=":{"valueMac":{"type":"Buffer","data":"LwxjCz8oKE4+bkPdY4Y/Fd4bC1lD1dBnqbWzNbxf7+Q="}},"DxO6umcx9mSoc5/SqK/r4h8jK1MQbNL4y9Qfv7WyUtE=":{"valueMac":{"type":"Buffer","data":"zknD/JISoOApNwFDV/+obGYgMIkvTk4AadEAGO4fyEc="}},"EekFb8qV7rwWBFqU1BDDq9xEOLxcd8SyOBsjZhEHUR0=":{"valueMac":{"type":"Buffer","data":"cAngkmakpil9SxcVzK+r0flO7FSuRRmGOSQiwU+DtGY="}},"EsglKjPGJn+Cmv/3ZoCYqVDB8hVtsk1/qdULMzVihKM=":{"valueMac":{"type":"Buffer","data":"/6hD+fbgI9rgaaLQf7S48ZlMjguTGme5qRn/WKdRFak="}},"FBTmeHivZz1kvprhEYa8t7S124V4duIeTdCpzUqKy5Y=":{"valueMac":{"type":"Buffer","data":"u/N+3w8CWXGU1E8XFU5twkHB2OOuPnD+1Z4v+UHtfgs="}},"FCahCyTJz+24RCgdvJX8wcCENP6UU/y9hggeO+Bs/TI=":{"valueMac":{"type":"Buffer","data":"i8H7kA0EtJQmkOzWkkzIilpmFz3PPqIWnpI/nh5jJ7o="}},"FaaDk0gcOG6qvGai/drkxY6JEvcNrp0j+s0Acl6eDZ8=":{"valueMac":{"type":"Buffer","data":"UbWMAT54csQ5QuQ5YN8e7qsWuxVnRHHwiCzKy6OTcNY="}},"FjD8bPCt0LJf9Wlow71L/ULNHtHlSYNIFLbuc4/ICOY=":{"valueMac":{"type":"Buffer","data":"/XsG3Ul9olJI51w2yN8DiCDFKfnKCgi3FLVhbWi1KNI="}},"Fo4581jWbuWsuabpJXzDZbRmJYIMzMsSwojuNT1kJl8=":{"valueMac":{"type":"Buffer","data":"oli4skIhSZnkEQLb8k63pmHDqIAaU9V+UZXwztTH8y0="}},"GMHhM+HMikJFv6phU8k7CjU47dsUvZUvJRzrVbacVvY=":{"valueMac":{"type":"Buffer","data":"yaZEzgPsuD2VReO9ahLufjr6Wjom/G1ERqgxQkRUO+U="}},"GQoaOFYSh/H+cLL+nVvKWQdiHtzEVBnIlhkGGDKCZgo=":{"valueMac":{"type":"Buffer","data":"6hc94nvu9Ypk7QaU0xAgexcqqS52HYwkBNjkXFwlUAE="}},"GZKuq/+HAYJyPgoJGM3w4vx4SGjiSF3EYjmUTzoyTdg=":{"valueMac":{"type":"Buffer","data":"BjTltcXeVUcRhWn9Xr0WutMF9vAfiNZVkLedd+iKBV8="}},"GsatLcUmabvNtnM8fevkWgwaf6ZeRRNA05UeZpj3DDw=":{"valueMac":{"type":"Buffer","data":"H5m8spBobmpO5NAeOYIsuSlRUfk329mHC5IYJmSL60I="}},"G5n7hZrjDnwL/fGpzqHb+BRFmFqYgq2DfhXvbyaItZk=":{"valueMac":{"type":"Buffer","data":"Zy6Yvgc/23/6YswabNyx6GshqPkkSFdlCrizyOpiEEw="}},"HTVa62iH906H5e7teCNqV+T6JbPD6c8K0F75vzUR0nc=":{"valueMac":{"type":"Buffer","data":"nTRTGcro9kaqkfdJUzbBJVnSgbfaJP+t1IRpET2MwsA="}},"HTs/t1IepZjZ4+VMBxiN8XAnbiTjTz/+k+K3p/HK7gA=":{"valueMac":{"type":"Buffer","data":"rjKrVvBBX+pUewQH9MqcASxdzArSSK5h7qa4fvntqAM="}},"HbzSkR+F2UW+GT64v9nWxUTdvn1SZckZxWrNRO4DVUs=":{"valueMac":{"type":"Buffer","data":"CaypmuG+fxr9peONSX07OUFKp5Q+rSgfE56RqVf+mNE="}},"IviwJ9vHbmcDkGR4CrX6zRgiCEwc2Wxs1srh6vZPETw=":{"valueMac":{"type":"Buffer","data":"lA7lnhvdHDBaEiwV1vboMb3Au83N/74M0BCN9PSOnCA="}},"I36jTWATlRiFcKw8A7RItsNvydkJsDAHI6PEVkzSJdM=":{"valueMac":{"type":"Buffer","data":"4+DF4POVfaCdBXhP1IHG+FXII1/CRqs4DoEZ0PQQWSA="}},"JJx1px6x8AqENNXu4bxVJVosVJ7TdyXkB2Ych1TBuFo=":{"valueMac":{"type":"Buffer","data":"d3+TU15ohSTlWThIjsgBJWWqf1oTnDr6lTAYp88v2iQ="}},"Jg1DFX45jfqHeFkJ9ZXH0I87+oW7ktwRX0AonHSxw04=":{"valueMac":{"type":"Buffer","data":"uSlo7bctVSyYjHKYBzfVYNNMdseRww5iDoy38PyPC3Q="}},"Jx7sQGvM/2q2dJkIpOgcwT3j1FL9lJl1gMixpR+AhgA=":{"valueMac":{"type":"Buffer","data":"0FonqKO0qe+Q2gKpmELlvmTOWxwO9fpPzWsidixovDk="}},"KGNZbirINlLq6DhnpM9vHJtfakRMo+fBCu/ULfyrpoA=":{"valueMac":{"type":"Buffer","data":"zARQzNSmqU/2vgfN/DUG9rXl3MVUX4wU3bUdVg/SrNg="}},"KHrxGteZr4ertxiwEpZ2DqjHeWtVoK1DcN409qCXzZM=":{"valueMac":{"type":"Buffer","data":"222MkjflBag/KZmBgc+LjYFVcW3nphNmiGCvsTZYHws="}},"KWWg0sJFdZwx/gegVvHvYWtJy/su8qU0PYhZKDDg1HA=":{"valueMac":{"type":"Buffer","data":"4OB/CGeAfnKFAAFoNdPAvsP4h/geNfAaWmiZUEmu2Ik="}},"Kd8JqiUfv626xXiIW6hI8dzLsTYqUtG4whNvLlrJuNI=":{"valueMac":{"type":"Buffer","data":"BVZd4oxjYVhJ87ruwqCy54WhCLKVEvnTcuR5VGaweQU="}},"KlqccRPEF+kYlO1U8kRgD8rJbJGbGg8ox2iU8SAu5f8=":{"valueMac":{"type":"Buffer","data":"fLY8CCGI8hMkKeJlBQf/8y2e1bGxHbrv2OQZ41EZdzk="}},"KxWDK0PjvtP2wrsHLIu/sc+ctGbCLsqeLuh3UJai3/U=":{"valueMac":{"type":"Buffer","data":"rBJ09I76jYSMkrDMs+NDcRzT7QhXz7jTRQT5w9001uo="}},"LWEYMpgu0OqcCIl9c+uTCDdVWf35/NZchKN16wo6l4Q=":{"valueMac":{"type":"Buffer","data":"ST3a9HKlYVRjsD0FpjOIYMd+CTpCEPI72dPByq3C0ag="}},"LcnoUVUd+s2Jz1Ag7HbhpBZoupMjB8P67WBjbmK+UqM=":{"valueMac":{"type":"Buffer","data":"cQM5AdC8w4DaNbZ5bLLSSplVFP5S/nFoeBGuUi/mrNc="}},"LktmxCU+lI3BsA7bXDNj76aGauDCCisQSPCx3/Qurt4=":{"valueMac":{"type":"Buffer","data":"t5tK5mJxQYK2ms47/TW9frxPtneT+dW7yb9rNXX7dBE="}},"LnY3GpVkvP7KwGrYQmvVcu5J50c13fzbN7LhZlW6QaM=":{"valueMac":{"type":"Buffer","data":"YsyqaDhAjBQl2A87HJXTxNGw/6FzRAQ2M0DqlKuIRho="}},"LznOtyBCVBuy64dhvK5uJtBBdxJgkhYBdj7gwkVVxhw=":{"valueMac":{"type":"Buffer","data":"+ojo+SMRoy3kczkeBdwWpSbMwq0o52S5bAbzqFm5Ie8="}},"L9MG6juw+AN2jgffCbaagwHitl37VS/tFv58/SsZOYk=":{"valueMac":{"type":"Buffer","data":"zrjudiB5ewFLLdbj2G2vx/SEIyZlg7EMmUN+tN38bDE="}},"MmCa3/FW7ZXC3A5rrV2YVVF7ykVB6QLd7XyyJ6cR2SQ=":{"valueMac":{"type":"Buffer","data":"xLDnRr7X9+OyeKvl6JEbFi7R4A/mRSD65ALGEfSSUKE="}},"M/Ujo4TuMwStd9YDjO4CJ0mcs2J9TpxtrDBs1w/4YBA=":{"valueMac":{"type":"Buffer","data":"P4xVe9yhoZ9CDuvvtzM7sWTokhnuI+t1OGf26pyQpFA="}},"N4VJ+ziF24A2fqccq79I/ilLzz5GuM9QFpji79ZOdDI=":{"valueMac":{"type":"Buffer","data":"6hp5oyjiD1BIIGhfShiJ6CxNRmowS/t1hmHWM9YFp6Y="}},"OAip2VYl4aUeFoyTfqSTKC6UecPjQ2W9CWTX+UoksHs=":{"valueMac":{"type":"Buffer","data":"QOBly9l4+CZD3W8Hpbi02lanD34FiwFOgPfBAS/s7q0="}},"OG63GfXGRSNKo62K8vd7Jto9OOIkz0VsPKDXfgOPx+0=":{"valueMac":{"type":"Buffer","data":"G/HMqmcqA7WSjhYMu+7GR9QEM4XbPEiJCQRgU/gCHbw="}},"OZ8C5S7cKN3OAY8gAARMAY4iiT7QQlHDPOaRoN1mWXI=":{"valueMac":{"type":"Buffer","data":"wIqYns4E0CzATzjv5NFOT4SA4bqbNBuBSJgEmbOlMKU="}},"Pl4fVjzBH7tTvclTEIoL776gkYdIUAjvJF0ditU0KPc=":{"valueMac":{"type":"Buffer","data":"d+E28NoNosGfxmZvoSMlH4M1pLxB0uIKga3SeMjqGJI="}},"PoJVNJu4AVT4azMMY4raqnRwKQpnmClhUDdWRrGsdWM=":{"valueMac":{"type":"Buffer","data":"WaxvwIFEozmhq79c/zLraRTaJuQgkOaeYk1cGAMv1/E="}},"QE0Ion6MMLfRn84gufvjs0BdbcxIEjomrZafIne0CBs=":{"valueMac":{"type":"Buffer","data":"koFfcgaJMGXr2sQxzI3hiSGjU7/buUnLL9VOnqYtaOU="}},"QSSlNPZt0MpviFVESQe4xWpDS8GY5vREanR1Zq935+A=":{"valueMac":{"type":"Buffer","data":"ckudFbsqShXx5HbCXOdmGcspYjSk6LzKSV/0LsetPUU="}},"QYsMKU7Vlc3LWxeUppp+fcYOpVuyULvfDnejvxZSv84=":{"valueMac":{"type":"Buffer","data":"okpQDVsJuul+3068RSQOtfsqOnxbmIbrBSoqsap04yE="}},"QaijFcBmSkmTGFnUnASkXc+ROifbTUSHLB0qTNW0Xxs=":{"valueMac":{"type":"Buffer","data":"RK+UcMAnYYDF/gsECbvDmQqgC/UZLsHQ3++WV0NouBo="}},"QexpabEl/ZfBOiYmeqB41Z8gXvqJpq3pzb6YxSit0ZM=":{"valueMac":{"type":"Buffer","data":"tRXXSomJODVQG8EKJm00X0qlQdEq5lriBXh9XinlH7s="}},"QruxRMt6s/O/6DeofyvxbNa1eqVuKLYe1Mapj+BOjRs=":{"valueMac":{"type":"Buffer","data":"thI2+QWwzzm4hYOSeJ7kXChZ0BplNbQuCv4sa6Y0LWk="}},"RarHyvHCoo76mr8Pv6LF72r4EgrvskQ2xQTe0NLWpnY=":{"valueMac":{"type":"Buffer","data":"GvYl82P0Wh7xdKJV8RklLOvshHkW2m/rM3cH1FAMVrs="}},"RvELd0VOjNKesY2pDzkgLXGVSsJmwujm9HDuuFz3PNM=":{"valueMac":{"type":"Buffer","data":"otY0Vwjmn/UVMv25lNoUHhj4C5ABg9dlRZEcBM3GtvY="}},"SWZvhzs8/2fMkUBr82iySIMNQSlrezVAId6n62lksFQ=":{"valueMac":{"type":"Buffer","data":"71zsbAFhwlMSJXf8oy3Td/rUyNcP80wj10W0Bs7FIFI="}},"TdVy8Iamng+hsbGyrZqxiClLcy1Nq+WTA04/34nr1rE=":{"valueMac":{"type":"Buffer","data":"3L7PJUPHadrHadzLul18rnK3DPiPtvaO65gNup45alY="}},"TiIqYHLlIvfWntAiFmS/vwhCcTCu1EsP7biYC7KLq/Y=":{"valueMac":{"type":"Buffer","data":"DI+H0dmKDdF1HPiq0QuObHgKoUwZ76lz4j9iFb1XYyA="}},"TnCLob0w6+Dxb/RQiJeZ5IkXhz3JVXuNgqZvcxEudLw=":{"valueMac":{"type":"Buffer","data":"lpYZ4ozupUCxj+eW6EDuIaqXPQL89qRa/YNJgVK3iTc="}},"UHFlNmRcdK0rmYeXecHNlgibL+nrvnHlTWtRxpapCXQ=":{"valueMac":{"type":"Buffer","data":"WJqizKpi+RXG6xbphupBFUOAoN7QXEZq0p+RheSMbTA="}},"UHSTNAIKwRu0bGrHbem2SK47eCA8DSNxbiB8mRIyANY=":{"valueMac":{"type":"Buffer","data":"WDJWBXmuWSLDnz/5kO0xR1ZzbCOvuZw2xc84l/YayGU="}},"UPCSUdbAZ7dg3OU/0S2gHlF8T85xUGAyzPHSak/VLAk=":{"valueMac":{"type":"Buffer","data":"aaUyjxMmrrG/65jRumNQnnnes/CrD5Zm8iEQCDkx9xA="}},"UeejCFIQQPrtes4CY46mdTaRCNi4umjK2YdpbkfVRLE=":{"valueMac":{"type":"Buffer","data":"kiHquSYNRPyYsc2C8tLMixxAm5K8IFYXclQn3/a8Dzc="}},"UifkQZVTFAaqpch5MEgEMKuONfmwCWGWE8FZhATwKo0=":{"valueMac":{"type":"Buffer","data":"SDhwEbFkpEAadQGonEJFNLdz3VbYpisnw+MSfCm7/mo="}},"UnBepQkELvDnFUiaqOGrCKVsyzE2lPt/Qjar6ix5uOM=":{"valueMac":{"type":"Buffer","data":"K5OC/OG+xL5UDaW4Jiv8VhjrNc0/PDWDhx/iaKueaPE="}},"UzCB1SoOJNz6mqHUojKKPbZ4pdsIguqmrt7kDXqcQbs=":{"valueMac":{"type":"Buffer","data":"JVBLcwp/l23zjlJ+dzEqQiHiq1q5qjd3knpXfbqHOII="}},"VNKjpVSah2Nu/vxSbDzWeQ/IUYcqJclXeHRlDrPVsZo=":{"valueMac":{"type":"Buffer","data":"v1AHtKlcSbkXHGKZGyO7XDSaEE6vZIEgTkmCVy1Hujc="}},"VYEokvPuaOkVkQOAAusVO+vP0T/Ke8FIVyrTEv0kZNk=":{"valueMac":{"type":"Buffer","data":"VMrByb1/Wjmx7rcH6Ax/oDinMqarK/5vJn/NJ2d5WQs="}},"VdycyxXJsHG/eiW5YjH9cuzStwM+yH9FVsiVZ5+tF2w=":{"valueMac":{"type":"Buffer","data":"C0CnKlAmahHzE0pjES4+oifz39lbVJVpY8WDLdn0ycU="}},"VgP2LpKmzjXWgIUmitYpnDkWAFAF1pCL+CGOfCGfU2s=":{"valueMac":{"type":"Buffer","data":"BVw/oqJOxWJN50JqWobpBpupNajBEVkgddVodqgzY2U="}},"VkkGm5RoJC2Cd37DFrnIqWTUm7KcT8IGrTvo48yh4tE=":{"valueMac":{"type":"Buffer","data":"y9w7QeTGqpApNOrYfYgrmzCjJXRDxbKSPMp+7iHV5V8="}},"VroBHcCMF9s3jpEUZfcRoQbrv3DZnUwc6PcuPGdZZ90=":{"valueMac":{"type":"Buffer","data":"DEZ4toPEo1ajmm42GWdO8pfOvBYKtZD/3t1tZgGOTAQ="}},"W2zWrpDb+YFAlEP1XLvkI+gsvxLY32qcfI1SbHm1a9U=":{"valueMac":{"type":"Buffer","data":"gsQjB7EEIK7B5FshAEE9PTrXhwSObWQl2KykSMS35bI="}},"XDHv0PBGcO+HN+CjBW1tXyrbYNSxWJfi6RKkjZ3SCdY=":{"valueMac":{"type":"Buffer","data":"1CwaqOosMh21N+bTqhyVzt6/n09Lom2cpPoQMEA0Seg="}},"XrCYwsDpIcKwt97lQ3ECKerg6cLf6hpkOrn85ClHKkc=":{"valueMac":{"type":"Buffer","data":"uAod5nd1aI0FiSdBSYkK1QvO3+zfwXvu6gaHHwvj0eE="}},"ZArBoSEyS/y97OfXyJxF37HY2l9hdFudg9IEwE0XoBE=":{"valueMac":{"type":"Buffer","data":"IZdyjHQZorQO8AxYr9MYGLZlndTrTgXFy88Q/FDC5V0="}},"ZSvzJpIOhq5mQSZLGxdIZNiG6YJOfrxQevddP7ihDX8=":{"valueMac":{"type":"Buffer","data":"ZjYcRuGaAFrYDYgXLoHQdLghfQ2UxNcJtYMJh91X6kM="}},"ZzSHvO9ESCGgPKnDIJsQDtnh0WofrX9OTimgKM33aSo=":{"valueMac":{"type":"Buffer","data":"t3OJbEg9ecrVABW2cX5nKGpYS2PRqpSf0iH+Q9U2ShA="}},"aBRa/WU8wIa8MJpm8yMz2KaIYKole4S0MQCvVItsB4A=":{"valueMac":{"type":"Buffer","data":"21JWQeUUEBOTQFa7dDS3F5jYo60bqDHGZg5pEoFinNc="}},"aRtuJS1qWkVhQ3wPIpzZ/jTaifXONTrvo2E0u7ZCWjM=":{"valueMac":{"type":"Buffer","data":"YF4MkR4s+n14y6iwW1o5TgOKNuj6GVyHFSMruQn4ucc="}},"auk2EtzfXB3WMWBgqD5OaqEpgIdl927cldq+W2pCEJw=":{"valueMac":{"type":"Buffer","data":"M5Qhyw0XBcUtiYBpolKQEAstl1BfGwdegBZPBVg6kaw="}},"a3SyH17nXpO34eBJHsCxgz5UbXIA162vLZeD2vA9nA0=":{"valueMac":{"type":"Buffer","data":"75kx8C9X2/9959NrdkBgn5TOTFahUUyH+I/B7Bq0Ky0="}},"cDKrX5kcXNdk1vwpwSRyDpWY7O5P8A/cGDm6HOwLiL4=":{"valueMac":{"type":"Buffer","data":"P6Us5FyREabI201mFh8Icg/5nPYKPZTo4OOz/vollnQ="}},"ctKI+vPKa/QXP0Tt81Pm9TqzarsHfkxve+9dyZbO2is=":{"valueMac":{"type":"Buffer","data":"Iq6xWKdWs8ae7CfJjLLDiWu1JcMPZ3QyAAvHKzCGNxY="}},"c32WBxp07d7+kILpx8VpW9QvIKocNKlRzAbb7ww+3zo=":{"valueMac":{"type":"Buffer","data":"WT48NoEMewwUTnKTvb+jQIPoF7Pw40RJe6W1KtsMFkM="}},"dx51HphON1Wk5UjbfU7NUwtnyFk0G4uIzAJ/veW+d/o=":{"valueMac":{"type":"Buffer","data":"Exw/bRBzLwk+a9R5x3NLGsetQKBpoyPUFEc+s/vHd/E="}},"eQ2WX6UQpVo7bqOKlH6UCvFMbXMVfrwYgvxPuz80Uak=":{"valueMac":{"type":"Buffer","data":"ErEenrDIFqjDKqJV6SF+nXjQSi0lwaR/Oa7Rm0fzGuE="}},"etwb/AWuk1KMyJr0iEJlO2rBDr1Q2IK2LtSzlL1shiY=":{"valueMac":{"type":"Buffer","data":"3pxAL1AnAUuC8fvHng0a9dAvs178u7HqrDcC+yakLmw="}},"fJJvbflmnzRibpeDLooLsEJAw1vp34IcEPn5RVbr4TY=":{"valueMac":{"type":"Buffer","data":"xlOcC1RaAVSi9opk8eZ5eGG4WIyov36TI632VXu4dOk="}},"f1gr6vbQyhOZCmcnPtX4fvzDuIJZf2rcNoWCdYdTJhk=":{"valueMac":{"type":"Buffer","data":"jQk80gnrXO7Exqi/IXo/aPeKo35Mci7i+gItkcd69tU="}},"g5DhH/Y6gk5wcjDKQgpHeZTCC8qco7yx+3SFUOEJSIk=":{"valueMac":{"type":"Buffer","data":"PL/Pb5fRuYjewQbBL8srVRn/3ALkOKg6ZP7LQtM1iQI="}},"g+R/Jww6u11uTWUEM/ifXrCjNYewaDe2usUDp1+HRD0=":{"valueMac":{"type":"Buffer","data":"5MWkQVz2Neuf+cvkifhFJ3GT8mxgYYT+inNZ6kB1QI0="}},"h2m1I4fux18Q9uHrEDpSUoUJsElpJfEIfWDTBgRmQCQ=":{"valueMac":{"type":"Buffer","data":"mZ92duO9EJlW61cv510Xj8woB21tzwZGHHo8Vsx1iAw="}},"h4byT05fdt86RqD50YU+GWbDcp2/aUsiXDEae2nvzrI=":{"valueMac":{"type":"Buffer","data":"SKY9wdmoIMkTnj5ESIPqZtE6hs79N6g5/SgncI55ogQ="}},"h6a9h7SfT0IR3z+k9A80yf6JW/WvjFr3eOmVA90PPXc=":{"valueMac":{"type":"Buffer","data":"6BwHrTSUZHT+VFOuCfWNGMDZlL9F/HAuRmqfMfwda6I="}},"igDKQHGgk80EykiAHcEjwZBgP+AX0m83Du5OGou4IS0=":{"valueMac":{"type":"Buffer","data":"J7W9A+LBfubo429F6/1+ZsjRFgwj+8xgu3jMkiJ7uR8="}},"iqlk43tiK5QYc2HRa5TXhYn/70d17c4i/3M+6KVJtfg=":{"valueMac":{"type":"Buffer","data":"Dcr9T4TL6IxPDZHYhMNZgv01LaV+NLdEZckGc1zjboA="}},"ivThwoSYYZ5j+ovj/RkNvvpQBTdK3Sy9jbivnGV6MVU=":{"valueMac":{"type":"Buffer","data":"L7dXvKyUGInoezApUy2MiGe+xyFZv4A2KA+6GEz3Jqw="}},"i2jkqCQ1SkblMn5yE+sDCeY0WJwQ0l9ASvM6w0ivdCk=":{"valueMac":{"type":"Buffer","data":"t0ri6utyAj//S6MGGFiaFCZJKeDWaWIuHR8ELa4iojg="}},"japL+ki0HmQGflisq8gfhxYJZ/PdTfgqyYEXZVGNDJ0=":{"valueMac":{"type":"Buffer","data":"Mq7Fj0BZt6GEEdDt4P7aYfV6H29KGjb97WbfwtoOYws="}},"jsf2vJsE8DmT0dugoExgHIX0cHAGUswPrCCI6pN8ies=":{"valueMac":{"type":"Buffer","data":"hO4ABjmbPrD4iLt17tUGe7GZLTkLNXd/XmY//NGxufQ="}},"kmDUlxfl7k/06dra05MfLVrlUCepvwbn1XQ8WuRkSVc=":{"valueMac":{"type":"Buffer","data":"nR6RM70i4yF6+pMZ/XApfb4cx+Te+/GoPbM91YU6hCM="}},"knHEogl2tkAkUgL4PVRE6ACPzuP52Or2i70HovABMN0=":{"valueMac":{"type":"Buffer","data":"5Zr9EvcqTzYZWh7VtFQ047gKe/GVX+lSuI9ucZxzXwc="}},"k9OvJp9unipgD1QPiAMP3cdY7ZaD8qDMZxmNKUjdPdE=":{"valueMac":{"type":"Buffer","data":"dDjENdNIbuldV/S13x6DoPkUgROtAs0phAgwkawlEeU="}},"lHhgwB6YyuygN1z04x+b1NbGW5U/MT80ZzGpRYIt8wE=":{"valueMac":{"type":"Buffer","data":"90Pt2CikzI89sriDk8XTr34sJeq5rZBxyrn6KvYPhIE="}},"lMY+V/RSRVgRRxd7drFpLTZFPepmiNFo49vOZFv3c/0=":{"valueMac":{"type":"Buffer","data":"K3+dXvKJ8kebImr/jmvpLv19PpRYd3CsJHaEzqgYlOY="}},"lMy9cB/jeqqE6NLFUcBP0Zkxe4GUgs92wSKN+cimCfM=":{"valueMac":{"type":"Buffer","data":"REq50c8bGXd4Ih2YmKSVP7fQL6/kmTKENUICSrOQBRU="}},"ljEM5af9laRiZcfEPD6AMFArVhpDKz0NEEK1mePJaik=":{"valueMac":{"type":"Buffer","data":"MYhFJODIUT2Q+vfgO0iTF+BSNtEVwTE6sXfFyiilHv8="}},"ljYZsn5ud9gxWr4HKE33aDCbcm2PrRd/jUHKK8Xjw+s=":{"valueMac":{"type":"Buffer","data":"gGzFD21vDa0RcxIX25kCMUwmYoAxSU090S3s3xvVKGc="}},"lwXiTchzJ/5rse/0eDN3MP08S8u0eTLX6JIMapnbIk8=":{"valueMac":{"type":"Buffer","data":"GF5LEYaO5P8G2xWfBfrreMU341VdhluUcex7rNhtmNQ="}},"mcBYLvrjFibuXu9emHdvN3lZ0QyLTh4acLGQwi/i4e4=":{"valueMac":{"type":"Buffer","data":"wbspWXh6+BC2nJ0TqEv7aTCn+ppv01FzdDtc9wv/2b0="}},"m0pJUUXXb4vABNqIhwAA7udSzCgYnOeE8ekXaddMBYE=":{"valueMac":{"type":"Buffer","data":"+mpRjyK31DPAAyk86dexiyJ6gUM4h1VEPyixDY0eaKk="}},"nKNJs8ppZ1pjuDR3H4bxJO44HhZ9WG9+wnzB2Cy96pU=":{"valueMac":{"type":"Buffer","data":"gAvJXp0kH/KBLdGE/wihcphWKi6mBa2ABJXH7syAsfU="}},"nLJFSE34xo+FyAZBpGre4Hr9rNc5fjK/zyQKs2ULB7g=":{"valueMac":{"type":"Buffer","data":"wb3oz+otWeaQQUYIK19XSvqsxLFdcGjEmXbCHYpJFK0="}},"nWHNwPZ31sJbvK6e1BF5+JIXccaP4FJgLv5JbieAm0A=":{"valueMac":{"type":"Buffer","data":"/4o0V3/pIAZ1TkVC22MJ5igErQ0v7Roi6TPSGVgv2L0="}},"n6iarIH44Cg//RTrkO2ZnqUe6+G4DAb1WI4imI/J9So=":{"valueMac":{"type":"Buffer","data":"IW+3zsBl9NEB4hvBAMLvDmuSojsxC7Uff9Rzk7q32c0="}},"oHV5kfDof0WSieoDVnnitcGCaL1YhBznQdfXj2l8WCk=":{"valueMac":{"type":"Buffer","data":"mGwlmaihWZTkZKvWn/gozL1taPS9KUQQJ7ZxkxeR1DA="}},"o/wJncwixeTPOJ+5F/ttz5CEdBJdXqGEbMJgVRe5MZs=":{"valueMac":{"type":"Buffer","data":"MSo0vtsYeCEyXW8QsUGNN+ibvjyaPY4Q13/RC6A0RCQ="}},"pMWiz1hIxTlB57/GJ/CUrQa6Z2WbwbBrvMhpm/Fhm/o=":{"valueMac":{"type":"Buffer","data":"4JjOhIWQUub52uaUakPS644Sq0DQFT5rtEc0UnLEkgs="}},"psJ8jLtAwMk8ZoXSZhWmz30CNznl7p+2CvPa/Q4gp1I=":{"valueMac":{"type":"Buffer","data":"t0Lbtn4zBbV4DvRXSryVnTWJMB9R4jmH8pLVYwtdDZY="}},"rHAemsh/pIQnEgIp01G7pfzovrNnNyY2FFLogvyxXSQ=":{"valueMac":{"type":"Buffer","data":"Th45o5XXCtsC6/LnqvL3FF+TQopICz81vmzBTjd22BU="}},"rafWyUXvzJi3J/HV8u2SdEGIyDWjx3pXpRBFLI2srTw=":{"valueMac":{"type":"Buffer","data":"ktLZRPRrSqlxT6/3SA2HdMRWvyVlroHR0wD1rd90OEU="}},"r5W3J+7xioEe8c5UDrfJUkNos90ZKhurrG66vF5Rb4g=":{"valueMac":{"type":"Buffer","data":"p0FQxYue+hrp9jGDX/k8Bf/XSOXGveB5TdFhz7FXcZw="}},"r7Bny+fHPVF/C72TAOx16U4mMsIEJt337M4jTqupxQU=":{"valueMac":{"type":"Buffer","data":"GzRKzTdh1RsIw+Wbx6JLqi+t2ZX3hwPMkS5JIdkY4sc="}},"sKj0Y76X2+ZtXVaGtAC8DJLu/F5dUQuizhovtEZULz0=":{"valueMac":{"type":"Buffer","data":"IFK4ufFfw8jXeAs/9UkAYqV8E6eoxL4BePA3tVbtGu4="}},"sKsjVwdKJnVN7wKH9FP/UXwBddHMdmPndnz9Ce2NyLo=":{"valueMac":{"type":"Buffer","data":"3M0Irgok+hYa3Sn/1DuJR/wjv47PnvpOC/1id4o1WJ0="}},"siFTMrVblsXP8W4gbqICO1LSriNI0/4sJC1jpQ5kNLU=":{"valueMac":{"type":"Buffer","data":"P57LIOoSmnD94kC3+fbNboQeK7Kcvpth/czqvzcT4Oc="}},"tsuUzJntIs9ykuoGu988D2X9adUXegSoP3FvDMWjnJQ=":{"valueMac":{"type":"Buffer","data":"OOXskl+txu9D6oLJCdlpK41uL1n7DVeWuHV2nRht1ZY="}},"t9uUMlpINYbL0uSckXXwE58dRTH5AFl1Ql+8T6t0sD4=":{"valueMac":{"type":"Buffer","data":"8qzt+l41ornYn6s5p+C6mh53HAq2muUiTLVYk7uR6kg="}},"uVyt8oZ9jmGr5Tyeh0dWt+2NR35Asr2FVTpgN7ba/EQ=":{"valueMac":{"type":"Buffer","data":"FSBos2uEOuvBy9P6qc/PAma4W9cAgOQCbN/nIyJ7TSU="}},"uael50yqmPLkFpZKOX4Dad2ChmTcZaDjD12ZGeQQLMg=":{"valueMac":{"type":"Buffer","data":"ZEbrJ0zufILUTcdYC0oPoKEvPzXpXMIl3rbYIBDAcDc="}},"ub1YJfFx9kPQZ4hpHfibEVujbWTsOvp3uUa4wlIEMds=":{"valueMac":{"type":"Buffer","data":"2a/AU8SgfGO/cE6QB3Y7ofLc6s878mGfvIqOQbBuQQ4="}},"urCfQETUUJ2nVB26gpYRNNOhMvH4ZxC9g7qd83puUsc=":{"valueMac":{"type":"Buffer","data":"R5o2YzrR1Ityl7bENxOfuMis/ZfjmETZDDeOJ4cP7Ao="}},"vTs9nDJmvadNA/2q3AKKXVYfNXK6rteHGfqgFzbNziM=":{"valueMac":{"type":"Buffer","data":"vajRakniNcoSmBzJfUrUW2ZSfUBNFZzpHE2z9PopfhY="}},"vZsFCDdbh7xCf730oHlxwzSV5MlOiHlFlyjJfjNaAU8=":{"valueMac":{"type":"Buffer","data":"ilPef5ZbASVKsE5hthZWlQV/QAmblIhokL5mZnzJCyM="}},"v6Ee/OmGh6ZbqpzZC1XN4U9xntwMEk/JZ+slDZC2q5c=":{"valueMac":{"type":"Buffer","data":"dK8B8smepBNwnIoGVxfG/ZNGnh9WWEbdyvpKiBmkTXI="}},"wGHeQAhL27f5NBDQwctKkgAza8O2Zzo19ffLMUn5mVY=":{"valueMac":{"type":"Buffer","data":"PNb/xkmBB6a7ORScOvIR6PlZjrF7bpZVF2wuGFHezZY="}},"wjlGIk8ar2zMpcJv9ksfK7cbGA4VzUO45WAZCx1Rja8=":{"valueMac":{"type":"Buffer","data":"BmNANRIA0OaUAgkYVKKkLsTvi0Hs9FBbZnjDI+IuuKo="}},"xRBDIPrT773sm6UBMGDkBsSJHmK7m3m+X8BfrB5sjLQ=":{"valueMac":{"type":"Buffer","data":"gvohVI0c4YMdwFZTadK/zlCBBU0XKKcPns+zkTTNoq4="}},"xSXSve/aEmiohlzRNdPYS6krP8+ZRCKxsWR2y201XHw=":{"valueMac":{"type":"Buffer","data":"FukcRgLIlat/d2KErIrWOTK0dDZBZWJv+lwG09cE0lY="}},"xeWjV+ewKzHl+ExUHkKTRLig63zmE4oa8eYsiAMdxTg=":{"valueMac":{"type":"Buffer","data":"VRZKhabNZhoEp2le1zlz57WUtpfnmjQNbpDqzIzOYFk="}},"x+k2iKYmAm0+PNaGBMPrcaVxkd8PCXXxLXjgOE/y97k=":{"valueMac":{"type":"Buffer","data":"x9SMOGL3JT1rqgkxyfQqTmuapccPbPxFseSbHnHn3Fk="}},"yAULsWtaDNo/Lrvk+STpa8FLals3D51smNB7KNxETkQ=":{"valueMac":{"type":"Buffer","data":"4JdyiXVZMGvk3XCrUiA0oYYX22JE6eHEF9l0+ycX/n4="}},"ySSxkLevVvVZlTbWME7xEQOdll+zuixQgVp36AiT7L8=":{"valueMac":{"type":"Buffer","data":"Q+oUseBu0/gL2J4huVphZcTZwCNOf1e6t/GLKq0Oq8g="}},"zgyZoAA5rGcCL4VIbkde/O7KzZZZu0+jC4KYF4ZBFjA=":{"valueMac":{"type":"Buffer","data":"6/6rEZ67yfG6RERsnGQ9XG0ZeNVUkX5PMmuRBBHkohw="}},"zkn039WuexYdWXDIpeiFRVTDp1oGHu1ChtK0fvpSjkw=":{"valueMac":{"type":"Buffer","data":"hda7qnYdv6eM4CANq3fFQZhqg1JatV2/rz9U/PkwIbk="}},"zn364pbwEGt+QuhUuS/2ly51rBvfyFAmAa6aVGTal60=":{"valueMac":{"type":"Buffer","data":"XJnGKpYf8nNkONciNUM0IiMbZtmKWSA4WiRKe96Zw+U="}},"z3ouBhpF0faKihNwC2NZC/4SBk9DmbuEjlY2t0hdkzg=":{"valueMac":{"type":"Buffer","data":"IhYmrc7J8IICIborW+e6XSSkJ4d/9ZjX2BkLIZMrLcs="}},"z7DM/3az0siFqP0DUQZqOqxJ6Vnc4BiLxNVx8bP9+wY=":{"valueMac":{"type":"Buffer","data":"vIYle/OuFMDRqUF6s5zMlmrdW3lWZSnJvBBwuHFfxyc="}},"0Qmu2ZdIjmrh+QWA+cN1lfuZ9aNvHvFYukcEnVxKLN8=":{"valueMac":{"type":"Buffer","data":"RNYfKMn1KzZoLP7lgSNbZlxlRMV9Bb7cFN1/zK7pDsI="}},"09fGD/8/QjXAWrRzDNvDCdxeHmJkKoPhvD2KUaDqBO8=":{"valueMac":{"type":"Buffer","data":"NMYi/oz/mij6eOI2HGg4dKizVEwD22VeT3w48yQdmWE="}},"1Zf7s/7ZRFP1khGXyOxOYnQSkuOdI43Tpg5ThLv96KY=":{"valueMac":{"type":"Buffer","data":"EY03Om/lKhpHSWF5MsAMK9tmG7HVW94v4J3kaR9ybc0="}},"2X5ByiMja48exFCN090XwDujH7fyCUoRvPWHbHSI9tM=":{"valueMac":{"type":"Buffer","data":"nohw3WvWQd6fgwUfVw1bWTUcLhzJK9XaUcXILN3QYLs="}},"2tA/xxBmxr/x4w/c+qSWunnCaJ3nIT2WIjI9Wx5Sy6w=":{"valueMac":{"type":"Buffer","data":"jDV7ZMOkzjTIFacMxewAIrTU1V+YeeKobNHM/vzcjj4="}},"2xK0HphURxBCF93gN9s1qKdWOijK4E7pKox3burtOVc=":{"valueMac":{"type":"Buffer","data":"ojX52z1rMiy+WDgVn46AekW2rzoRR3LRfaE59wCt2g8="}},"3t3jFjM5uKaAZpf7eBCjN56B54uw69dHYn5or7XAPZk=":{"valueMac":{"type":"Buffer","data":"dSCmrRjZIUOpPNbBjLXMusNV74MLzgvZu2RMwuvOIr4="}},"38lny/9KwLMMLa+aQxkcubqv414vpz4nyKVaGicoxDg=":{"valueMac":{"type":"Buffer","data":"HoXMpQM/ypwTwj7Ln20AMsdPJyqgS8qAh1Kboa679mA="}},"4H5HhmnrsvS4W7Q4l1mu5cSr1CXHLq/b1Ne+n5ASKU8=":{"valueMac":{"type":"Buffer","data":"fx3LGZ8AEppXg1rB1q7MoOAzLeK5D4DZovlRrylOJVI="}},"4/nwQj/0PdqA06lNOxbYs9lUV+/jEGVBZraPFPn6ue8=":{"valueMac":{"type":"Buffer","data":"pVOIXF2UsE3aEk+4+Terp/87JMrI6aCYW5kHljsnb9s="}},"5peHCR9ggB0wPtoAo091+eKLnBT0gCH4P962BES0hoU=":{"valueMac":{"type":"Buffer","data":"PDfT0HmUjfg/29EjLqfpzTyIQw3sEilYbN9jqjU9P3A="}},"7BeSh9pYYsSJpSoaLgyqciG+jIGu/AozVf3YTur0yYc=":{"valueMac":{"type":"Buffer","data":"FFpc78W3NewygZL90DjVYhDgX20FQOJMHWz4wMmLukc="}},"7jY3O9sN7HWJhfukx4qibfGet2409I4AYWvsjgjbtGs=":{"valueMac":{"type":"Buffer","data":"4/XhRCCIb7+c7vmP7HJyRxtjvleA3fwCtxr/WAS0sGM="}},"7kZxqT4fAYk8kAlU3Ohs3EDXSkqXGq2NFISTSuwztfM=":{"valueMac":{"type":"Buffer","data":"QEulGboMVbEWTicrYVs72sPgzVNfHzQL0CZb9Qa/ii4="}},"7sRwz+l/ioJRd9SRae5/7VUsIa2yzzPmVR8KQ1DOe8w=":{"valueMac":{"type":"Buffer","data":"Si40z+9uOQdAqd4fVmAIOOdkTGb59qtM2YhBV61HVfk="}},"8Oty18HIVfjXhHWwEfTY7rwY8XuINdUO0Q6jKJFBsk0=":{"valueMac":{"type":"Buffer","data":"9FEkVrN+INpbVqmheBNK3CxbbxhChxALkvQr2dxSKP0="}},"8qLXimWccZ+At917y9fweXF0DUBOFKV8yi8NHJoSfsU=":{"valueMac":{"type":"Buffer","data":"ympn6qu07eAzh9RXsBXRJAF1GfJVRMdpmdI840K7Y4E="}},"8+MdLa3D8CpZ2Ow7bAmiptttvkaYHKwSDogoFiE7AvE=":{"valueMac":{"type":"Buffer","data":"d3dOzcbfWYcercp4bZMy6lVcK1JXGkeeCTiuyObiY0E="}},"9YgJoL1OQyU4qbjPW2evbTEyludQQFWV5gth1ty5LDY=":{"valueMac":{"type":"Buffer","data":"LtFreKki6L7NA6ytMoeq5NoXlHQyHMCDGpCxw6O36J8="}},"9w1Aky2r9bd6MXviksMfnmyYQSKqoLGb1Av/CKH8u/M=":{"valueMac":{"type":"Buffer","data":"iocx412fB5safC1zp/a+TE2wyOCXhOkKc7K2mR6Z4QM="}},"+Mp0RNsLYF5IC13QFzQe5UWHO0ULmWLF/F5o4uNnDJ8=":{"valueMac":{"type":"Buffer","data":"kHba/Pl4nPFKW9QZjAJc0PYbohNBx2A3o4f/PRvtFiE="}},"/qWnFzKxV6NcVMQ6sjpii+7qfYAZ4hPN3SK1spLRpps=":{"valueMac":{"type":"Buffer","data":"QsJ/H4kSc0Nypo5LlAAlglWEYId/cR11Jq1pgh8oqh0="}},"DWBVveTPPgkqdwo+5Sqd8bWf5Dd8K4n+VxES1AncS+Y=":{"valueMac":{"type":"Buffer","data":"dZB1p/BdjaekcU3Z+KDma58G/HuvJG4JQXMNxOEIvmY="}},"E/t/MtW84kbF6HC6bAKWpQlljODXYUXRkyI1FGNdoBw=":{"valueMac":{"type":"Buffer","data":"NZRsNkhv8boNBFYylitfv4Lm0p+Ze/JPvgzueUb6zzU="}}}}