{"noiseKey":{"private":{"type":"Buffer","data":"yMMftcFXbRN3DozuJJlu5SGsX39ZEo1XDxU4rocV8XE="},"public":{"type":"Buffer","data":"aVJdnkBBui9DnbLJyHiuxmaZ3IGaz44jH4bYMJyGuU8="}},"signedIdentityKey":{"private":{"type":"Buffer","data":"sJuc5yW7vbcg+uUuyK+95LsgJ0xCOj4ND5ujfwp8blc="},"public":{"type":"Buffer","data":"VFm8oIXOKc6poUt6E4c2OW17uF0iNTXIEA5HSVN/Zgw="}},"signedPreKey":{"keyPair":{"private":{"type":"Buffer","data":"oJlIqLGtDh8vfGaT1wWaOtINtqSmag+Owk1jc6osU3k="},"public":{"type":"Buffer","data":"JHK+nk11FzJeBSO0+6muwIpvs1RG1uQTlMEocs3i3UU="}},"signature":{"type":"Buffer","data":"6c24N4e2NrgyH43IUVoX8KuwXNxqPQyt1T1+7y3cgyET5FLmc32GZcKkr5YOV/Wvz9rM+qiwPLblOvuFwYrSAg=="},"keyId":1},"registrationId":17,"advSecretKey":"bV7un8MAvXJF+8JtXojLDZpkunpM59uvTD73KnIHygs=","processedHistoryMessages":[{"key":{"remoteJid":"558393919004@s.whatsapp.net","fromMe":true,"id":"147B1E53AB6D59E030F158DA79075C44"},"messageTimestamp":1708219383},{"key":{"remoteJid":"558393919004@s.whatsapp.net","fromMe":true,"id":"D3E3AE8F9D0ACF3B833176F94E75D87A"},"messageTimestamp":1708219385},{"key":{"remoteJid":"558393919004@s.whatsapp.net","fromMe":true,"id":"BC0709A7E88130A12E6811563C69115F"},"messageTimestamp":1708219420},{"key":{"remoteJid":"558393919004@s.whatsapp.net","fromMe":true,"id":"D701D1928F806B00E1BFE063BC39B06C"},"messageTimestamp":1708219420}],"nextPreKeyId":147,"firstUnuploadedPreKeyId":147,"accountSyncCounter":1,"accountSettings":{"unarchiveChats":false},"deviceId":"BLq826BsTlCurwo4vQI4Dg","phoneId":"e0fe5fdf-3b6e-4310-afd2-e6861f6fad42","identityId":{"type":"Buffer","data":"SrpCChih5exY946YzuIJ+kAmYVk="},"registered":false,"backupToken":{"type":"Buffer","data":"cfWGiIMNsGOUc9oFUu2cqbpWP0E="},"registration":{},"account":{"details":"COG0sboBEPO3xa4GGAEgACgA","accountSignatureKey":"ZOpr3yixyib6TdHMC4VWbWcJnSepy9FATtjKcbJxiSA=","accountSignature":"4qg9RHOsERhkyekBgWca01/4IGEhY+x2Ht0V+W7wMH/XipL9ACjtEabNNQynLofo3zKoxg0gYbjYVcEmhLh8AA==","deviceSignature":"Jqnrn63Oy0tfojMYX50h1nk4NpiUlsGpT4WVD+L0OqO6eLEJwTuhZjjyKP1e/yLDWrA+vldMrwd+tXZ+L0C8Bg=="},"me":{"id":"558393919004:38@s.whatsapp.net","name":"SOPHY-MD"},"signalIdentities":[{"identifier":{"name":"558393919004:38@s.whatsapp.net","deviceId":0},"identifierKey":{"type":"Buffer","data":"BWTqa98oscom+k3RzAuFVm1nCZ0nqcvRQE7YynGycYkg"}}],"platform":"android","lastAccountSyncTimestamp":1708219692,"myAppStateKeyId":"AAAAAEoR"}