[{"senderKeyId":153653362,"senderChainKey":{"iteration":0,"seed":"Vivslj5NClUzdZMIgFk6R6UpPNYmofRfmAtMT7m/ppI="},"senderSigningKey":{"public":"BQ86Heo6fSPX/42t4vHfwKpZnCWONcFk/NEGdJ97HMMV"},"senderMessageKeys":[]},{"senderKeyId":153653362,"senderChainKey":{"iteration":1,"seed":"sR8QJLt8w5BLKdvdR+XDnvVY4OLgPx+SCpSrc3AJdPs="},"senderSigningKey":{"public":"BQ86Heo6fSPX/42t4vHfwKpZnCWONcFk/NEGdJ97HMMV"},"senderMessageKeys":[]},{"senderKeyId":153653362,"senderChainKey":{"iteration":1,"seed":"sR8QJLt8w5BLKdvdR+XDnvVY4OLgPx+SCpSrc3AJdPs="},"senderSigningKey":{"public":"BQ86Heo6fSPX/42t4vHfwKpZnCWONcFk/NEGdJ97HMMV"},"senderMessageKeys":[]},{"senderKeyId":153653362,"senderChainKey":{"iteration":2,"seed":"LEF2ESz6tazvDkBl0pkow4Py5UK+ds5VNMKZLWt4LnQ="},"senderSigningKey":{"public":"BQ86Heo6fSPX/42t4vHfwKpZnCWONcFk/NEGdJ97HMMV"},"senderMessageKeys":[]},{"senderKeyId":153653362,"senderChainKey":{"iteration":3,"seed":"G5eR4rB7mwqjKwVBjHPH+DobWrpM+SFS34NfQfys6Y8="},"senderSigningKey":{"public":"BQ86Heo6fSPX/42t4vHfwKpZnCWONcFk/NEGdJ97HMMV"}}]