[{"senderKeyId":2137822125,"senderChainKey":{"iteration":0,"seed":"aVfUcYzgn3QpuXdUnjWRMNYF+SvMqEUSJ0eVCp3CD7U="},"senderSigningKey":{"public":"Bdv0G59KOgo+aHaQzTzjvsSSq2WSg/laLqR6sR7SGBsS"},"senderMessageKeys":[]},{"senderKeyId":2137822125,"senderChainKey":{"iteration":1,"seed":"xnnjApMIV48o9b0yAKszslOMaSz14owLYMifgidH/B0="},"senderSigningKey":{"public":"Bdv0G59KOgo+aHaQzTzjvsSSq2WSg/laLqR6sR7SGBsS"},"senderMessageKeys":[]},{"senderKeyId":14041022,"senderChainKey":{"iteration":0,"seed":"cZm+MN52tJggvEFAMIDnZeazCmtDv5/rmmXIsKo/0uQ="},"senderSigningKey":{"public":"BTL1uKNVGEv/avim5tn9H+shJJZX+049KK+MSdy6MEEu"},"senderMessageKeys":[]},{"senderKeyId":1939577500,"senderChainKey":{"iteration":0,"seed":"iTj77h8Vkgj28mQtrjNdoaI9IRK69AhO9GtA7qeeRgU="},"senderSigningKey":{"public":"BcMyKmxS0TwtuBq08fNLpQulxcedFw0QWmdgXVD/mvAl"},"senderMessageKeys":[]},{"senderKeyId":1246218624,"senderChainKey":{"iteration":0,"seed":"1A4JiX6FNhbfT08CHBaxxE9oLiv1vVUOU2eOs1O+83Y="},"senderSigningKey":{"public":"BQBoSoFalxgN3NpSQ+5Zn9YKir8P+gX8qkm3TZXdFAJc"},"senderMessageKeys":[]},{"senderKeyId":446941590,"senderChainKey":{"iteration":0,"seed":"utc/qY19xXxB5b9vVCreExIHwW5M4wVA4FKzl/J8EzE="},"senderSigningKey":{"public":"BcMNwMghsOBB8ARod2684Th4BmjxOZKFWvSqgZ7PPAMH"},"senderMessageKeys":[]},{"senderKeyId":906769150,"senderChainKey":{"iteration":0,"seed":"bqH9ApkXsQUNN9eVw5bIzok4HDx3RiTI3qOap/cF8Ks="},"senderSigningKey":{"public":"BRxUrIM0AFWek/xC9EK7kabveaH1wXgDPlQcatj9pq5D"},"senderMessageKeys":[]},{"senderKeyId":2102971509,"senderChainKey":{"iteration":0,"seed":"dPPgEvTF5/xuKNlyS7Xi+lt7746MFORI3yIl8A3EXYw="},"senderSigningKey":{"public":"BWoTP75B0mNQVvMOfltoOHxXlZ6HDWjr4hOgicNeawgx"},"senderMessageKeys":[]},{"senderKeyId":1920493060,"senderChainKey":{"iteration":0,"seed":"UM+eIONfmHIq0Ya8UEuchuZLIzoWhw6tEkEgFt3UI2M="},"senderSigningKey":{"public":"BW15BtvIIihcLAMGuaJkI2Nw8STv0RmN2ZKkH9Cqa6YI"},"senderMessageKeys":[]},{"senderKeyId":122582058,"senderChainKey":{"iteration":0,"seed":"k+XcbMB4dJRO/tl7nYpHOHK8Z4bzFhfJOP7NQ8tyqNM="},"senderSigningKey":{"public":"BVC10RRSfskpmxWvS/1kBYj+Tt8bqYFwxxGRqDr7PcUo"},"senderMessageKeys":[]},{"senderKeyId":122582058,"senderChainKey":{"iteration":0,"seed":"k+XcbMB4dJRO/tl7nYpHOHK8Z4bzFhfJOP7NQ8tyqNM="},"senderSigningKey":{"public":"BVC10RRSfskpmxWvS/1kBYj+Tt8bqYFwxxGRqDr7PcUo"},"senderMessageKeys":[]},{"senderKeyId":122582058,"senderChainKey":{"iteration":0,"seed":"k+XcbMB4dJRO/tl7nYpHOHK8Z4bzFhfJOP7NQ8tyqNM="},"senderSigningKey":{"public":"BVC10RRSfskpmxWvS/1kBYj+Tt8bqYFwxxGRqDr7PcUo"},"senderMessageKeys":[]},{"senderKeyId":122582058,"senderChainKey":{"iteration":0,"seed":"k+XcbMB4dJRO/tl7nYpHOHK8Z4bzFhfJOP7NQ8tyqNM="},"senderSigningKey":{"public":"BVC10RRSfskpmxWvS/1kBYj+Tt8bqYFwxxGRqDr7PcUo"},"senderMessageKeys":[]},{"senderKeyId":122582058,"senderChainKey":{"iteration":0,"seed":"k+XcbMB4dJRO/tl7nYpHOHK8Z4bzFhfJOP7NQ8tyqNM="},"senderSigningKey":{"public":"BVC10RRSfskpmxWvS/1kBYj+Tt8bqYFwxxGRqDr7PcUo"}}]