[{"senderKeyId":309479196,"senderChainKey":{"iteration":0,"seed":"I4PN450j8xHHnVLGq8K+xTF4zC7Q+JER0kblMxALsPY="},"senderSigningKey":{"public":"BbMysEaJ8HEr5e+jNz79Ae4QbjLzc0iI/JKFYnGCTLBv"},"senderMessageKeys":[]},{"senderKeyId":309479196,"senderChainKey":{"iteration":2,"seed":"v5gu5lNBxoR2mXEzxsNJ1b5DcVEjlIv/EwKZJYzUP70="},"senderSigningKey":{"public":"BbMysEaJ8HEr5e+jNz79Ae4QbjLzc0iI/JKFYnGCTLBv"},"senderMessageKeys":[]},{"senderKeyId":309479196,"senderChainKey":{"iteration":1,"seed":"1wOMXBc9Z/nfaE/IU6ZKXTIkDWsgGCgDAHSjtF8a+7k="},"senderSigningKey":{"public":"BbMysEaJ8HEr5e+jNz79Ae4QbjLzc0iI/JKFYnGCTLBv"},"senderMessageKeys":[]},{"senderKeyId":309479196,"senderChainKey":{"iteration":6,"seed":"aYgAPlMXiHwvEsQuvqpBAAeEgJmr8gqkB1JNCZhVnZ8="},"senderSigningKey":{"public":"BbMysEaJ8HEr5e+jNz79Ae4QbjLzc0iI/JKFYnGCTLBv"},"senderMessageKeys":[]},{"senderKeyId":309479196,"senderChainKey":{"iteration":6,"seed":"aYgAPlMXiHwvEsQuvqpBAAeEgJmr8gqkB1JNCZhVnZ8="},"senderSigningKey":{"public":"BbMysEaJ8HEr5e+jNz79Ae4QbjLzc0iI/JKFYnGCTLBv"},"senderMessageKeys":[]},{"senderKeyId":309479196,"senderChainKey":{"iteration":6,"seed":"aYgAPlMXiHwvEsQuvqpBAAeEgJmr8gqkB1JNCZhVnZ8="},"senderSigningKey":{"public":"BbMysEaJ8HEr5e+jNz79Ae4QbjLzc0iI/JKFYnGCTLBv"},"senderMessageKeys":[]},{"senderKeyId":309479196,"senderChainKey":{"iteration":7,"seed":"1xOsHt7J79pVRT4AHSRgBOsCZJVYmSCLyYchKsM9Yp8="},"senderSigningKey":{"public":"BbMysEaJ8HEr5e+jNz79Ae4QbjLzc0iI/JKFYnGCTLBv"},"senderMessageKeys":[]},{"senderKeyId":552143296,"senderChainKey":{"iteration":0,"seed":"d3rrb2/WlwkHAAVG6G1gKKrYkdcEzB+TZALxcvavpGI="},"senderSigningKey":{"public":"BZv++8hjuIIMhQUV6bpQZT6rW3r5lLc4fUcRv8Mr6ahB"},"senderMessageKeys":[]},{"senderKeyId":658703970,"senderChainKey":{"iteration":0,"seed":"8UTSqNFuNk199vm8mJXpnYIF3qIdLvXjiRkBelFlStk="},"senderSigningKey":{"public":"Be9AdCfPZMeQdEfuiB+qhA7GBTyDAeu9sFB3l38X6bJW"},"senderMessageKeys":[]},{"senderKeyId":658703970,"senderChainKey":{"iteration":0,"seed":"8UTSqNFuNk199vm8mJXpnYIF3qIdLvXjiRkBelFlStk="},"senderSigningKey":{"public":"Be9AdCfPZMeQdEfuiB+qhA7GBTyDAeu9sFB3l38X6bJW"},"senderMessageKeys":[]},{"senderKeyId":658703970,"senderChainKey":{"iteration":0,"seed":"8UTSqNFuNk199vm8mJXpnYIF3qIdLvXjiRkBelFlStk="},"senderSigningKey":{"public":"Be9AdCfPZMeQdEfuiB+qhA7GBTyDAeu9sFB3l38X6bJW"},"senderMessageKeys":[]},{"senderKeyId":658703970,"senderChainKey":{"iteration":2,"seed":"bYdkgs9KYMijGJ8Ac5tVRjNp49ZRT6sThP++1p14PbY="},"senderSigningKey":{"public":"Be9AdCfPZMeQdEfuiB+qhA7GBTyDAeu9sFB3l38X6bJW"},"senderMessageKeys":[]},{"senderKeyId":658703970,"senderChainKey":{"iteration":2,"seed":"bYdkgs9KYMijGJ8Ac5tVRjNp49ZRT6sThP++1p14PbY="},"senderSigningKey":{"public":"Be9AdCfPZMeQdEfuiB+qhA7GBTyDAeu9sFB3l38X6bJW"},"senderMessageKeys":[]},{"senderKeyId":658703970,"senderChainKey":{"iteration":2,"seed":"bYdkgs9KYMijGJ8Ac5tVRjNp49ZRT6sThP++1p14PbY="},"senderSigningKey":{"public":"Be9AdCfPZMeQdEfuiB+qhA7GBTyDAeu9sFB3l38X6bJW"}}]