[{"senderKeyId":1323607562,"senderChainKey":{"iteration":0,"seed":"UItx8UaO8tRoivcu8Yljvr8HrJqMecPzGcTNyLyoscY="},"senderSigningKey":{"public":"BQqj3NzWabafixRQPk22u7LYCwxlzR9SxGy7f8YWfc9J"},"senderMessageKeys":[]},{"senderKeyId":1374118897,"senderChainKey":{"iteration":0,"seed":"zdAhBZEogbBmPILOYEeDSIMCz0EwXfcXVf8oDqDlA3w="},"senderSigningKey":{"public":"Bcaygx+hNXjbVPa5ZFNQ5s1epwws3IKZQW86zi9lGDtn"},"senderMessageKeys":[]},{"senderKeyId":1374118897,"senderChainKey":{"iteration":1,"seed":"rhFAFp/9aYCtph9ZW76FhWvyapfi94SreE+yOljfdxc="},"senderSigningKey":{"public":"Bcaygx+hNXjbVPa5ZFNQ5s1epwws3IKZQW86zi9lGDtn"},"senderMessageKeys":[]},{"senderKeyId":1374118897,"senderChainKey":{"iteration":1,"seed":"rhFAFp/9aYCtph9ZW76FhWvyapfi94SreE+yOljfdxc="},"senderSigningKey":{"public":"Bcaygx+hNXjbVPa5ZFNQ5s1epwws3IKZQW86zi9lGDtn"},"senderMessageKeys":[]},{"senderKeyId":1374118897,"senderChainKey":{"iteration":1,"seed":"rhFAFp/9aYCtph9ZW76FhWvyapfi94SreE+yOljfdxc="},"senderSigningKey":{"public":"Bcaygx+hNXjbVPa5ZFNQ5s1epwws3IKZQW86zi9lGDtn"},"senderMessageKeys":[]},{"senderKeyId":1374118897,"senderChainKey":{"iteration":1,"seed":"rhFAFp/9aYCtph9ZW76FhWvyapfi94SreE+yOljfdxc="},"senderSigningKey":{"public":"Bcaygx+hNXjbVPa5ZFNQ5s1epwws3IKZQW86zi9lGDtn"},"senderMessageKeys":[]},{"senderKeyId":1374118897,"senderChainKey":{"iteration":1,"seed":"rhFAFp/9aYCtph9ZW76FhWvyapfi94SreE+yOljfdxc="},"senderSigningKey":{"public":"Bcaygx+hNXjbVPa5ZFNQ5s1epwws3IKZQW86zi9lGDtn"},"senderMessageKeys":[]},{"senderKeyId":1374118897,"senderChainKey":{"iteration":1,"seed":"rhFAFp/9aYCtph9ZW76FhWvyapfi94SreE+yOljfdxc="},"senderSigningKey":{"public":"Bcaygx+hNXjbVPa5ZFNQ5s1epwws3IKZQW86zi9lGDtn"},"senderMessageKeys":[]},{"senderKeyId":2131643073,"senderChainKey":{"iteration":0,"seed":"ejdNR0VkIWm6d9cLRzT/X6saprx3ZYFUJFUW4/o3IUw="},"senderSigningKey":{"public":"Bedt0k6PdIs9FnPdQDvfeYwI02Yas0sKYrdGT+r9cUV7"},"senderMessageKeys":[]},{"senderKeyId":2131643073,"senderChainKey":{"iteration":1,"seed":"u6EThePt6XQbkhS72NuLBqCXkENvDWo9W+1cvpTjEb0="},"senderSigningKey":{"public":"Bedt0k6PdIs9FnPdQDvfeYwI02Yas0sKYrdGT+r9cUV7"},"senderMessageKeys":[]},{"senderKeyId":2131643073,"senderChainKey":{"iteration":2,"seed":"Ca4duTZiRHsZgHshmQK36ke7mXEJnIMkC2Q8u7QIk2M="},"senderSigningKey":{"public":"Bedt0k6PdIs9FnPdQDvfeYwI02Yas0sKYrdGT+r9cUV7"},"senderMessageKeys":[]},{"senderKeyId":36933129,"senderChainKey":{"iteration":0,"seed":"zk7djSFmKQLxomHijQpqHQ4dDb6gJvi7WfnXrCqgazw="},"senderSigningKey":{"public":"BaD+bIY+4lr3nTO04yX2YaEKSl6kZ4+mgZ38N9NzOT5h"},"senderMessageKeys":[]},{"senderKeyId":36933129,"senderChainKey":{"iteration":1,"seed":"ux7vR8b6Wr+mcr4R70XWu27zxzC5JQEPOkX0vc6Ptcg="},"senderSigningKey":{"public":"BaD+bIY+4lr3nTO04yX2YaEKSl6kZ4+mgZ38N9NzOT5h"},"senderMessageKeys":[]},{"senderKeyId":36933129,"senderChainKey":{"iteration":2,"seed":"b9XIHCZlPjwxiKeVvvQhl9ovZHNpE8Oy28ppQsw+UsQ="},"senderSigningKey":{"public":"BaD+bIY+4lr3nTO04yX2YaEKSl6kZ4+mgZ38N9NzOT5h"},"senderMessageKeys":[]},{"senderKeyId":36933129,"senderChainKey":{"iteration":3,"seed":"AqIc58nV8U/uCEqP9yObOmHQ/ssRb/tBmOE6dbUCZwI="},"senderSigningKey":{"public":"BaD+bIY+4lr3nTO04yX2YaEKSl6kZ4+mgZ38N9NzOT5h"},"senderMessageKeys":[]},{"senderKeyId":36933129,"senderChainKey":{"iteration":4,"seed":"/LPoPCZKdyF3BPb7D1I+5jskhDdwZf6XwWqi4jLby+U="},"senderSigningKey":{"public":"BaD+bIY+4lr3nTO04yX2YaEKSl6kZ4+mgZ38N9NzOT5h"},"senderMessageKeys":[]},{"senderKeyId":36933129,"senderChainKey":{"iteration":5,"seed":"7x4/Q9uLlzEjN6demJAtOQ4RttDdzSXVUS1ImlPODJ8="},"senderSigningKey":{"public":"BaD+bIY+4lr3nTO04yX2YaEKSl6kZ4+mgZ38N9NzOT5h"},"senderMessageKeys":[]},{"senderKeyId":1913282375,"senderChainKey":{"iteration":0,"seed":"HYneNEqXvJoC2QU/6Nl48/SUmWyeyBPxJPFy28z/gbY="},"senderSigningKey":{"public":"BTrMtilZDPFid98iSwnL5ZJnH9VDkWXOXH8WCF86OsRl"},"senderMessageKeys":[]},{"senderKeyId":1913282375,"senderChainKey":{"iteration":1,"seed":"CjvnIEjX4pLy4VHHu76WhYKXTUTaDDEjhOJWOJXLJmQ="},"senderSigningKey":{"public":"BTrMtilZDPFid98iSwnL5ZJnH9VDkWXOXH8WCF86OsRl"},"senderMessageKeys":[]},{"senderKeyId":1913282375,"senderChainKey":{"iteration":2,"seed":"UT1PN9LTHU5PypS03X34EkLmibVe1I6W95lBoOnmIL0="},"senderSigningKey":{"public":"BTrMtilZDPFid98iSwnL5ZJnH9VDkWXOXH8WCF86OsRl"},"senderMessageKeys":[]},{"senderKeyId":1913282375,"senderChainKey":{"iteration":3,"seed":"Y2PzUgobG3NjnmNjYLVPLbZVZuR2Gxd7on+4T60VYTk="},"senderSigningKey":{"public":"BTrMtilZDPFid98iSwnL5ZJnH9VDkWXOXH8WCF86OsRl"},"senderMessageKeys":[]},{"senderKeyId":1913282375,"senderChainKey":{"iteration":4,"seed":"MUAq22YoE095feJw1PPrVi8IwCthbchXuxKw4gKduCE="},"senderSigningKey":{"public":"BTrMtilZDPFid98iSwnL5ZJnH9VDkWXOXH8WCF86OsRl"},"senderMessageKeys":[]},{"senderKeyId":1913282375,"senderChainKey":{"iteration":5,"seed":"q4/XMZDbFIMZsasyDN0GQCYEN1dvVRqpqGf+pkegIic="},"senderSigningKey":{"public":"BTrMtilZDPFid98iSwnL5ZJnH9VDkWXOXH8WCF86OsRl"},"senderMessageKeys":[]},{"senderKeyId":1913282375,"senderChainKey":{"iteration":6,"seed":"S0zhX4q9UgpqlIjZF8A4i+5Inx+FMyZC4e9V30hBwYc="},"senderSigningKey":{"public":"BTrMtilZDPFid98iSwnL5ZJnH9VDkWXOXH8WCF86OsRl"},"senderMessageKeys":[]},{"senderKeyId":1444159935,"senderChainKey":{"iteration":0,"seed":"4UsLI31AJS5oouSESMROlPLFvy+evvlFc+K6Xd/qkuE="},"senderSigningKey":{"public":"BXN5TQ5MAwkXW7qAfjTJ0zn11JG3u7OoG9DuxgYS+tQx"},"senderMessageKeys":[]},{"senderKeyId":1444159935,"senderChainKey":{"iteration":1,"seed":"j41uBQr9r08ufBAG4ZnFX2Y9RvemkAWQCCwE3zGNm5w="},"senderSigningKey":{"public":"BXN5TQ5MAwkXW7qAfjTJ0zn11JG3u7OoG9DuxgYS+tQx"},"senderMessageKeys":[]},{"senderKeyId":1444159935,"senderChainKey":{"iteration":2,"seed":"3BjCjXQNaIFZDeDjAjTm2hFsdRHmPJCWixMGkLfbA+U="},"senderSigningKey":{"public":"BXN5TQ5MAwkXW7qAfjTJ0zn11JG3u7OoG9DuxgYS+tQx"},"senderMessageKeys":[]},{"senderKeyId":1444159935,"senderChainKey":{"iteration":3,"seed":"Guxv3mkqIDhKBTunXj8v92EP6FFhHe1Wg4eQrnbS9jU="},"senderSigningKey":{"public":"BXN5TQ5MAwkXW7qAfjTJ0zn11JG3u7OoG9DuxgYS+tQx"},"senderMessageKeys":[]},{"senderKeyId":1444159935,"senderChainKey":{"iteration":4,"seed":"MTpFHnRfy5tD4KUNRe5pgkQW8CsNH1mRApBgOrZ2MUI="},"senderSigningKey":{"public":"BXN5TQ5MAwkXW7qAfjTJ0zn11JG3u7OoG9DuxgYS+tQx"},"senderMessageKeys":[]},{"senderKeyId":1444159935,"senderChainKey":{"iteration":5,"seed":"t0S+uAYepP7dKjyR9Do6McNvZSxZSp7HXo4VyBwNlzA="},"senderSigningKey":{"public":"BXN5TQ5MAwkXW7qAfjTJ0zn11JG3u7OoG9DuxgYS+tQx"},"senderMessageKeys":[]},{"senderKeyId":1444159935,"senderChainKey":{"iteration":7,"seed":"HECNNP+2/vi3bnV1PcOl/5l2rLV5h3o2v/QhiT5QGFc="},"senderSigningKey":{"public":"BXN5TQ5MAwkXW7qAfjTJ0zn11JG3u7OoG9DuxgYS+tQx"},"senderMessageKeys":[]},{"senderKeyId":1444159935,"senderChainKey":{"iteration":7,"seed":"HECNNP+2/vi3bnV1PcOl/5l2rLV5h3o2v/QhiT5QGFc="},"senderSigningKey":{"public":"BXN5TQ5MAwkXW7qAfjTJ0zn11JG3u7OoG9DuxgYS+tQx"},"senderMessageKeys":[]},{"senderKeyId":1444159935,"senderChainKey":{"iteration":8,"seed":"bhYNLs5D6+l1OmihAigElA5tr06/pKmfkZQuJ3lqJ64="},"senderSigningKey":{"public":"BXN5TQ5MAwkXW7qAfjTJ0zn11JG3u7OoG9DuxgYS+tQx"},"senderMessageKeys":[]},{"senderKeyId":1444159935,"senderChainKey":{"iteration":9,"seed":"u+u0CmeRSSDWrQQYRTtZyfbvgmRg3Cy1m+yzfsvM4tQ="},"senderSigningKey":{"public":"BXN5TQ5MAwkXW7qAfjTJ0zn11JG3u7OoG9DuxgYS+tQx"},"senderMessageKeys":[]},{"senderKeyId":1444159935,"senderChainKey":{"iteration":10,"seed":"mJlmCMdcz/lAuNQDBMR64xrOL4TLJnIj5LsIi5jF1GA="},"senderSigningKey":{"public":"BXN5TQ5MAwkXW7qAfjTJ0zn11JG3u7OoG9DuxgYS+tQx"},"senderMessageKeys":[]},{"senderKeyId":1444159935,"senderChainKey":{"iteration":11,"seed":"64buEid7LW2t+J2aWmxbH1H/cMSgmXPoSNsYXzEtV1U="},"senderSigningKey":{"public":"BXN5TQ5MAwkXW7qAfjTJ0zn11JG3u7OoG9DuxgYS+tQx"},"senderMessageKeys":[]},{"senderKeyId":1444159935,"senderChainKey":{"iteration":12,"seed":"2rpkiIVjAj4LW/gluSdZJrzzG23pkY5EsLMpAppH12A="},"senderSigningKey":{"public":"BXN5TQ5MAwkXW7qAfjTJ0zn11JG3u7OoG9DuxgYS+tQx"},"senderMessageKeys":[]},{"senderKeyId":204883023,"senderChainKey":{"iteration":0,"seed":"zYb3NpKEJTh7o/Ji+/2uvmX3PBW30hdbGHyd2A5dS7U="},"senderSigningKey":{"public":"BUQTffdImS0IX1bh69An8luDR5eepJgh1GvVFL7LFp9N"},"senderMessageKeys":[]},{"senderKeyId":1081764415,"senderChainKey":{"iteration":0,"seed":"XH58wE9YGeAKesywq1fdU8VJa/L0L3yUJnE9XvlZYpU="},"senderSigningKey":{"public":"BfxER6joukHLQiIqR1KabhGW1sxDM9fGdLWKpvSC8846"}}]