[{"senderKeyId":1751491153,"senderChainKey":{"iteration":1,"seed":"rQlpwNHrdGYpVHSHBFPCaTwJyvG/68vX+V/6jJmyzqQ="},"senderSigningKey":{"public":"BVGh+9hCKwqRyFb6pXzU7M/cNyKPsPZPFjN5z7/xDVMY"},"senderMessageKeys":[]},{"senderKeyId":1751491153,"senderChainKey":{"iteration":2,"seed":"HsNYcsIm24MWM2R7Nr9dxnHJpDTWEdkeUzfHj4WH20M="},"senderSigningKey":{"public":"BVGh+9hCKwqRyFb6pXzU7M/cNyKPsPZPFjN5z7/xDVMY"},"senderMessageKeys":[]},{"senderKeyId":465248273,"senderChainKey":{"iteration":0,"seed":"ZUqmmHTvAw0+J/UbAikfZnBOOJBoII7wH0BTexRqNgg="},"senderSigningKey":{"public":"BRD08E/YVv2SPDUpdwLPjaQoqbPOxg1XfJFd/ro9kb4C"},"senderMessageKeys":[]},{"senderKeyId":465248273,"senderChainKey":{"iteration":3,"seed":"/xUGzX2EJt+NRadqd9uOar091CP2isOhMh4Z1CmqsAs="},"senderSigningKey":{"public":"BRD08E/YVv2SPDUpdwLPjaQoqbPOxg1XfJFd/ro9kb4C"},"senderMessageKeys":[]},{"senderKeyId":465248273,"senderChainKey":{"iteration":3,"seed":"/xUGzX2EJt+NRadqd9uOar091CP2isOhMh4Z1CmqsAs="},"senderSigningKey":{"public":"BRD08E/YVv2SPDUpdwLPjaQoqbPOxg1XfJFd/ro9kb4C"}}]