[{"senderKeyId":229152522,"senderChainKey":{"iteration":2,"seed":"+hP+Un/fTjxuYAn5AU4uCRJ6K3QEqgqtt9y5BB07vZU="},"senderSigningKey":{"public":"BeKny91VZpzQ3zkAMa85SLCPkV4mhprPBos+SwR49vV6"},"senderMessageKeys":[]},{"senderKeyId":589930832,"senderChainKey":{"iteration":2,"seed":"8Bvbb9nDa6nWzIiBn4OgVMAd3E5lJRJgOjjdpmur6Nc="},"senderSigningKey":{"public":"BYNqZM7mY21wlzftVlXSlYlQeLEA0FsxN5DE1fgZHqh6"},"senderMessageKeys":[]},{"senderKeyId":865956551,"senderChainKey":{"iteration":0,"seed":"NRYrr1EUBDOgx1hkk2BTuX5aIezbR2jSohYzX+pv1ZA="},"senderSigningKey":{"public":"BdOgsfQNFrzB2HuSFn9CA25H8mtMvoeU6Xm4a1Dvyz1o"},"senderMessageKeys":[]},{"senderKeyId":865956551,"senderChainKey":{"iteration":0,"seed":"NRYrr1EUBDOgx1hkk2BTuX5aIezbR2jSohYzX+pv1ZA="},"senderSigningKey":{"public":"BdOgsfQNFrzB2HuSFn9CA25H8mtMvoeU6Xm4a1Dvyz1o"},"senderMessageKeys":[]},{"senderKeyId":865956551,"senderChainKey":{"iteration":0,"seed":"NRYrr1EUBDOgx1hkk2BTuX5aIezbR2jSohYzX+pv1ZA="},"senderSigningKey":{"public":"BdOgsfQNFrzB2HuSFn9CA25H8mtMvoeU6Xm4a1Dvyz1o"},"senderMessageKeys":[]},{"senderKeyId":865956551,"senderChainKey":{"iteration":0,"seed":"NRYrr1EUBDOgx1hkk2BTuX5aIezbR2jSohYzX+pv1ZA="},"senderSigningKey":{"public":"BdOgsfQNFrzB2HuSFn9CA25H8mtMvoeU6Xm4a1Dvyz1o"},"senderMessageKeys":[]},{"senderKeyId":865956551,"senderChainKey":{"iteration":0,"seed":"NRYrr1EUBDOgx1hkk2BTuX5aIezbR2jSohYzX+pv1ZA="},"senderSigningKey":{"public":"BdOgsfQNFrzB2HuSFn9CA25H8mtMvoeU6Xm4a1Dvyz1o"}}]