[{"senderKeyId":1186991415,"senderChainKey":{"iteration":3,"seed":"7flX69qOVd0eC4MVya7bZvWosVQ40OvzOZc0cS/j698="},"senderSigningKey":{"public":"BUTaYFJO5eDlmXYmJNNCGSSHNKAwI/q5NwO1uAh6N+wy"},"senderMessageKeys":[]},{"senderKeyId":1373108372,"senderChainKey":{"iteration":0,"seed":"wr16UiapgOU/+RoyOTJ/tnyZF06nKaLYRIpuS+Sy7s8="},"senderSigningKey":{"public":"BVHJdqZL42DGg3nmFDn5vEpQ3bs6p3irJ9yiuUA6EnoB"},"senderMessageKeys":[]},{"senderKeyId":1373108372,"senderChainKey":{"iteration":1,"seed":"3EToxYuR6jsTz+3DOGjuB4w8AjKEkrZIhTKKjLtCCs4="},"senderSigningKey":{"public":"BVHJdqZL42DGg3nmFDn5vEpQ3bs6p3irJ9yiuUA6EnoB"},"senderMessageKeys":[]},{"senderKeyId":1373108372,"senderChainKey":{"iteration":1,"seed":"3EToxYuR6jsTz+3DOGjuB4w8AjKEkrZIhTKKjLtCCs4="},"senderSigningKey":{"public":"BVHJdqZL42DGg3nmFDn5vEpQ3bs6p3irJ9yiuUA6EnoB"},"senderMessageKeys":[]},{"senderKeyId":1373108372,"senderChainKey":{"iteration":3,"seed":"VMO774DV61eY7HJrm2mdLforeaQEqCqJOWhOe98RKGo="},"senderSigningKey":{"public":"BVHJdqZL42DGg3nmFDn5vEpQ3bs6p3irJ9yiuUA6EnoB"}}]