[{"senderKeyId":1807082467,"senderChainKey":{"iteration":1,"seed":"/WMP5LDcPA+2LkkMBXjsfmks93xp7VC3m3ZTb1WfXJY="},"senderSigningKey":{"public":"BQp62CegpEqRhGpNrkn3VMxSUxGCPZ6Yz7q1jli+Ny0T"},"senderMessageKeys":[]},{"senderKeyId":1807082467,"senderChainKey":{"iteration":3,"seed":"aqsVpePiBHhOQdm1JCO3V0b+nfA2knYLGhLL5JKgpO4="},"senderSigningKey":{"public":"BQp62CegpEqRhGpNrkn3VMxSUxGCPZ6Yz7q1jli+Ny0T"},"senderMessageKeys":[]},{"senderKeyId":1807082467,"senderChainKey":{"iteration":3,"seed":"aqsVpePiBHhOQdm1JCO3V0b+nfA2knYLGhLL5JKgpO4="},"senderSigningKey":{"public":"BQp62CegpEqRhGpNrkn3VMxSUxGCPZ6Yz7q1jli+Ny0T"},"senderMessageKeys":[]},{"senderKeyId":1807082467,"senderChainKey":{"iteration":3,"seed":"aqsVpePiBHhOQdm1JCO3V0b+nfA2knYLGhLL5JKgpO4="},"senderSigningKey":{"public":"BQp62CegpEqRhGpNrkn3VMxSUxGCPZ6Yz7q1jli+Ny0T"},"senderMessageKeys":[]},{"senderKeyId":1807082467,"senderChainKey":{"iteration":4,"seed":"JywK9UdFFfCUGtMYdzhVEXd2+h24tH/Uc8mxYzT/MuY="},"senderSigningKey":{"public":"BQp62CegpEqRhGpNrkn3VMxSUxGCPZ6Yz7q1jli+Ny0T"}}]