[{"senderKeyId":1862549027,"senderChainKey":{"iteration":2,"seed":"WMEeXn27mAG7KwW54bdXnSJDsAf+gCyaXQmCsCNqaA8="},"senderSigningKey":{"public":"BSw66ey3bZY1N3m0cpOVGNAu7ObaTh1N5uu7CmhW37sJ"},"senderMessageKeys":[]},{"senderKeyId":1862549027,"senderChainKey":{"iteration":3,"seed":"voA/7MTfn1rX2sZquKtpweP1yFqRK6fbQbJzJA2UVmo="},"senderSigningKey":{"public":"BSw66ey3bZY1N3m0cpOVGNAu7ObaTh1N5uu7CmhW37sJ"},"senderMessageKeys":[]},{"senderKeyId":1162145061,"senderChainKey":{"iteration":0,"seed":"puugLfBzGR1fKumoCzQuAHPWSQlOI9YJs9AsJ98mzcY="},"senderSigningKey":{"public":"BT1VLljOcWZ0v9FN+M+qGNdHgqJWfNkPPo9sqyxkA5pL"},"senderMessageKeys":[]},{"senderKeyId":1162145061,"senderChainKey":{"iteration":1,"seed":"5MrnAXFkvlV9skjEL0rePsNtut5OKpqaB3D+6H+M4YU="},"senderSigningKey":{"public":"BT1VLljOcWZ0v9FN+M+qGNdHgqJWfNkPPo9sqyxkA5pL"},"senderMessageKeys":[]},{"senderKeyId":2066994212,"senderChainKey":{"iteration":0,"seed":"yT/e49QO0ls9pFbko2uOqQQaufZctlGnPj0gF1Aox50="},"senderSigningKey":{"public":"BSDVUJEVvL+tjVeaWYHVBdp1qNzdLKFWcJttnNP2cE5i"},"senderMessageKeys":[]},{"senderKeyId":2066994212,"senderChainKey":{"iteration":1,"seed":"hljk0lxgxSbVsy98859JgyASjuKItCsZbztTHvcTjWc="},"senderSigningKey":{"public":"BSDVUJEVvL+tjVeaWYHVBdp1qNzdLKFWcJttnNP2cE5i"}}]