[{"senderKeyId":1093499068,"senderChainKey":{"iteration":7,"seed":"rYhvgQ7lT1KhYgbEHnFkw+MnJlR3gakL0Lxt+gi54y0="},"senderSigningKey":{"public":"BX0nG2ON11jzk9uFJG9uVB9+2cYJklWBreLoOHVLEvt/"},"senderMessageKeys":[]},{"senderKeyId":1093499068,"senderChainKey":{"iteration":8,"seed":"PbQlJnAmxClzTaUgC2WXKVNaonBKc69jSAT63nAWBos="},"senderSigningKey":{"public":"BX0nG2ON11jzk9uFJG9uVB9+2cYJklWBreLoOHVLEvt/"},"senderMessageKeys":[]},{"senderKeyId":1093499068,"senderChainKey":{"iteration":9,"seed":"i4ZHXPfpEIAbGRTSysoPTRusWwiT7GJuO4XToYnYvE0="},"senderSigningKey":{"public":"BX0nG2ON11jzk9uFJG9uVB9+2cYJklWBreLoOHVLEvt/"},"senderMessageKeys":[]},{"senderKeyId":1093499068,"senderChainKey":{"iteration":10,"seed":"8WeYh4pYIlITehExisp2sjB24/q05HXwmkTkHTwf+1I="},"senderSigningKey":{"public":"BX0nG2ON11jzk9uFJG9uVB9+2cYJklWBreLoOHVLEvt/"},"senderMessageKeys":[]},{"senderKeyId":1093499068,"senderChainKey":{"iteration":11,"seed":"OK1NXw5RoeTDgR6dDI9AfnFTCpJhbqxSgWH2CByZU1w="},"senderSigningKey":{"public":"BX0nG2ON11jzk9uFJG9uVB9+2cYJklWBreLoOHVLEvt/"},"senderMessageKeys":[]},{"senderKeyId":1093499068,"senderChainKey":{"iteration":12,"seed":"8wTHIg2fiseS5p0QMItPT4C7p97dLl+ELpJ/E6WBfLY="},"senderSigningKey":{"public":"BX0nG2ON11jzk9uFJG9uVB9+2cYJklWBreLoOHVLEvt/"},"senderMessageKeys":[]},{"senderKeyId":1093499068,"senderChainKey":{"iteration":13,"seed":"hy9Y6piVhfhUkej6vfW489Jv4wmSQuLEh/7ZvkO4bjo="},"senderSigningKey":{"public":"BX0nG2ON11jzk9uFJG9uVB9+2cYJklWBreLoOHVLEvt/"},"senderMessageKeys":[]},{"senderKeyId":1093499068,"senderChainKey":{"iteration":14,"seed":"E9OaWTDTju6bsAiIPUHDuzYKyqMdoMB83rVTk+JZpQ0="},"senderSigningKey":{"public":"BX0nG2ON11jzk9uFJG9uVB9+2cYJklWBreLoOHVLEvt/"},"senderMessageKeys":[]},{"senderKeyId":1093499068,"senderChainKey":{"iteration":15,"seed":"SDuO+vYx3u9sy1ihi6Jn55xY37WUMaU+tCSSsUYoxZw="},"senderSigningKey":{"public":"BX0nG2ON11jzk9uFJG9uVB9+2cYJklWBreLoOHVLEvt/"},"senderMessageKeys":[]},{"senderKeyId":1093499068,"senderChainKey":{"iteration":16,"seed":"NDdw2fwRxo+9gLgceRSTlwDF1wg1I8s3J9ucg3jFy2g="},"senderSigningKey":{"public":"BX0nG2ON11jzk9uFJG9uVB9+2cYJklWBreLoOHVLEvt/"},"senderMessageKeys":[]},{"senderKeyId":1093499068,"senderChainKey":{"iteration":17,"seed":"zfQ393d07gxkcN0akUhUOZCRd4T6B4u+QDK+seaoNws="},"senderSigningKey":{"public":"BX0nG2ON11jzk9uFJG9uVB9+2cYJklWBreLoOHVLEvt/"},"senderMessageKeys":[]},{"senderKeyId":1093499068,"senderChainKey":{"iteration":18,"seed":"20bNAhQA5MkbqUECOWk39QaDair5NkiTy62iqXqI1Lg="},"senderSigningKey":{"public":"BX0nG2ON11jzk9uFJG9uVB9+2cYJklWBreLoOHVLEvt/"},"senderMessageKeys":[]},{"senderKeyId":1093499068,"senderChainKey":{"iteration":19,"seed":"lfIJkXTQNP19x7p34nNdUhFOu1sY0qSboa+HQcB5mxM="},"senderSigningKey":{"public":"BX0nG2ON11jzk9uFJG9uVB9+2cYJklWBreLoOHVLEvt/"},"senderMessageKeys":[]},{"senderKeyId":1093499068,"senderChainKey":{"iteration":20,"seed":"BsqE/2Xau7SeChVmOA+nuWCcfLpTstiDHWzYYDHATu8="},"senderSigningKey":{"public":"BX0nG2ON11jzk9uFJG9uVB9+2cYJklWBreLoOHVLEvt/"},"senderMessageKeys":[]},{"senderKeyId":1093499068,"senderChainKey":{"iteration":21,"seed":"hyfZLrDdiLg9e07qLYr6U1Iw606SJl4zUyyY/csxiy0="},"senderSigningKey":{"public":"BX0nG2ON11jzk9uFJG9uVB9+2cYJklWBreLoOHVLEvt/"},"senderMessageKeys":[]},{"senderKeyId":1093499068,"senderChainKey":{"iteration":22,"seed":"9gUCDuH/3mVjBWsN/rofjxF60m1YtVaWZAckN+H6X9U="},"senderSigningKey":{"public":"BX0nG2ON11jzk9uFJG9uVB9+2cYJklWBreLoOHVLEvt/"},"senderMessageKeys":[]},{"senderKeyId":1093499068,"senderChainKey":{"iteration":23,"seed":"fsmgOhdzJomWZgAL26u8Kfg0Uq82DpR0Cca0C2ueU+M="},"senderSigningKey":{"public":"BX0nG2ON11jzk9uFJG9uVB9+2cYJklWBreLoOHVLEvt/"},"senderMessageKeys":[]},{"senderKeyId":1093499068,"senderChainKey":{"iteration":24,"seed":"GWL9beBasl9XPmhFPhURZUVlG9rKhEgcFraxRvumPTI="},"senderSigningKey":{"public":"BX0nG2ON11jzk9uFJG9uVB9+2cYJklWBreLoOHVLEvt/"},"senderMessageKeys":[]},{"senderKeyId":1093499068,"senderChainKey":{"iteration":25,"seed":"4K97pNR9ZhWPsA1SIoTXO9HeHuQMkuFC9d9yjQGfyTU="},"senderSigningKey":{"public":"BX0nG2ON11jzk9uFJG9uVB9+2cYJklWBreLoOHVLEvt/"},"senderMessageKeys":[]},{"senderKeyId":1093499068,"senderChainKey":{"iteration":26,"seed":"QEDonkCrTjPyQ65F0k0C1VthmZK2rPh4IRCXG9oMAjE="},"senderSigningKey":{"public":"BX0nG2ON11jzk9uFJG9uVB9+2cYJklWBreLoOHVLEvt/"},"senderMessageKeys":[]},{"senderKeyId":1093499068,"senderChainKey":{"iteration":27,"seed":"Wo+VT8LDZAWEbD2dCtyeCQk+dXaxRFoa03r4EhWYtYk="},"senderSigningKey":{"public":"BX0nG2ON11jzk9uFJG9uVB9+2cYJklWBreLoOHVLEvt/"},"senderMessageKeys":[]},{"senderKeyId":1093499068,"senderChainKey":{"iteration":28,"seed":"k/i2h9j4n2RBbpIMeoPho2/3vuFHjCkJoK8oKHYeNWk="},"senderSigningKey":{"public":"BX0nG2ON11jzk9uFJG9uVB9+2cYJklWBreLoOHVLEvt/"},"senderMessageKeys":[]},{"senderKeyId":1093499068,"senderChainKey":{"iteration":29,"seed":"ahxa6k46NGaO2Jb0+0+ewN6vD2qQXhDDqMRD4r77u54="},"senderSigningKey":{"public":"BX0nG2ON11jzk9uFJG9uVB9+2cYJklWBreLoOHVLEvt/"},"senderMessageKeys":[]},{"senderKeyId":1093499068,"senderChainKey":{"iteration":30,"seed":"ZO9ybZijQhEXQ5BRmqYYaWRHCECjBbUZSyfukwzACF8="},"senderSigningKey":{"public":"BX0nG2ON11jzk9uFJG9uVB9+2cYJklWBreLoOHVLEvt/"},"senderMessageKeys":[]},{"senderKeyId":1093499068,"senderChainKey":{"iteration":31,"seed":"ss4MX+B0Y03bcJlRh3s69KnDBDTPuokDmTXT9C8pwtM="},"senderSigningKey":{"public":"BX0nG2ON11jzk9uFJG9uVB9+2cYJklWBreLoOHVLEvt/"},"senderMessageKeys":[]},{"senderKeyId":1093499068,"senderChainKey":{"iteration":32,"seed":"khZNBdHK5s2pf6dCrwY3NxWn3J2rZ4+tyJGpLspo4BY="},"senderSigningKey":{"public":"BX0nG2ON11jzk9uFJG9uVB9+2cYJklWBreLoOHVLEvt/"},"senderMessageKeys":[]},{"senderKeyId":1093499068,"senderChainKey":{"iteration":33,"seed":"7jFY3EMzzTCz87YYf+Q5OHX6tQpHHB7a3lQZNqaG6nQ="},"senderSigningKey":{"public":"BX0nG2ON11jzk9uFJG9uVB9+2cYJklWBreLoOHVLEvt/"},"senderMessageKeys":[]},{"senderKeyId":1093499068,"senderChainKey":{"iteration":34,"seed":"zudfDkhCE3uzK2ykzpPNx5+v329TsxwM2Kk32tMbWfQ="},"senderSigningKey":{"public":"BX0nG2ON11jzk9uFJG9uVB9+2cYJklWBreLoOHVLEvt/"},"senderMessageKeys":[]},{"senderKeyId":1093499068,"senderChainKey":{"iteration":35,"seed":"GtOMhTBtDifZR2i38Ip4bnTwZMFoBy4XFXEv51wpXKw="},"senderSigningKey":{"public":"BX0nG2ON11jzk9uFJG9uVB9+2cYJklWBreLoOHVLEvt/"},"senderMessageKeys":[]},{"senderKeyId":1093499068,"senderChainKey":{"iteration":36,"seed":"TVz24mRSGfIeCfQzAXw/zLjZ7YxOs+/q1SwLjf6KYoI="},"senderSigningKey":{"public":"BX0nG2ON11jzk9uFJG9uVB9+2cYJklWBreLoOHVLEvt/"},"senderMessageKeys":[]},{"senderKeyId":1093499068,"senderChainKey":{"iteration":37,"seed":"dNt057BHQBHY+akWxJCDwC/LbQT+Ke+svesiybQQUU0="},"senderSigningKey":{"public":"BX0nG2ON11jzk9uFJG9uVB9+2cYJklWBreLoOHVLEvt/"},"senderMessageKeys":[]},{"senderKeyId":1093499068,"senderChainKey":{"iteration":38,"seed":"fnQ399zhDL1LUaoSsB+6EQXG0eJbKoQgEd0UJJCxT8s="},"senderSigningKey":{"public":"BX0nG2ON11jzk9uFJG9uVB9+2cYJklWBreLoOHVLEvt/"},"senderMessageKeys":[]},{"senderKeyId":1093499068,"senderChainKey":{"iteration":39,"seed":"Wg2e//EvLySgTgPKx5Wn3qt0l9wtXYahHEZIhXGEwos="},"senderSigningKey":{"public":"BX0nG2ON11jzk9uFJG9uVB9+2cYJklWBreLoOHVLEvt/"},"senderMessageKeys":[]},{"senderKeyId":1093499068,"senderChainKey":{"iteration":40,"seed":"bCbsqvyUZ06PGlCKWnsaggu/xFZ0KPM+m9xnUJdixjo="},"senderSigningKey":{"public":"BX0nG2ON11jzk9uFJG9uVB9+2cYJklWBreLoOHVLEvt/"},"senderMessageKeys":[]},{"senderKeyId":1093499068,"senderChainKey":{"iteration":41,"seed":"R9GDWnqylL3TwcjXZWzrge4KG3Z/0oYcssO/SiTlNpw="},"senderSigningKey":{"public":"BX0nG2ON11jzk9uFJG9uVB9+2cYJklWBreLoOHVLEvt/"},"senderMessageKeys":[]},{"senderKeyId":1093499068,"senderChainKey":{"iteration":42,"seed":"yvZhWu1KmKJb1RaylfrP3wB3kye/YqVNFgrgzCqHwIo="},"senderSigningKey":{"public":"BX0nG2ON11jzk9uFJG9uVB9+2cYJklWBreLoOHVLEvt/"},"senderMessageKeys":[]},{"senderKeyId":1093499068,"senderChainKey":{"iteration":43,"seed":"pLwK4xxfw3nIvE81AJvjQo87ZQ2tJeUqEqLGf2XmuIk="},"senderSigningKey":{"public":"BX0nG2ON11jzk9uFJG9uVB9+2cYJklWBreLoOHVLEvt/"},"senderMessageKeys":[]},{"senderKeyId":1093499068,"senderChainKey":{"iteration":44,"seed":"zwuhzAnOOMlhkMdYvBU7srwbcP3nKjCfYeVmyaH/DO0="},"senderSigningKey":{"public":"BX0nG2ON11jzk9uFJG9uVB9+2cYJklWBreLoOHVLEvt/"},"senderMessageKeys":[]},{"senderKeyId":1093499068,"senderChainKey":{"iteration":45,"seed":"d/DPLAlr+RToDoH21+55N9woeEXHelxfi2bEw4Gfu5Q="},"senderSigningKey":{"public":"BX0nG2ON11jzk9uFJG9uVB9+2cYJklWBreLoOHVLEvt/"},"senderMessageKeys":[]},{"senderKeyId":1093499068,"senderChainKey":{"iteration":46,"seed":"1ZkP20ApGFJgPRfiN8RdvYkFkdN1aRehwslR+DB5rbA="},"senderSigningKey":{"public":"BX0nG2ON11jzk9uFJG9uVB9+2cYJklWBreLoOHVLEvt/"},"senderMessageKeys":[]},{"senderKeyId":1093499068,"senderChainKey":{"iteration":47,"seed":"tEEgalvi1kVOKRZQi1hFKN4urvMBYYsCmEZWUDHW6YQ="},"senderSigningKey":{"public":"BX0nG2ON11jzk9uFJG9uVB9+2cYJklWBreLoOHVLEvt/"},"senderMessageKeys":[]},{"senderKeyId":1093499068,"senderChainKey":{"iteration":48,"seed":"dGPaIiSItFodrHDIzUDyKPnDQxAP0qnECKjBk/h6tIo="},"senderSigningKey":{"public":"BX0nG2ON11jzk9uFJG9uVB9+2cYJklWBreLoOHVLEvt/"},"senderMessageKeys":[]},{"senderKeyId":1093499068,"senderChainKey":{"iteration":49,"seed":"P1BPkk8cT2DGLPgYvIVy3Zupn/qkES7Zq17lOhogclw="},"senderSigningKey":{"public":"BX0nG2ON11jzk9uFJG9uVB9+2cYJklWBreLoOHVLEvt/"},"senderMessageKeys":[]},{"senderKeyId":1093499068,"senderChainKey":{"iteration":50,"seed":"T+LPDuPWjwJ7iG9qUnWLfmd79KXEPeHSLEmYqmfgiAg="},"senderSigningKey":{"public":"BX0nG2ON11jzk9uFJG9uVB9+2cYJklWBreLoOHVLEvt/"},"senderMessageKeys":[]},{"senderKeyId":1093499068,"senderChainKey":{"iteration":51,"seed":"0Ht0otx9kvzFMPDgtQdiW5yZXw/oThANlzulxkg6Ubo="},"senderSigningKey":{"public":"BX0nG2ON11jzk9uFJG9uVB9+2cYJklWBreLoOHVLEvt/"},"senderMessageKeys":[]},{"senderKeyId":1093499068,"senderChainKey":{"iteration":52,"seed":"0fxmEMojDsacjT3VR5c9Up2qetXvzDXm93mb6GlgS8U="},"senderSigningKey":{"public":"BX0nG2ON11jzk9uFJG9uVB9+2cYJklWBreLoOHVLEvt/"},"senderMessageKeys":[]},{"senderKeyId":1093499068,"senderChainKey":{"iteration":53,"seed":"G19zDrB/r7o+w2H8XLq3nMc1XqGAd1Hy+Is0CKFnRuM="},"senderSigningKey":{"public":"BX0nG2ON11jzk9uFJG9uVB9+2cYJklWBreLoOHVLEvt/"},"senderMessageKeys":[]},{"senderKeyId":1093499068,"senderChainKey":{"iteration":54,"seed":"LvOU5zTXfx0USu3hlVM/Go63plvqptoCefk5BBWQpZU="},"senderSigningKey":{"public":"BX0nG2ON11jzk9uFJG9uVB9+2cYJklWBreLoOHVLEvt/"},"senderMessageKeys":[]},{"senderKeyId":1111644456,"senderChainKey":{"iteration":0,"seed":"IPNWtfPMYzRYqz3aH1xpyTnE6BWJtAopkBLcvI27ccY="},"senderSigningKey":{"public":"BQH+7nfsDKVU2u20WPDjSyw9zrokZbGO/qG73C1HbkRQ"},"senderMessageKeys":[]},{"senderKeyId":641474895,"senderChainKey":{"iteration":0,"seed":"b0ymEfI6HGwX2qn3F5StnrmZ80P5iZBcxBBJs/NPKO4="},"senderSigningKey":{"public":"BddbvpnMiSb6EkJayHxWkCvXSUCQUDeTrIriaTNGJ1kW"}}]