[{"senderKeyId":1758117372,"senderChainKey":{"iteration":2,"seed":"5sOfWWOb8gvCIvXAMQ/KKeODlzkiVWY8Md0BBtaav3c="},"senderSigningKey":{"public":"BQPfRbOefOJxEsLrs2GfrZvqW5xsVxol1GbCxSZQd7RO"},"senderMessageKeys":[]},{"senderKeyId":893983990,"senderChainKey":{"iteration":0,"seed":"S1IgeXGg++j7ug50u34xoKi04TSyodqfTS9dGUU4PYA="},"senderSigningKey":{"public":"BSenkER74VEVNBhm3V1rTufNwNsZ5hTSFMD7bNlnP8AT"},"senderMessageKeys":[]},{"senderKeyId":893983990,"senderChainKey":{"iteration":1,"seed":"5nR/TNKklqw12vpJc4IrQNrp/VliVhfMCWU/Yr8Lwco="},"senderSigningKey":{"public":"BSenkER74VEVNBhm3V1rTufNwNsZ5hTSFMD7bNlnP8AT"},"senderMessageKeys":[]},{"senderKeyId":893983990,"senderChainKey":{"iteration":1,"seed":"5nR/TNKklqw12vpJc4IrQNrp/VliVhfMCWU/Yr8Lwco="},"senderSigningKey":{"public":"BSenkER74VEVNBhm3V1rTufNwNsZ5hTSFMD7bNlnP8AT"},"senderMessageKeys":[]},{"senderKeyId":893983990,"senderChainKey":{"iteration":2,"seed":"hGD4zwPpDDbaEgTHPdGaiKKbAY8rwd3sL09uLZzJlDA="},"senderSigningKey":{"public":"BSenkER74VEVNBhm3V1rTufNwNsZ5hTSFMD7bNlnP8AT"},"senderMessageKeys":[]},{"senderKeyId":1060156260,"senderChainKey":{"iteration":0,"seed":"ndevkJeSLp4kdPGqwQlBGPiAe7pgGACA+GnsCSzFy/I="},"senderSigningKey":{"public":"BdsmPucLobliU9OO/iI3l/rMMZs6DgYvfJs44bIR6eRt"},"senderMessageKeys":[]},{"senderKeyId":1586787344,"senderChainKey":{"iteration":0,"seed":"9Z2Lzb7Zwm0j6SHOAScHbwCqhEC4Rapn+uAH8O85neo="},"senderSigningKey":{"public":"Barotnfv9+7uW7yzsIoAp9/HSjNVLGaF2z5vsFal+HZx"},"senderMessageKeys":[]},{"senderKeyId":1586787344,"senderChainKey":{"iteration":1,"seed":"RIF2O/Edvc7IC0G/+dsF2ZZNw98mqZC7rTh0DCkIv9w="},"senderSigningKey":{"public":"Barotnfv9+7uW7yzsIoAp9/HSjNVLGaF2z5vsFal+HZx"},"senderMessageKeys":[]},{"senderKeyId":498259634,"senderChainKey":{"iteration":0,"seed":"mkdLTZMNBZh/t4V+RMQKHKFQ1EJyvWyBbYyzI5hSEsM="},"senderSigningKey":{"public":"BecboPK9oSPKyfZICoP6OwgVIaNMOoeJVZFEYlRlL/8r"}}]