[{"senderKeyId":732058972,"senderChainKey":{"iteration":0,"seed":"2kL4vwF7YX+5WGad7iLz5/y6/hw63W3e8ZvhgqLl+Cw="},"senderSigningKey":{"public":"BfqZgT7xHJrehLrmCscAp7mrJdEjTQfhBf7zyTBj6Mpc"},"senderMessageKeys":[]},{"senderKeyId":1472600041,"senderChainKey":{"iteration":0,"seed":"Vmj8aSOgUBbaeNBR+BfJHvA2lGzfleyBjSLjFfncmQs="},"senderSigningKey":{"public":"Bdg54gbzmyMyw6k9Q0PZ6woezn4IxuZ55Qdjcy8Il48m"},"senderMessageKeys":[]},{"senderKeyId":1472600041,"senderChainKey":{"iteration":5,"seed":"XIsOKSRpmSGKQM1qh4btoCZSYSXQGB5HjfKLBK7fDW8="},"senderSigningKey":{"public":"Bdg54gbzmyMyw6k9Q0PZ6woezn4IxuZ55Qdjcy8Il48m"},"senderMessageKeys":[]},{"senderKeyId":1472600041,"senderChainKey":{"iteration":5,"seed":"XIsOKSRpmSGKQM1qh4btoCZSYSXQGB5HjfKLBK7fDW8="},"senderSigningKey":{"public":"Bdg54gbzmyMyw6k9Q0PZ6woezn4IxuZ55Qdjcy8Il48m"},"senderMessageKeys":[]},{"senderKeyId":1472600041,"senderChainKey":{"iteration":5,"seed":"XIsOKSRpmSGKQM1qh4btoCZSYSXQGB5HjfKLBK7fDW8="},"senderSigningKey":{"public":"Bdg54gbzmyMyw6k9Q0PZ6woezn4IxuZ55Qdjcy8Il48m"},"senderMessageKeys":[]},{"senderKeyId":1472600041,"senderChainKey":{"iteration":5,"seed":"XIsOKSRpmSGKQM1qh4btoCZSYSXQGB5HjfKLBK7fDW8="},"senderSigningKey":{"public":"Bdg54gbzmyMyw6k9Q0PZ6woezn4IxuZ55Qdjcy8Il48m"},"senderMessageKeys":[]},{"senderKeyId":1472600041,"senderChainKey":{"iteration":5,"seed":"XIsOKSRpmSGKQM1qh4btoCZSYSXQGB5HjfKLBK7fDW8="},"senderSigningKey":{"public":"Bdg54gbzmyMyw6k9Q0PZ6woezn4IxuZ55Qdjcy8Il48m"},"senderMessageKeys":[]},{"senderKeyId":1472600041,"senderChainKey":{"iteration":5,"seed":"XIsOKSRpmSGKQM1qh4btoCZSYSXQGB5HjfKLBK7fDW8="},"senderSigningKey":{"public":"Bdg54gbzmyMyw6k9Q0PZ6woezn4IxuZ55Qdjcy8Il48m"},"senderMessageKeys":[]},{"senderKeyId":1472600041,"senderChainKey":{"iteration":5,"seed":"XIsOKSRpmSGKQM1qh4btoCZSYSXQGB5HjfKLBK7fDW8="},"senderSigningKey":{"public":"Bdg54gbzmyMyw6k9Q0PZ6woezn4IxuZ55Qdjcy8Il48m"},"senderMessageKeys":[]},{"senderKeyId":726027924,"senderChainKey":{"iteration":0,"seed":"z6buRTA/ccoGO5qvtFNyMc/CPWBb9hDpQJEG3wqY3vE="},"senderSigningKey":{"public":"BXcfiqpnDUBq5zJ60l3/ke/SNLYngoIHf+ySMdqWWcwd"},"senderMessageKeys":[]},{"senderKeyId":726027924,"senderChainKey":{"iteration":5,"seed":"NDWFJ/Myx72vEM/9IAnKiDSjTJwZdnH82WUP3uB2Ros="},"senderSigningKey":{"public":"BXcfiqpnDUBq5zJ60l3/ke/SNLYngoIHf+ySMdqWWcwd"},"senderMessageKeys":[]},{"senderKeyId":1988204408,"senderChainKey":{"iteration":0,"seed":"q7MxMyGntI/aPVob2KrIus1bzidMbCyZEpSy56felBQ="},"senderSigningKey":{"public":"Bd+fK3b60gkvCbSaMpvWdPoXHMYykRCTvn4Dj1riuZJz"},"senderMessageKeys":[]},{"senderKeyId":1988204408,"senderChainKey":{"iteration":0,"seed":"q7MxMyGntI/aPVob2KrIus1bzidMbCyZEpSy56felBQ="},"senderSigningKey":{"public":"Bd+fK3b60gkvCbSaMpvWdPoXHMYykRCTvn4Dj1riuZJz"},"senderMessageKeys":[]},{"senderKeyId":1988204408,"senderChainKey":{"iteration":0,"seed":"q7MxMyGntI/aPVob2KrIus1bzidMbCyZEpSy56felBQ="},"senderSigningKey":{"public":"Bd+fK3b60gkvCbSaMpvWdPoXHMYykRCTvn4Dj1riuZJz"},"senderMessageKeys":[]},{"senderKeyId":1988204408,"senderChainKey":{"iteration":0,"seed":"q7MxMyGntI/aPVob2KrIus1bzidMbCyZEpSy56felBQ="},"senderSigningKey":{"public":"Bd+fK3b60gkvCbSaMpvWdPoXHMYykRCTvn4Dj1riuZJz"},"senderMessageKeys":[]},{"senderKeyId":1988204408,"senderChainKey":{"iteration":0,"seed":"q7MxMyGntI/aPVob2KrIus1bzidMbCyZEpSy56felBQ="},"senderSigningKey":{"public":"Bd+fK3b60gkvCbSaMpvWdPoXHMYykRCTvn4Dj1riuZJz"},"senderMessageKeys":[]},{"senderKeyId":1988204408,"senderChainKey":{"iteration":0,"seed":"q7MxMyGntI/aPVob2KrIus1bzidMbCyZEpSy56felBQ="},"senderSigningKey":{"public":"Bd+fK3b60gkvCbSaMpvWdPoXHMYykRCTvn4Dj1riuZJz"},"senderMessageKeys":[]},{"senderKeyId":1988204408,"senderChainKey":{"iteration":0,"seed":"q7MxMyGntI/aPVob2KrIus1bzidMbCyZEpSy56felBQ="},"senderSigningKey":{"public":"Bd+fK3b60gkvCbSaMpvWdPoXHMYykRCTvn4Dj1riuZJz"},"senderMessageKeys":[]},{"senderKeyId":1988204408,"senderChainKey":{"iteration":0,"seed":"q7MxMyGntI/aPVob2KrIus1bzidMbCyZEpSy56felBQ="},"senderSigningKey":{"public":"Bd+fK3b60gkvCbSaMpvWdPoXHMYykRCTvn4Dj1riuZJz"}}]