[{"senderKeyId":185780108,"senderChainKey":{"iteration":0,"seed":"2KrGns0w8mW6KyBMo8C23HY4ddAGgNnhTjHxaamljfU="},"senderSigningKey":{"public":"BU1yfsiDtzikOO+XiXD72Ksc37wUmpiHZvN2JKmZA2ZA"},"senderMessageKeys":[]},{"senderKeyId":185780108,"senderChainKey":{"iteration":3,"seed":"DIkxX4sFNhucxWMp0OUuWOkyL73z4y5JWrvBjozKyec="},"senderSigningKey":{"public":"BU1yfsiDtzikOO+XiXD72Ksc37wUmpiHZvN2JKmZA2ZA"},"senderMessageKeys":[]},{"senderKeyId":185780108,"senderChainKey":{"iteration":1,"seed":"jqASczMuXVW/NJQGAugerHGGxIeEORbfNb3EdwGYVWQ="},"senderSigningKey":{"public":"BU1yfsiDtzikOO+XiXD72Ksc37wUmpiHZvN2JKmZA2ZA"},"senderMessageKeys":[]},{"senderKeyId":217587134,"senderChainKey":{"iteration":0,"seed":"V9Py5Og6az1pxJRIPDI/XP6Lho95AP267L66pS3NKZg="},"senderSigningKey":{"public":"BUWX9JNO8Q9JpQWyR/Xx0e/IlpDmMigAXq/CIqlafA0q"},"senderMessageKeys":[]},{"senderKeyId":217587134,"senderChainKey":{"iteration":1,"seed":"QR8t93/CUOdVBEI4Ba6iRmLePIrgSPz0E6OfqtA3qWc="},"senderSigningKey":{"public":"BUWX9JNO8Q9JpQWyR/Xx0e/IlpDmMigAXq/CIqlafA0q"},"senderMessageKeys":[]},{"senderKeyId":1947448121,"senderChainKey":{"iteration":0,"seed":"ekW1RS2W497Jfvivg1N16jrr0j4Mmf17vGbs/bD3SKA="},"senderSigningKey":{"public":"BakrEajeyWYymXC54LOI1aJAL20tPoYfwQLLJFX90Gdg"}}]