[{"senderKeyId":2070693074,"senderChainKey":{"iteration":2,"seed":"6ZP/s+A8qVFG77XJQ6lX3mhYf7aQFuw3k1KGeaYyM0g="},"senderSigningKey":{"public":"BflgNnvdI6VlbW0GiIW2uvIZXhaglGV8I/I3OUDsNP45"},"senderMessageKeys":[]},{"senderKeyId":2070693074,"senderChainKey":{"iteration":4,"seed":"/LaR9/R+0H1mfEFbNVdE6uy2MKaraRChW9jVcg/sl/M="},"senderSigningKey":{"public":"BflgNnvdI6VlbW0GiIW2uvIZXhaglGV8I/I3OUDsNP45"},"senderMessageKeys":[]},{"senderKeyId":2070693074,"senderChainKey":{"iteration":4,"seed":"/LaR9/R+0H1mfEFbNVdE6uy2MKaraRChW9jVcg/sl/M="},"senderSigningKey":{"public":"BflgNnvdI6VlbW0GiIW2uvIZXhaglGV8I/I3OUDsNP45"}}]