[{"senderKeyId":2126707927,"senderChainKey":{"iteration":2,"seed":"NZ3WiUcgQzY/FVKb06tj1dMJgtE/+LAYqaap1CvqGzI="},"senderSigningKey":{"public":"BbFeulXx3rSZIiQx8ievs+EY44yPceN0/D1QYtxcazZ3"},"senderMessageKeys":[]},{"senderKeyId":2126707927,"senderChainKey":{"iteration":2,"seed":"NZ3WiUcgQzY/FVKb06tj1dMJgtE/+LAYqaap1CvqGzI="},"senderSigningKey":{"public":"BbFeulXx3rSZIiQx8ievs+EY44yPceN0/D1QYtxcazZ3"},"senderMessageKeys":[]},{"senderKeyId":2126707927,"senderChainKey":{"iteration":3,"seed":"DCAXlGbhmxnZYRKrqs/x9NXNrJpz+bTaGKdRecRDjLo="},"senderSigningKey":{"public":"BbFeulXx3rSZIiQx8ievs+EY44yPceN0/D1QYtxcazZ3"}}]