[{"senderKeyId":1830958096,"senderChainKey":{"iteration":0,"seed":"ouxvVHmLtINqE3eIU9942Q/T0DN5si9NR1wrO9q5HKc="},"senderSigningKey":{"public":"BQZ45qtCIuRElYtxwUwMrG6bzBJQDHaF5NQIUiuZNAle"},"senderMessageKeys":[]},{"senderKeyId":1830958096,"senderChainKey":{"iteration":1,"seed":"Dp97xiG5IFBme4aeiz0g7je166eon9OyLcyKk1qD+64="},"senderSigningKey":{"public":"BQZ45qtCIuRElYtxwUwMrG6bzBJQDHaF5NQIUiuZNAle"},"senderMessageKeys":[]},{"senderKeyId":1830958096,"senderChainKey":{"iteration":2,"seed":"v/jZit5hIx4QKdAEk1vSY5LI4EIrTT2qmV999UfUmFo="},"senderSigningKey":{"public":"BQZ45qtCIuRElYtxwUwMrG6bzBJQDHaF5NQIUiuZNAle"},"senderMessageKeys":[]},{"senderKeyId":432838110,"senderChainKey":{"iteration":0,"seed":"OKZzXF9A8pZ9axS4KZLbUOpmkBchcVgGh8E7h3GNWJE="},"senderSigningKey":{"public":"BeDvpyswrwfV9V2bLg8nHa8rfKYcfkYgK8I2WoXsrRUJ"},"senderMessageKeys":[]},{"senderKeyId":1528934848,"senderChainKey":{"iteration":0,"seed":"6t+Ef02Pj6NZ0eJasaQnk0KgeZ1VQJrdHk8lhhlTT0U="},"senderSigningKey":{"public":"BSXKoqYx69dedvdVnY74qACq+SPWrOO3ulbQtFYgShVz"}}]