[{"senderKeyId":964471689,"senderChainKey":{"iteration":0,"seed":"tqLCGWUA1JriAam/z5+WLsFnqVLxAHWJfKW9KNfSuZo="},"senderSigningKey":{"public":"BVDktywedlcRZ/rFKTNGnwski/lB0cJxiy9GCw2rpvB0"},"senderMessageKeys":[]},{"senderKeyId":964471689,"senderChainKey":{"iteration":1,"seed":"/ye5zNhc3LxfhpPAR/JqmOlV8wzQu5fWMJGe5/q0Lpc="},"senderSigningKey":{"public":"BVDktywedlcRZ/rFKTNGnwski/lB0cJxiy9GCw2rpvB0"},"senderMessageKeys":[]},{"senderKeyId":964471689,"senderChainKey":{"iteration":2,"seed":"NrQG0UZ0A8p8WkobPSCNGxt/vnHZg+A/eALkvJG5r1g="},"senderSigningKey":{"public":"BVDktywedlcRZ/rFKTNGnwski/lB0cJxiy9GCw2rpvB0"}}]