[{"senderKeyId":1679950643,"senderChainKey":{"iteration":5,"seed":"LLYJsZT46dAKldWX+s/OPpNtCJOPyx/HE05pIoXVCig="},"senderSigningKey":{"public":"Belvu/MklebZmyeNDDPVilqLWc2kB5yA+/HXhoOLS3kT"},"senderMessageKeys":[]},{"senderKeyId":1679950643,"senderChainKey":{"iteration":6,"seed":"OQI0SBZUEVLjN0wR368hZJsRaUlY9m7k2rwk/8XqmHM="},"senderSigningKey":{"public":"Belvu/MklebZmyeNDDPVilqLWc2kB5yA+/HXhoOLS3kT"},"senderMessageKeys":[]},{"senderKeyId":1679950643,"senderChainKey":{"iteration":8,"seed":"OiEyhJ5xV4TLkdGXBDB8Vco0XJM7rppU2OBttC27tvA="},"senderSigningKey":{"public":"Belvu/MklebZmyeNDDPVilqLWc2kB5yA+/HXhoOLS3kT"},"senderMessageKeys":[]},{"senderKeyId":1679950643,"senderChainKey":{"iteration":9,"seed":"jnvxyJ+VMFIZmgv95Q4UV9x7e4BUYmaetTmao5Sz6DY="},"senderSigningKey":{"public":"Belvu/MklebZmyeNDDPVilqLWc2kB5yA+/HXhoOLS3kT"},"senderMessageKeys":[]},{"senderKeyId":1679950643,"senderChainKey":{"iteration":11,"seed":"zwT03sqaEtavFEyUqJj7FBFVWjglsH0noIy7joRPt4w="},"senderSigningKey":{"public":"Belvu/MklebZmyeNDDPVilqLWc2kB5yA+/HXhoOLS3kT"},"senderMessageKeys":[]},{"senderKeyId":1679950643,"senderChainKey":{"iteration":12,"seed":"OdBwACHdclldyap5G0Iv9CHXTFtussnepbMT4mQGNSw="},"senderSigningKey":{"public":"Belvu/MklebZmyeNDDPVilqLWc2kB5yA+/HXhoOLS3kT"},"senderMessageKeys":[]},{"senderKeyId":1679950643,"senderChainKey":{"iteration":12,"seed":"OdBwACHdclldyap5G0Iv9CHXTFtussnepbMT4mQGNSw="},"senderSigningKey":{"public":"Belvu/MklebZmyeNDDPVilqLWc2kB5yA+/HXhoOLS3kT"},"senderMessageKeys":[]},{"senderKeyId":1679950643,"senderChainKey":{"iteration":12,"seed":"OdBwACHdclldyap5G0Iv9CHXTFtussnepbMT4mQGNSw="},"senderSigningKey":{"public":"Belvu/MklebZmyeNDDPVilqLWc2kB5yA+/HXhoOLS3kT"},"senderMessageKeys":[]},{"senderKeyId":1679950643,"senderChainKey":{"iteration":13,"seed":"Dk5vN0JNOuQBXh3A2cPgttQ/Z3Js5I8dhuHtyEW6CEs="},"senderSigningKey":{"public":"Belvu/MklebZmyeNDDPVilqLWc2kB5yA+/HXhoOLS3kT"}}]