[{"senderKeyId":2083193426,"senderChainKey":{"iteration":7,"seed":"CdkquacjSvo67PaWlCR76m4JhP3upyrJT1G5AiqrnUI="},"senderSigningKey":{"public":"BXVjCbrCV/Pm2lQ2iTt1u5IYvdokWhL9TXOXg6+2kK0K"},"senderMessageKeys":[]},{"senderKeyId":2083193426,"senderChainKey":{"iteration":8,"seed":"q0DcI3FRuf74iu9VewqDJMEoMAm2oaQX16XviBNN3qQ="},"senderSigningKey":{"public":"BXVjCbrCV/Pm2lQ2iTt1u5IYvdokWhL9TXOXg6+2kK0K"},"senderMessageKeys":[]},{"senderKeyId":2083193426,"senderChainKey":{"iteration":9,"seed":"/fJgiasn/EmLJBpVPP5fojSnuycUWzaJBt5Cg5N9BZo="},"senderSigningKey":{"public":"BXVjCbrCV/Pm2lQ2iTt1u5IYvdokWhL9TXOXg6+2kK0K"},"senderMessageKeys":[]},{"senderKeyId":2083193426,"senderChainKey":{"iteration":10,"seed":"SLs9XFgjiO3/AtPW0mpEZms1okZp4X8/9yDGzORMRNo="},"senderSigningKey":{"public":"BXVjCbrCV/Pm2lQ2iTt1u5IYvdokWhL9TXOXg6+2kK0K"}}]