[{"senderKeyId":287201725,"senderChainKey":{"iteration":0,"seed":"2JEpjxHDhgx+C+UVTHMW5pKfu+xgv7WecyHJO0cshdo="},"senderSigningKey":{"public":"BYx3+pF4KepCVOitLOBYrqrvb+RO17LOz7Jn3qHV2fwp"},"senderMessageKeys":[]},{"senderKeyId":287201725,"senderChainKey":{"iteration":1,"seed":"zpeCrgq4jobbepS2Rndq3NIwwKizdD7aBrU9yWKSZMI="},"senderSigningKey":{"public":"BYx3+pF4KepCVOitLOBYrqrvb+RO17LOz7Jn3qHV2fwp"},"senderMessageKeys":[]},{"senderKeyId":287201725,"senderChainKey":{"iteration":2,"seed":"lJx7CxeBqG8UdZ8TApUg/2WAq5OrE16h0a4CfyfNZEA="},"senderSigningKey":{"public":"BYx3+pF4KepCVOitLOBYrqrvb+RO17LOz7Jn3qHV2fwp"},"senderMessageKeys":[]},{"senderKeyId":287201725,"senderChainKey":{"iteration":3,"seed":"11BdRN9LTCMbIwf+z+WgdClNWYvoB9E23phLbB2iJRU="},"senderSigningKey":{"public":"BYx3+pF4KepCVOitLOBYrqrvb+RO17LOz7Jn3qHV2fwp"},"senderMessageKeys":[]},{"senderKeyId":287201725,"senderChainKey":{"iteration":4,"seed":"cRk4PJ6QzS+kJdYJubxMqdRtAFtV4DWLILb/TzvhMzw="},"senderSigningKey":{"public":"BYx3+pF4KepCVOitLOBYrqrvb+RO17LOz7Jn3qHV2fwp"},"senderMessageKeys":[]},{"senderKeyId":287201725,"senderChainKey":{"iteration":5,"seed":"KUEzaBQ57iE4+zoGco32HHf1foLCpT8EL0mRo/lJl4I="},"senderSigningKey":{"public":"BYx3+pF4KepCVOitLOBYrqrvb+RO17LOz7Jn3qHV2fwp"},"senderMessageKeys":[]},{"senderKeyId":287201725,"senderChainKey":{"iteration":6,"seed":"pzZNz+aQtTDy1ewctQfo9UAhcBZNxDN1sRMEz2VnJAU="},"senderSigningKey":{"public":"BYx3+pF4KepCVOitLOBYrqrvb+RO17LOz7Jn3qHV2fwp"},"senderMessageKeys":[]},{"senderKeyId":287201725,"senderChainKey":{"iteration":7,"seed":"52CrM0R5PtBPqsNBVN+8KJEXljzji5kC68eWzMbiSus="},"senderSigningKey":{"public":"BYx3+pF4KepCVOitLOBYrqrvb+RO17LOz7Jn3qHV2fwp"},"senderMessageKeys":[]},{"senderKeyId":287201725,"senderChainKey":{"iteration":8,"seed":"cwBL34p7YJXgy8bEec7jmbtncRgjveyq1q4JgmhanRA="},"senderSigningKey":{"public":"BYx3+pF4KepCVOitLOBYrqrvb+RO17LOz7Jn3qHV2fwp"},"senderMessageKeys":[]},{"senderKeyId":287201725,"senderChainKey":{"iteration":9,"seed":"TXSWukY+RIy9+ipizJfAmZ9F+Lff9t1dly9ey8BtYvw="},"senderSigningKey":{"public":"BYx3+pF4KepCVOitLOBYrqrvb+RO17LOz7Jn3qHV2fwp"},"senderMessageKeys":[]},{"senderKeyId":287201725,"senderChainKey":{"iteration":10,"seed":"WUSbtJBEISHNI9OPlKweZwaX2XoIGMGycuvonhHmphE="},"senderSigningKey":{"public":"BYx3+pF4KepCVOitLOBYrqrvb+RO17LOz7Jn3qHV2fwp"},"senderMessageKeys":[]},{"senderKeyId":287201725,"senderChainKey":{"iteration":11,"seed":"d8dxBMZ1BOjuthFdmX8d0fVrBM7uTrKvICd4w62t8BA="},"senderSigningKey":{"public":"BYx3+pF4KepCVOitLOBYrqrvb+RO17LOz7Jn3qHV2fwp"},"senderMessageKeys":[]},{"senderKeyId":287201725,"senderChainKey":{"iteration":12,"seed":"iAvSSXTYpxGUu3k6w6VXx//Z6BGnasfFYL7Mt+lC/k4="},"senderSigningKey":{"public":"BYx3+pF4KepCVOitLOBYrqrvb+RO17LOz7Jn3qHV2fwp"},"senderMessageKeys":[]},{"senderKeyId":287201725,"senderChainKey":{"iteration":13,"seed":"HiVOTkFx0wH/Uj8Y4dsu4MmKBdTvg+F0L4Z9UwpcD0w="},"senderSigningKey":{"public":"BYx3+pF4KepCVOitLOBYrqrvb+RO17LOz7Jn3qHV2fwp"},"senderMessageKeys":[]},{"senderKeyId":287201725,"senderChainKey":{"iteration":14,"seed":"DfB5mn4Qj0AjBZk/TLEWJLSOUhSzP6KgiCANWyexMrw="},"senderSigningKey":{"public":"BYx3+pF4KepCVOitLOBYrqrvb+RO17LOz7Jn3qHV2fwp"},"senderMessageKeys":[]},{"senderKeyId":287201725,"senderChainKey":{"iteration":15,"seed":"uV6nHG6YiCwGIkz5I0bafQE7oFOd28UI2jRB6lYusmo="},"senderSigningKey":{"public":"BYx3+pF4KepCVOitLOBYrqrvb+RO17LOz7Jn3qHV2fwp"},"senderMessageKeys":[]},{"senderKeyId":287201725,"senderChainKey":{"iteration":16,"seed":"aFHPbE4Ne7YDzV8p+Ypkb67bZ/KqbTut+JnVna15SFQ="},"senderSigningKey":{"public":"BYx3+pF4KepCVOitLOBYrqrvb+RO17LOz7Jn3qHV2fwp"},"senderMessageKeys":[]},{"senderKeyId":287201725,"senderChainKey":{"iteration":17,"seed":"TUrrq8CZMjVhp3Aw0T24yvkYuVE68G2vSH5U3QD+1Zo="},"senderSigningKey":{"public":"BYx3+pF4KepCVOitLOBYrqrvb+RO17LOz7Jn3qHV2fwp"},"senderMessageKeys":[]},{"senderKeyId":287201725,"senderChainKey":{"iteration":18,"seed":"1TvpeP1s/ejuKpX696bKUCQCe5n86a/SWI/uVffYe20="},"senderSigningKey":{"public":"BYx3+pF4KepCVOitLOBYrqrvb+RO17LOz7Jn3qHV2fwp"},"senderMessageKeys":[]},{"senderKeyId":287201725,"senderChainKey":{"iteration":19,"seed":"hs6xukKlaxK/MBJGwpwiY+TScQkiNDmzBsDduj28QqA="},"senderSigningKey":{"public":"BYx3+pF4KepCVOitLOBYrqrvb+RO17LOz7Jn3qHV2fwp"},"senderMessageKeys":[]},{"senderKeyId":287201725,"senderChainKey":{"iteration":20,"seed":"l/Xwk5gdhtkC9Dp044+8WVrd8vhGiiK0KsJn5w6O6Xs="},"senderSigningKey":{"public":"BYx3+pF4KepCVOitLOBYrqrvb+RO17LOz7Jn3qHV2fwp"},"senderMessageKeys":[]},{"senderKeyId":287201725,"senderChainKey":{"iteration":21,"seed":"nfhir1l27XlfMDMbmrAAXjO1KUcVlC8ZkFMZIqJvOag="},"senderSigningKey":{"public":"BYx3+pF4KepCVOitLOBYrqrvb+RO17LOz7Jn3qHV2fwp"},"senderMessageKeys":[]},{"senderKeyId":287201725,"senderChainKey":{"iteration":22,"seed":"RQ+dvPvnHggfFRYapaW6FD4dS+VPzmzGEawrXCQqaKE="},"senderSigningKey":{"public":"BYx3+pF4KepCVOitLOBYrqrvb+RO17LOz7Jn3qHV2fwp"},"senderMessageKeys":[]},{"senderKeyId":287201725,"senderChainKey":{"iteration":23,"seed":"bkmE5sxE89HX0xtrAzMT4hIql55LcAYNITMjXNjO2Mw="},"senderSigningKey":{"public":"BYx3+pF4KepCVOitLOBYrqrvb+RO17LOz7Jn3qHV2fwp"},"senderMessageKeys":[]},{"senderKeyId":287201725,"senderChainKey":{"iteration":24,"seed":"no0vFBhvItkPCdrANFZNGMo8377q2/pHIj/I4UEpvCM="},"senderSigningKey":{"public":"BYx3+pF4KepCVOitLOBYrqrvb+RO17LOz7Jn3qHV2fwp"},"senderMessageKeys":[]},{"senderKeyId":287201725,"senderChainKey":{"iteration":25,"seed":"oYEpVDHFwGuUchfr857/8B4QeMDYb2whd1qB+dCEAlg="},"senderSigningKey":{"public":"BYx3+pF4KepCVOitLOBYrqrvb+RO17LOz7Jn3qHV2fwp"},"senderMessageKeys":[]},{"senderKeyId":287201725,"senderChainKey":{"iteration":26,"seed":"MOAqRjH6ggsYuE/1KIbSSkB2R37+lPcOG/x0XmBe2u4="},"senderSigningKey":{"public":"BYx3+pF4KepCVOitLOBYrqrvb+RO17LOz7Jn3qHV2fwp"},"senderMessageKeys":[]},{"senderKeyId":287201725,"senderChainKey":{"iteration":27,"seed":"4SEbkimiHbTiyRI+bTr7cG/p/7hiXetD0Ye1gzF41Cw="},"senderSigningKey":{"public":"BYx3+pF4KepCVOitLOBYrqrvb+RO17LOz7Jn3qHV2fwp"},"senderMessageKeys":[]},{"senderKeyId":287201725,"senderChainKey":{"iteration":28,"seed":"Qd85dfrf7NF0H5a/I3onsO/RbJZz+6uuHJL3/lRpMSc="},"senderSigningKey":{"public":"BYx3+pF4KepCVOitLOBYrqrvb+RO17LOz7Jn3qHV2fwp"},"senderMessageKeys":[]},{"senderKeyId":287201725,"senderChainKey":{"iteration":29,"seed":"RL0REAPHuwtNHJBo29JQqFxaBpWEPNWfTSG235MMHZY="},"senderSigningKey":{"public":"BYx3+pF4KepCVOitLOBYrqrvb+RO17LOz7Jn3qHV2fwp"},"senderMessageKeys":[]},{"senderKeyId":287201725,"senderChainKey":{"iteration":30,"seed":"XRSLWiRfNDKsdDiO5QyyBchYOvzlWetXKTF6UOUNBDI="},"senderSigningKey":{"public":"BYx3+pF4KepCVOitLOBYrqrvb+RO17LOz7Jn3qHV2fwp"},"senderMessageKeys":[]},{"senderKeyId":287201725,"senderChainKey":{"iteration":31,"seed":"yWdIZ4s35cOFRtTBkYgCoZjp/ywr8EznRDO2DfLLfHc="},"senderSigningKey":{"public":"BYx3+pF4KepCVOitLOBYrqrvb+RO17LOz7Jn3qHV2fwp"},"senderMessageKeys":[]},{"senderKeyId":287201725,"senderChainKey":{"iteration":32,"seed":"ipeoBJdq0FsZi06H3fsuQhW3AlF0ZWQ6zjHsaxOIKRw="},"senderSigningKey":{"public":"BYx3+pF4KepCVOitLOBYrqrvb+RO17LOz7Jn3qHV2fwp"},"senderMessageKeys":[]},{"senderKeyId":287201725,"senderChainKey":{"iteration":33,"seed":"1hP56NHn9z5hSnePkLHDsZk+woffCRWBSfiS3NbVpnQ="},"senderSigningKey":{"public":"BYx3+pF4KepCVOitLOBYrqrvb+RO17LOz7Jn3qHV2fwp"},"senderMessageKeys":[]},{"senderKeyId":287201725,"senderChainKey":{"iteration":34,"seed":"L9GhEtFagZy1wOqmpy2+bN2t2c1lzyCaqes2ToZyOz0="},"senderSigningKey":{"public":"BYx3+pF4KepCVOitLOBYrqrvb+RO17LOz7Jn3qHV2fwp"},"senderMessageKeys":[]},{"senderKeyId":287201725,"senderChainKey":{"iteration":35,"seed":"fcFietD3azK06ltdua16PN7v/uLz6/xzKbNT+AeZ0qE="},"senderSigningKey":{"public":"BYx3+pF4KepCVOitLOBYrqrvb+RO17LOz7Jn3qHV2fwp"},"senderMessageKeys":[]},{"senderKeyId":287201725,"senderChainKey":{"iteration":36,"seed":"YlbRJ0J6VCtnGFv7l2tBUOij0jIS8oq6VlMDAQjUGAE="},"senderSigningKey":{"public":"BYx3+pF4KepCVOitLOBYrqrvb+RO17LOz7Jn3qHV2fwp"},"senderMessageKeys":[]},{"senderKeyId":287201725,"senderChainKey":{"iteration":37,"seed":"Kjhr48xFep9+Sl6pVWgfZRkCmK3oCyFpwFPtt6UzFas="},"senderSigningKey":{"public":"BYx3+pF4KepCVOitLOBYrqrvb+RO17LOz7Jn3qHV2fwp"},"senderMessageKeys":[]},{"senderKeyId":287201725,"senderChainKey":{"iteration":38,"seed":"fX6U1y4+sWSPCZmWWGuMMxqAODZJVsXsmasaHyCMMDU="},"senderSigningKey":{"public":"BYx3+pF4KepCVOitLOBYrqrvb+RO17LOz7Jn3qHV2fwp"},"senderMessageKeys":[]},{"senderKeyId":287201725,"senderChainKey":{"iteration":39,"seed":"+CzGmE6wqdSr6bodI6stMEKjfZy7mxquYF8B/BaIk8A="},"senderSigningKey":{"public":"BYx3+pF4KepCVOitLOBYrqrvb+RO17LOz7Jn3qHV2fwp"},"senderMessageKeys":[]},{"senderKeyId":287201725,"senderChainKey":{"iteration":40,"seed":"hsc6eDrvjBqkM0dNkNMFdB4G1lwyvvJpNcokpnOCOG8="},"senderSigningKey":{"public":"BYx3+pF4KepCVOitLOBYrqrvb+RO17LOz7Jn3qHV2fwp"},"senderMessageKeys":[]},{"senderKeyId":287201725,"senderChainKey":{"iteration":41,"seed":"xCgY3Yvj9Fva/3OUMMhkwgAzilgzrD6y9uKfc1KniWc="},"senderSigningKey":{"public":"BYx3+pF4KepCVOitLOBYrqrvb+RO17LOz7Jn3qHV2fwp"},"senderMessageKeys":[]},{"senderKeyId":287201725,"senderChainKey":{"iteration":42,"seed":"dnFI3iJaaVgGc7NCgD6zxAN1LPWFWGeGZ/VgtF2xkwY="},"senderSigningKey":{"public":"BYx3+pF4KepCVOitLOBYrqrvb+RO17LOz7Jn3qHV2fwp"},"senderMessageKeys":[]},{"senderKeyId":287201725,"senderChainKey":{"iteration":43,"seed":"EjHk1ve+ytC6T8wRwkmmRULLbHtPFauA+QcZZoNr5D8="},"senderSigningKey":{"public":"BYx3+pF4KepCVOitLOBYrqrvb+RO17LOz7Jn3qHV2fwp"},"senderMessageKeys":[]},{"senderKeyId":287201725,"senderChainKey":{"iteration":44,"seed":"xIftdnbCmSuhrdS58QLIrL37ifBCP6DWkFaXN7Wl7ws="},"senderSigningKey":{"public":"BYx3+pF4KepCVOitLOBYrqrvb+RO17LOz7Jn3qHV2fwp"},"senderMessageKeys":[]},{"senderKeyId":287201725,"senderChainKey":{"iteration":45,"seed":"yxUzS9lafuhLpC6H+DYURn0W8JNmdErty8e0+iBm8C4="},"senderSigningKey":{"public":"BYx3+pF4KepCVOitLOBYrqrvb+RO17LOz7Jn3qHV2fwp"},"senderMessageKeys":[]},{"senderKeyId":287201725,"senderChainKey":{"iteration":46,"seed":"w1b6O4w5yes7PynQFHuF3QScczOeNZqnVPH4mrU1i3U="},"senderSigningKey":{"public":"BYx3+pF4KepCVOitLOBYrqrvb+RO17LOz7Jn3qHV2fwp"},"senderMessageKeys":[]},{"senderKeyId":287201725,"senderChainKey":{"iteration":47,"seed":"TUGjSpUODxheJdxW94VDeUpQ+YfPPxPWAQ8Cwk2c1K0="},"senderSigningKey":{"public":"BYx3+pF4KepCVOitLOBYrqrvb+RO17LOz7Jn3qHV2fwp"},"senderMessageKeys":[]},{"senderKeyId":287201725,"senderChainKey":{"iteration":48,"seed":"r+n4xRFQO+9bzzvbm6UxbOXA1NLvJFW9DiUQ7UpDSk0="},"senderSigningKey":{"public":"BYx3+pF4KepCVOitLOBYrqrvb+RO17LOz7Jn3qHV2fwp"},"senderMessageKeys":[]},{"senderKeyId":287201725,"senderChainKey":{"iteration":49,"seed":"Sm06wyga39nq5eE7/FdyG1b9dnJXmG0p4fA5pkuKxho="},"senderSigningKey":{"public":"BYx3+pF4KepCVOitLOBYrqrvb+RO17LOz7Jn3qHV2fwp"},"senderMessageKeys":[]},{"senderKeyId":287201725,"senderChainKey":{"iteration":50,"seed":"tjZVRkVKRTcr2SnQe77eMiyq9jthsuJ99K/RFUIuxrI="},"senderSigningKey":{"public":"BYx3+pF4KepCVOitLOBYrqrvb+RO17LOz7Jn3qHV2fwp"},"senderMessageKeys":[]},{"senderKeyId":287201725,"senderChainKey":{"iteration":51,"seed":"zHbFSC5TuUrwhGqIdzEGwjyBVP0XChhSGMmW+T5Y2l8="},"senderSigningKey":{"public":"BYx3+pF4KepCVOitLOBYrqrvb+RO17LOz7Jn3qHV2fwp"},"senderMessageKeys":[]},{"senderKeyId":287201725,"senderChainKey":{"iteration":52,"seed":"APpZjwdxQqyjL2p8BCamexmiMVM2dLFNnvH72Z8t2M8="},"senderSigningKey":{"public":"BYx3+pF4KepCVOitLOBYrqrvb+RO17LOz7Jn3qHV2fwp"},"senderMessageKeys":[]},{"senderKeyId":287201725,"senderChainKey":{"iteration":53,"seed":"WLsUPdPV5lnJFh68LQOQn/JUDPJtuweXI6MuzLGaHKQ="},"senderSigningKey":{"public":"BYx3+pF4KepCVOitLOBYrqrvb+RO17LOz7Jn3qHV2fwp"},"senderMessageKeys":[]},{"senderKeyId":287201725,"senderChainKey":{"iteration":54,"seed":"adZeGLNH6Dbim+gUsy3efA8jOA1MjPElyPedRzr16KU="},"senderSigningKey":{"public":"BYx3+pF4KepCVOitLOBYrqrvb+RO17LOz7Jn3qHV2fwp"},"senderMessageKeys":[]},{"senderKeyId":287201725,"senderChainKey":{"iteration":55,"seed":"sz7bVvTxZNWP0pil0FJTIc/8pgWnFd9UmkpVkqz+Dws="},"senderSigningKey":{"public":"BYx3+pF4KepCVOitLOBYrqrvb+RO17LOz7Jn3qHV2fwp"},"senderMessageKeys":[]},{"senderKeyId":287201725,"senderChainKey":{"iteration":56,"seed":"MQhMcOZ/rfsI9jGL5bnCGz0Iv96dywPCWLvjJu1t8fQ="},"senderSigningKey":{"public":"BYx3+pF4KepCVOitLOBYrqrvb+RO17LOz7Jn3qHV2fwp"},"senderMessageKeys":[]},{"senderKeyId":287201725,"senderChainKey":{"iteration":57,"seed":"GHABcNZn1fnA8f/x8/pBcUwJaB+FCmOH1favTlRugn8="},"senderSigningKey":{"public":"BYx3+pF4KepCVOitLOBYrqrvb+RO17LOz7Jn3qHV2fwp"},"senderMessageKeys":[]},{"senderKeyId":287201725,"senderChainKey":{"iteration":58,"seed":"4qpWXRyy5hgdlgdHj+OpxMuX4gOARKcS+vAEGo/0y0o="},"senderSigningKey":{"public":"BYx3+pF4KepCVOitLOBYrqrvb+RO17LOz7Jn3qHV2fwp"},"senderMessageKeys":[]},{"senderKeyId":287201725,"senderChainKey":{"iteration":59,"seed":"7yIj+VGpEjKaWbdU0/XKs3Cpacr9YZY8M0AKpQ/eHFI="},"senderSigningKey":{"public":"BYx3+pF4KepCVOitLOBYrqrvb+RO17LOz7Jn3qHV2fwp"},"senderMessageKeys":[]},{"senderKeyId":1364305581,"senderChainKey":{"iteration":0,"seed":"XC5qIQMZKXPeNbKOWKpumzDWuAzLZRr99DPfbRMINwc="},"senderSigningKey":{"public":"BXeFjme9A3SBw4+FmUerFIOsrT+5PUfpPK/yaMveRqsl"},"senderMessageKeys":[]},{"senderKeyId":1364305581,"senderChainKey":{"iteration":1,"seed":"QwqLFYzTBdKr6afgbm19TeVuNRBmnt+X1lgFuCtDI2A="},"senderSigningKey":{"public":"BXeFjme9A3SBw4+FmUerFIOsrT+5PUfpPK/yaMveRqsl"}}]