[{"senderKeyId":576219276,"senderChainKey":{"iteration":0,"seed":"mdZETK/fCw5v9pgIA+fhg28oeiAwJNvvndAqJnwLhQM="},"senderSigningKey":{"public":"BXCK8mhpz5JPlOl9q65bhDGPwv8TP1gXxtazJjte/Ck0"},"senderMessageKeys":[]},{"senderKeyId":1275924553,"senderChainKey":{"iteration":0,"seed":"JfxxE5U/eHCWMNbOqQ9g1eQpdMvUPrE28+pXTnviTCA="},"senderSigningKey":{"public":"BZe3WxXDe7URLis85378Ad5Ls3iocE4CEWbCFAE6MFlM"},"senderMessageKeys":[]},{"senderKeyId":1380196063,"senderChainKey":{"iteration":1,"seed":"97o//BuLYQFltIr64NxO6xlZntPWCCVIgM3WRIZrKF8="},"senderSigningKey":{"public":"Bf0T3H7/KDKJ82fvl/AIksAUPBcGLwMB7HLefkMW4AEi"},"senderMessageKeys":[]},{"senderKeyId":656889996,"senderChainKey":{"iteration":0,"seed":"0kF08tDIJTKdWs8OcomsJgHbQpB+LCjnWH6eZDwAmY4="},"senderSigningKey":{"public":"BWY0BTbniQi8YcMQ+To4qkh6pE0P5jmZxRKPqLYXXC4b"},"senderMessageKeys":[]},{"senderKeyId":656889996,"senderChainKey":{"iteration":0,"seed":"0kF08tDIJTKdWs8OcomsJgHbQpB+LCjnWH6eZDwAmY4="},"senderSigningKey":{"public":"BWY0BTbniQi8YcMQ+To4qkh6pE0P5jmZxRKPqLYXXC4b"},"senderMessageKeys":[]},{"senderKeyId":1431353274,"senderChainKey":{"iteration":0,"seed":"1Ed6KftNTWa//VAHF+P2TFyT8WcBgJi9xENJ1uvd/T0="},"senderSigningKey":{"public":"BXvdCKPKwuW74a+GsAMVZQ+dRqb24g7iqHR8x/pytfYY"},"senderMessageKeys":[]},{"senderKeyId":958925410,"senderChainKey":{"iteration":0,"seed":"Wzpv8+BfpCla7iQ3PQptTqdXftMlqVJ9ugiFG8AQKDg="},"senderSigningKey":{"public":"BZu66jA56/xPmCT0Onc+/KXlP2KigAxdLBv0/J8e7PF+"},"senderMessageKeys":[]},{"senderKeyId":958925410,"senderChainKey":{"iteration":0,"seed":"Wzpv8+BfpCla7iQ3PQptTqdXftMlqVJ9ugiFG8AQKDg="},"senderSigningKey":{"public":"BZu66jA56/xPmCT0Onc+/KXlP2KigAxdLBv0/J8e7PF+"},"senderMessageKeys":[]},{"senderKeyId":958925410,"senderChainKey":{"iteration":1,"seed":"W4Zg/ViXPMcLwoTe/I6Qm6V7ECZnFB/6By/diawVYxk="},"senderSigningKey":{"public":"BZu66jA56/xPmCT0Onc+/KXlP2KigAxdLBv0/J8e7PF+"},"senderMessageKeys":[]},{"senderKeyId":1846190628,"senderChainKey":{"iteration":0,"seed":"Be07RLoL2u8wAt5LXBL9L40IOxrdT5WATWJYyCqY4No="},"senderSigningKey":{"public":"BX3/PBGRzgc4/AkXzL3Uazepf1SJkMsFsNOE9jxaseZx"}}]