[{"senderKeyId":575249636,"senderChainKey":{"iteration":13,"seed":"rOPjnEJcF0Q41/QdJuBwcFJOWoQfITcbfloQUJ0yS+o="},"senderSigningKey":{"public":"BUSzkyF6Wh8kYFuR8FKoFt2ZdvHaVBvV0rCJFGBuXO4c"},"senderMessageKeys":[]},{"senderKeyId":575249636,"senderChainKey":{"iteration":16,"seed":"Y8k1gTZep0zQ2fuRGVIxxJP0AZlalhaQdnNsB1yhdRw="},"senderSigningKey":{"public":"BUSzkyF6Wh8kYFuR8FKoFt2ZdvHaVBvV0rCJFGBuXO4c"},"senderMessageKeys":[]},{"senderKeyId":575249636,"senderChainKey":{"iteration":16,"seed":"Y8k1gTZep0zQ2fuRGVIxxJP0AZlalhaQdnNsB1yhdRw="},"senderSigningKey":{"public":"BUSzkyF6Wh8kYFuR8FKoFt2ZdvHaVBvV0rCJFGBuXO4c"},"senderMessageKeys":[]},{"senderKeyId":575249636,"senderChainKey":{"iteration":20,"seed":"tzPodlMJpHXg5mEEaC4X0LJ5mCq96tmEzerxTiXvtEs="},"senderSigningKey":{"public":"BUSzkyF6Wh8kYFuR8FKoFt2ZdvHaVBvV0rCJFGBuXO4c"},"senderMessageKeys":[]},{"senderKeyId":575249636,"senderChainKey":{"iteration":20,"seed":"tzPodlMJpHXg5mEEaC4X0LJ5mCq96tmEzerxTiXvtEs="},"senderSigningKey":{"public":"BUSzkyF6Wh8kYFuR8FKoFt2ZdvHaVBvV0rCJFGBuXO4c"},"senderMessageKeys":[]},{"senderKeyId":575249636,"senderChainKey":{"iteration":20,"seed":"tzPodlMJpHXg5mEEaC4X0LJ5mCq96tmEzerxTiXvtEs="},"senderSigningKey":{"public":"BUSzkyF6Wh8kYFuR8FKoFt2ZdvHaVBvV0rCJFGBuXO4c"}}]