[{"senderKeyId":74617219,"senderChainKey":{"iteration":0,"seed":"0JdIS08QvnVG6nSUt2YLocobcFuTIpn2z4vHp6H1eUg="},"senderSigningKey":{"public":"BZJhkyNgqNGdaNNcA8nPAweZjkdUvFbJATRvDZA96cdR"},"senderMessageKeys":[]},{"senderKeyId":74617219,"senderChainKey":{"iteration":1,"seed":"7IiuDD7rk5tlkLdHa1xNAKsvUAEc+yoFApSqRIYHKWU="},"senderSigningKey":{"public":"BZJhkyNgqNGdaNNcA8nPAweZjkdUvFbJATRvDZA96cdR"},"senderMessageKeys":[]},{"senderKeyId":1496243178,"senderChainKey":{"iteration":0,"seed":"H3ocoBC7G+Y7aIEjFkO+R+J9m9H+5w0TgVk7UXV9Y34="},"senderSigningKey":{"public":"BUbIuO1B5/4RL5+ZBMygUPRPHtMUdIW0yDa2RPf45jN+"},"senderMessageKeys":[]},{"senderKeyId":1496243178,"senderChainKey":{"iteration":1,"seed":"MEQ7d94r6aNYI5eDoY6aF9j+CWUfFiSJyluvkhUcSAA="},"senderSigningKey":{"public":"BUbIuO1B5/4RL5+ZBMygUPRPHtMUdIW0yDa2RPf45jN+"},"senderMessageKeys":[]},{"senderKeyId":1496243178,"senderChainKey":{"iteration":1,"seed":"MEQ7d94r6aNYI5eDoY6aF9j+CWUfFiSJyluvkhUcSAA="},"senderSigningKey":{"public":"BUbIuO1B5/4RL5+ZBMygUPRPHtMUdIW0yDa2RPf45jN+"},"senderMessageKeys":[]},{"senderKeyId":1496243178,"senderChainKey":{"iteration":2,"seed":"a+LZ33FpxOwsnZP/OzI0uqmpZqWsykiyBn9v1nsltQ4="},"senderSigningKey":{"public":"BUbIuO1B5/4RL5+ZBMygUPRPHtMUdIW0yDa2RPf45jN+"},"senderMessageKeys":[]},{"senderKeyId":1496243178,"senderChainKey":{"iteration":2,"seed":"a+LZ33FpxOwsnZP/OzI0uqmpZqWsykiyBn9v1nsltQ4="},"senderSigningKey":{"public":"BUbIuO1B5/4RL5+ZBMygUPRPHtMUdIW0yDa2RPf45jN+"},"senderMessageKeys":[]},{"senderKeyId":1496243178,"senderChainKey":{"iteration":3,"seed":"Yo+ZEhV8ewydxhhE6PmxSdreUGmw1HvSSjYelxidsyU="},"senderSigningKey":{"public":"BUbIuO1B5/4RL5+ZBMygUPRPHtMUdIW0yDa2RPf45jN+"},"senderMessageKeys":[]},{"senderKeyId":1496243178,"senderChainKey":{"iteration":3,"seed":"Yo+ZEhV8ewydxhhE6PmxSdreUGmw1HvSSjYelxidsyU="},"senderSigningKey":{"public":"BUbIuO1B5/4RL5+ZBMygUPRPHtMUdIW0yDa2RPf45jN+"},"senderMessageKeys":[]},{"senderKeyId":1496243178,"senderChainKey":{"iteration":4,"seed":"08wPXyBFmtcgq1CM0Ylr1Zw6wKT/GGWA0TqztVXAR2o="},"senderSigningKey":{"public":"BUbIuO1B5/4RL5+ZBMygUPRPHtMUdIW0yDa2RPf45jN+"},"senderMessageKeys":[]},{"senderKeyId":1496243178,"senderChainKey":{"iteration":4,"seed":"08wPXyBFmtcgq1CM0Ylr1Zw6wKT/GGWA0TqztVXAR2o="},"senderSigningKey":{"public":"BUbIuO1B5/4RL5+ZBMygUPRPHtMUdIW0yDa2RPf45jN+"},"senderMessageKeys":[]},{"senderKeyId":1496243178,"senderChainKey":{"iteration":5,"seed":"pIP7rXH+I3Egd8ZfMVT3WRhwh/DlIKQjCAu6Sht2PWs="},"senderSigningKey":{"public":"BUbIuO1B5/4RL5+ZBMygUPRPHtMUdIW0yDa2RPf45jN+"},"senderMessageKeys":[]},{"senderKeyId":53066880,"senderChainKey":{"iteration":0,"seed":"aKiq2hfp9lAk3afW8ZUQUXGRvSZKu8oMQKarpRWp+dE="},"senderSigningKey":{"public":"Baux7/NLcp0MHeim888Ww7QGCoO5nd2uEWRY7JcLPCZq"},"senderMessageKeys":[]},{"senderKeyId":828460906,"senderChainKey":{"iteration":0,"seed":"3WQV1u1OxR1dB32lD8pmw3uwhWy++JUXXiqTYE+X+3c="},"senderSigningKey":{"public":"BZ5fUAj9hL5LxyAxPUDgpMG14xPR7MwPhl/Ui9pBCCV5"},"senderMessageKeys":[]},{"senderKeyId":828460906,"senderChainKey":{"iteration":0,"seed":"3WQV1u1OxR1dB32lD8pmw3uwhWy++JUXXiqTYE+X+3c="},"senderSigningKey":{"public":"BZ5fUAj9hL5LxyAxPUDgpMG14xPR7MwPhl/Ui9pBCCV5"},"senderMessageKeys":[]},{"senderKeyId":828460906,"senderChainKey":{"iteration":1,"seed":"kWX7ADZGCWjlLmO7MTo4dse1UJjnaQ9Ug+w3cVFdmD4="},"senderSigningKey":{"public":"BZ5fUAj9hL5LxyAxPUDgpMG14xPR7MwPhl/Ui9pBCCV5"},"senderMessageKeys":[]},{"senderKeyId":1318184199,"senderChainKey":{"iteration":0,"seed":"eqeoTI2uNctyMdsbs8mnW5uH3dA1zu9EH6Y4mPptIjs="},"senderSigningKey":{"public":"BaOwjR//SjZKtWGpyBzKpQPeXY+WMc9dL4NsjyOcOvRi"},"senderMessageKeys":[]},{"senderKeyId":1318184199,"senderChainKey":{"iteration":1,"seed":"XFWZE1i9EDOF1dRHBZCl9pu+85D5+U/DFRlGoD1j9bc="},"senderSigningKey":{"public":"BaOwjR//SjZKtWGpyBzKpQPeXY+WMc9dL4NsjyOcOvRi"},"senderMessageKeys":[]},{"senderKeyId":1318184199,"senderChainKey":{"iteration":1,"seed":"XFWZE1i9EDOF1dRHBZCl9pu+85D5+U/DFRlGoD1j9bc="},"senderSigningKey":{"public":"BaOwjR//SjZKtWGpyBzKpQPeXY+WMc9dL4NsjyOcOvRi"},"senderMessageKeys":[]},{"senderKeyId":1318184199,"senderChainKey":{"iteration":2,"seed":"cqqZKHBZC2bv8w3QlJs1dohnYNsfNHQVJw1cEyUh7nE="},"senderSigningKey":{"public":"BaOwjR//SjZKtWGpyBzKpQPeXY+WMc9dL4NsjyOcOvRi"},"senderMessageKeys":[]},{"senderKeyId":1318184199,"senderChainKey":{"iteration":2,"seed":"cqqZKHBZC2bv8w3QlJs1dohnYNsfNHQVJw1cEyUh7nE="},"senderSigningKey":{"public":"BaOwjR//SjZKtWGpyBzKpQPeXY+WMc9dL4NsjyOcOvRi"},"senderMessageKeys":[]},{"senderKeyId":1318184199,"senderChainKey":{"iteration":3,"seed":"rSRXFFvov4l2wN3KL+fFUnghxm6SVTa67JqTmPsrJFA="},"senderSigningKey":{"public":"BaOwjR//SjZKtWGpyBzKpQPeXY+WMc9dL4NsjyOcOvRi"},"senderMessageKeys":[]},{"senderKeyId":1318184199,"senderChainKey":{"iteration":3,"seed":"rSRXFFvov4l2wN3KL+fFUnghxm6SVTa67JqTmPsrJFA="},"senderSigningKey":{"public":"BaOwjR//SjZKtWGpyBzKpQPeXY+WMc9dL4NsjyOcOvRi"},"senderMessageKeys":[]},{"senderKeyId":1318184199,"senderChainKey":{"iteration":4,"seed":"G7Qo7AVChDoWQ8dyiHyykUF4B7ITttWesenFPQCjjqM="},"senderSigningKey":{"public":"BaOwjR//SjZKtWGpyBzKpQPeXY+WMc9dL4NsjyOcOvRi"},"senderMessageKeys":[]},{"senderKeyId":1179979435,"senderChainKey":{"iteration":0,"seed":"9WExA6X+uG+cTaRRN8uITfmJNIBT1EFwEvK9T6/uRqE="},"senderSigningKey":{"public":"BaOfCRxnodDfiyaJwzFqoGbkj/nTHRkFF9aemiZWLPBZ"},"senderMessageKeys":[]},{"senderKeyId":1608146788,"senderChainKey":{"iteration":2,"seed":"cfRS8SzgubMsmQ8V3tpUV7aSRBJiFc/WFg6jLQhKSq8="},"senderSigningKey":{"public":"BZbK3jaQlD18HpnOoSw/1vOVhvp66pW4JEH8StrAEjQj"},"senderMessageKeys":[]},{"senderKeyId":917840373,"senderChainKey":{"iteration":1,"seed":"1Rzns6F+6dsVEpY4nlIj/OfF3NFCKI3uqRYZnUR40yM="},"senderSigningKey":{"public":"BaaaBFKD/QTLetcu9Lg85C94UH7Tg9OtzhtcuwxuAVov"},"senderMessageKeys":[]},{"senderKeyId":1100702854,"senderChainKey":{"iteration":0,"seed":"EaYy+o9EbGGG5lrhzrFDClqGGd3dAusBLy0X9y3Op2Y="},"senderSigningKey":{"public":"BbEPdFTqr9kwY65D5afs3NKzBRMdLRb7eH+1o1PaIs96"},"senderMessageKeys":[]},{"senderKeyId":201413938,"senderChainKey":{"iteration":0,"seed":"74T50rq7rDsnMFRHKMPjRyrJY+W6gSTVMmWM3eUB+bc="},"senderSigningKey":{"public":"BQRWXAph2NdAZXear5eqLm0L6Oe4h2aMWeCTOb6aNXoc"},"senderMessageKeys":[]},{"senderKeyId":99160119,"senderChainKey":{"iteration":0,"seed":"e8dpFeahqKKJWKqwyhcF4YxtbYMGMZtXvh2GWcYjg1M="},"senderSigningKey":{"public":"BffQFTtHB43slpiwXKaODs4WCdpdUfG6qQqbh6dEZaJD"},"senderMessageKeys":[]},{"senderKeyId":1690315270,"senderChainKey":{"iteration":0,"seed":"/2eBvxbfncYVFK/7Wb3wYWVaER0Bzssw4iqtKdrID7k="},"senderSigningKey":{"public":"Bfc7+Bbe2sQ2sY2XKNL9vGMBj/mHs6RjFONTyy1zaNhl"},"senderMessageKeys":[]},{"senderKeyId":234008335,"senderChainKey":{"iteration":0,"seed":"F/Bekh6F6kXRKOjaqF2yn8CMPKOT2kVm+fNbqueeIjM="},"senderSigningKey":{"public":"BcKt2fXq9GMvCLATVasK7ZfvQQc8eqcxHeRKSvHOwddd"},"senderMessageKeys":[]},{"senderKeyId":1021548056,"senderChainKey":{"iteration":0,"seed":"7fem0JfDlAcU2+Ri0l7e231K9iGP9fG0mXbjprimhek="},"senderSigningKey":{"public":"BZB2LAv6N7hJ5TJpBoz5DEO5Fa2X8DYXLVg8bjYIo48J"},"senderMessageKeys":[]},{"senderKeyId":578792803,"senderChainKey":{"iteration":0,"seed":"CCGzi9cQ3H+62eFV1ZrlDtu3dxtZxf+5Ceg0Avi60mM="},"senderSigningKey":{"public":"BYQwvmhkjD2wwrYjDTgvQfXbYAtt3A2fvxA0La4FzshK"}}]