[{"senderKeyId":147059556,"senderChainKey":{"iteration":0,"seed":"jPahMkZG/KQ3FoO/ad5Fbmk8qDnXPVRFLrRw9cKxGHk="},"senderSigningKey":{"public":"BSdYSuhgiVfbc7mbNLSQap8FRPtBg1hVRC8O/bVbR/Ax"},"senderMessageKeys":[]},{"senderKeyId":147059556,"senderChainKey":{"iteration":3,"seed":"33dv1WlU3F20RLyGGPRGHNMmiskZni8dQrIqv7zlKa4="},"senderSigningKey":{"public":"BSdYSuhgiVfbc7mbNLSQap8FRPtBg1hVRC8O/bVbR/Ax"},"senderMessageKeys":[]},{"senderKeyId":147059556,"senderChainKey":{"iteration":3,"seed":"33dv1WlU3F20RLyGGPRGHNMmiskZni8dQrIqv7zlKa4="},"senderSigningKey":{"public":"BSdYSuhgiVfbc7mbNLSQap8FRPtBg1hVRC8O/bVbR/Ax"},"senderMessageKeys":[]},{"senderKeyId":147059556,"senderChainKey":{"iteration":3,"seed":"33dv1WlU3F20RLyGGPRGHNMmiskZni8dQrIqv7zlKa4="},"senderSigningKey":{"public":"BSdYSuhgiVfbc7mbNLSQap8FRPtBg1hVRC8O/bVbR/Ax"}}]