[{"senderKeyId":594905633,"senderChainKey":{"iteration":0,"seed":"kp//mVwkWo2Dxyql8KIexB+eQDOAbczHoEUStaW0dis="},"senderSigningKey":{"public":"BR6LNkOCMhvg7i8gA+WpGWDeufRlFCQVil04hRsq4JF6"},"senderMessageKeys":[]},{"senderKeyId":594905633,"senderChainKey":{"iteration":1,"seed":"r7O6V1LKL9WfwHmIP5xVTegIovMPlNLpst2vfFsIFpM="},"senderSigningKey":{"public":"BR6LNkOCMhvg7i8gA+WpGWDeufRlFCQVil04hRsq4JF6"},"senderMessageKeys":[]},{"senderKeyId":1144354797,"senderChainKey":{"iteration":0,"seed":"5XTBvfsbOmXVHjJ2rQ9fc8HO1AjnkWqrkYORJZ+MtNw="},"senderSigningKey":{"public":"BVAmfn7S+WcyO0PdBenNBk8DeoGK79sKVfIDCwN+kOt3"},"senderMessageKeys":[]},{"senderKeyId":1144354797,"senderChainKey":{"iteration":1,"seed":"Zm8Lcx8xB90GNX4yuO++AkEmM8lypv6+bpQu4Y4m4uw="},"senderSigningKey":{"public":"BVAmfn7S+WcyO0PdBenNBk8DeoGK79sKVfIDCwN+kOt3"}}]