[{"senderKeyId":493805263,"senderChainKey":{"iteration":0,"seed":"zisOOXWAAWroLKTK1eNwx+kQGAsGPBRimJld3I3CwiY="},"senderSigningKey":{"public":"BUnEMXmfzdHa/PhEZzHcCc6OwrzMYZL0RqCpbCeHX6cQ"},"senderMessageKeys":[]},{"senderKeyId":394827135,"senderChainKey":{"iteration":0,"seed":"Oq54LfcjK0Zq+IKASkShvb/uoXRaEv377x8WPM7pPCE="},"senderSigningKey":{"public":"BftjOWbdEXXH1tHrMei1NKEj7FICRJZn+Q+pDRs9tGo4"},"senderMessageKeys":[]},{"senderKeyId":1813737658,"senderChainKey":{"iteration":0,"seed":"yOyNoc+dkG2/WdVZeZeeMh2jpT3O++7GMwv6DfO6wKM="},"senderSigningKey":{"public":"BSMAiMNZRb0nvoU9k/u+UO+PWU3FArmIpJ/u2n0opBYc"},"senderMessageKeys":[]},{"senderKeyId":1813737658,"senderChainKey":{"iteration":0,"seed":"yOyNoc+dkG2/WdVZeZeeMh2jpT3O++7GMwv6DfO6wKM="},"senderSigningKey":{"public":"BSMAiMNZRb0nvoU9k/u+UO+PWU3FArmIpJ/u2n0opBYc"},"senderMessageKeys":[]},{"senderKeyId":1813737658,"senderChainKey":{"iteration":0,"seed":"yOyNoc+dkG2/WdVZeZeeMh2jpT3O++7GMwv6DfO6wKM="},"senderSigningKey":{"public":"BSMAiMNZRb0nvoU9k/u+UO+PWU3FArmIpJ/u2n0opBYc"},"senderMessageKeys":[]},{"senderKeyId":1813737658,"senderChainKey":{"iteration":0,"seed":"yOyNoc+dkG2/WdVZeZeeMh2jpT3O++7GMwv6DfO6wKM="},"senderSigningKey":{"public":"BSMAiMNZRb0nvoU9k/u+UO+PWU3FArmIpJ/u2n0opBYc"},"senderMessageKeys":[]},{"senderKeyId":1921395399,"senderChainKey":{"iteration":0,"seed":"Yf1IK0d8/TZSQsTrcqZtD2uRsU3iIdE8G5ggr/hgoYE="},"senderSigningKey":{"public":"BVQ6UVPbOtA7kv+szYuXOVGiIP0NQ1QCx28o+xHKBEQF"}}]