[{"senderKeyId":592599903,"senderChainKey":{"iteration":0,"seed":"/GBJDPvK43zCSMkpkB+Pp9CAC29BBF+0i38usSHyq3Y="},"senderSigningKey":{"public":"BcgJENPAtxjhWxdgGYAJmU/423L0cHdNuRb6UV+VV4xs"},"senderMessageKeys":[]},{"senderKeyId":592599903,"senderChainKey":{"iteration":1,"seed":"OYVkUiwO8vo2HWR0uGzEXGgiE7OoBLgjttCcxPPJfwc="},"senderSigningKey":{"public":"BcgJENPAtxjhWxdgGYAJmU/423L0cHdNuRb6UV+VV4xs"},"senderMessageKeys":[]},{"senderKeyId":655958226,"senderChainKey":{"iteration":0,"seed":"N6LLfwIXfFb1h3xblDtcD3OGzVjErjBkX37hi+kCNqk="},"senderSigningKey":{"public":"BSAarcG+1fFFQbfx+W30IlHhFSMM64ROlq+kC4mdujMC"},"senderMessageKeys":[]},{"senderKeyId":314887447,"senderChainKey":{"iteration":0,"seed":"VJFr9Il10WUu3J4xEZszeP/0a+3cohFqtQw7hCxSSSc="},"senderSigningKey":{"public":"BW7/0kHNLL4WysBUS1UXbr3zRwHyCPR/Z2UvAwxkwR1x"},"senderMessageKeys":[]},{"senderKeyId":45985431,"senderChainKey":{"iteration":0,"seed":"K6Tl9fkq06wEpEgl+IFkH8RzO2tTcpgqMk0dyq9c53Q="},"senderSigningKey":{"public":"BSn2SieJ0w0VU5AgH7bMNIX6gOT9sgK5BOsAVP1anG0W"},"senderMessageKeys":[]},{"senderKeyId":747267675,"senderChainKey":{"iteration":0,"seed":"EJE4ej/770+d6jYBaf6mRGZ3vjTh0G4/QjakkQXVcB4="},"senderSigningKey":{"public":"BT0J5BQT1tUUQ/GOSHBxKtCwpKkyqbSFYrgmvsZOIa89"},"senderMessageKeys":[]},{"senderKeyId":1405283289,"senderChainKey":{"iteration":0,"seed":"NYYm6vrUBivI3Rb7mHg5h0xvfXL+W/eh8lLBAaeVd2c="},"senderSigningKey":{"public":"BfVWenrJVUg21CFhbhdhxPA2Hsh7auUgKFkEMm6sDO4O"},"senderMessageKeys":[]},{"senderKeyId":1369018127,"senderChainKey":{"iteration":0,"seed":"wLtgYGfqDirlHLWYjvJdUaXnzPDz9xmsrEDoYEuRv/g="},"senderSigningKey":{"public":"BUpu1JkZX0MRyhh94G3PIL0+EDl+BnT8egqq1orc9G03"},"senderMessageKeys":[]},{"senderKeyId":1369018127,"senderChainKey":{"iteration":0,"seed":"wLtgYGfqDirlHLWYjvJdUaXnzPDz9xmsrEDoYEuRv/g="},"senderSigningKey":{"public":"BUpu1JkZX0MRyhh94G3PIL0+EDl+BnT8egqq1orc9G03"},"senderMessageKeys":[]},{"senderKeyId":1369018127,"senderChainKey":{"iteration":0,"seed":"wLtgYGfqDirlHLWYjvJdUaXnzPDz9xmsrEDoYEuRv/g="},"senderSigningKey":{"public":"BUpu1JkZX0MRyhh94G3PIL0+EDl+BnT8egqq1orc9G03"},"senderMessageKeys":[]},{"senderKeyId":1369018127,"senderChainKey":{"iteration":0,"seed":"wLtgYGfqDirlHLWYjvJdUaXnzPDz9xmsrEDoYEuRv/g="},"senderSigningKey":{"public":"BUpu1JkZX0MRyhh94G3PIL0+EDl+BnT8egqq1orc9G03"},"senderMessageKeys":[]},{"senderKeyId":1369018127,"senderChainKey":{"iteration":0,"seed":"wLtgYGfqDirlHLWYjvJdUaXnzPDz9xmsrEDoYEuRv/g="},"senderSigningKey":{"public":"BUpu1JkZX0MRyhh94G3PIL0+EDl+BnT8egqq1orc9G03"},"senderMessageKeys":[]},{"senderKeyId":1369018127,"senderChainKey":{"iteration":0,"seed":"wLtgYGfqDirlHLWYjvJdUaXnzPDz9xmsrEDoYEuRv/g="},"senderSigningKey":{"public":"BUpu1JkZX0MRyhh94G3PIL0+EDl+BnT8egqq1orc9G03"},"senderMessageKeys":[]},{"senderKeyId":1369018127,"senderChainKey":{"iteration":0,"seed":"wLtgYGfqDirlHLWYjvJdUaXnzPDz9xmsrEDoYEuRv/g="},"senderSigningKey":{"public":"BUpu1JkZX0MRyhh94G3PIL0+EDl+BnT8egqq1orc9G03"},"senderMessageKeys":[]},{"senderKeyId":309470948,"senderChainKey":{"iteration":0,"seed":"cRJjegpyo4hragCLqKI6s9tb+DFKukMbygEdO+sMBVg="},"senderSigningKey":{"public":"BVQUj4iY7zbwnMo2lmjjO6CXVS5kMNTJnllpAbFswxZ4"},"senderMessageKeys":[]},{"senderKeyId":731941535,"senderChainKey":{"iteration":0,"seed":"nDdnrhGtojqBJxAX43soL9G6Pg31LOZ/49986Pic+dE="},"senderSigningKey":{"public":"BWC/RrXmSmTc9aI6kwxyHkerXoShGifGSip9IeDRHpwP"},"senderMessageKeys":[]},{"senderKeyId":731941535,"senderChainKey":{"iteration":1,"seed":"tyXxfM3K2Mvj0KjjgePrt1RDQG+4XoBP6hAWWmFG0PY="},"senderSigningKey":{"public":"BWC/RrXmSmTc9aI6kwxyHkerXoShGifGSip9IeDRHpwP"}}]