[{"senderKeyId":167645907,"senderChainKey":{"iteration":0,"seed":"H1Rkf98V3iw2ZH/k+dpHr5Vc0Rtl65ln4Hj7U1FQREI="},"senderSigningKey":{"public":"BRoSO1+fASOYRJRFUSfBpspWBBwVyRhIAGULzOpfVCA0"},"senderMessageKeys":[]},{"senderKeyId":494172733,"senderChainKey":{"iteration":6,"seed":"NvQQXFnZ+3XzpGXBp2EVMjDt+s/mjYsc9nbzrCUxiPw="},"senderSigningKey":{"public":"BVUiLmvfhiiJtH7jP7aEnWzdCeYtvBNgbyy7ho+PbFld"},"senderMessageKeys":[]},{"senderKeyId":494172733,"senderChainKey":{"iteration":7,"seed":"JT1QnudulpFWiL6x9K49oRUmNzlmgDQNV7D6Z/WibXs="},"senderSigningKey":{"public":"BVUiLmvfhiiJtH7jP7aEnWzdCeYtvBNgbyy7ho+PbFld"},"senderMessageKeys":[]},{"senderKeyId":494172733,"senderChainKey":{"iteration":8,"seed":"Y9H3FIk8ViSwIYcU/fB6rb558nmGAiDGvhSk4mOnFEI="},"senderSigningKey":{"public":"BVUiLmvfhiiJtH7jP7aEnWzdCeYtvBNgbyy7ho+PbFld"},"senderMessageKeys":[]},{"senderKeyId":1912611531,"senderChainKey":{"iteration":0,"seed":"IQjGw8YsVo9PGWKg+FwULIWFQbggJF74wd5hdK09xk8="},"senderSigningKey":{"public":"BaPGSpIiWYrRYYk/HQkpLNRmPmv8HYY78J6YvkcCYQYO"},"senderMessageKeys":[]},{"senderKeyId":1912611531,"senderChainKey":{"iteration":1,"seed":"hMcdrilxmHR451cujhPDdvWECP9128zfGrV6fSZSHW4="},"senderSigningKey":{"public":"BaPGSpIiWYrRYYk/HQkpLNRmPmv8HYY78J6YvkcCYQYO"},"senderMessageKeys":[]},{"senderKeyId":1912611531,"senderChainKey":{"iteration":2,"seed":"Lxb6gQ1nL/CZ8c7579ExAh///+hHQDhlF84S8ayW6nE="},"senderSigningKey":{"public":"BaPGSpIiWYrRYYk/HQkpLNRmPmv8HYY78J6YvkcCYQYO"},"senderMessageKeys":[]},{"senderKeyId":1912611531,"senderChainKey":{"iteration":3,"seed":"7c9ciVfxV+pYgx1fLdyope7ma0qCOKM4dTg1uofR37Y="},"senderSigningKey":{"public":"BaPGSpIiWYrRYYk/HQkpLNRmPmv8HYY78J6YvkcCYQYO"},"senderMessageKeys":[]},{"senderKeyId":1912611531,"senderChainKey":{"iteration":4,"seed":"JtgzZwdfdEj4wHFN03NU3oua0AeEuGbJpCpdwJK3Rz8="},"senderSigningKey":{"public":"BaPGSpIiWYrRYYk/HQkpLNRmPmv8HYY78J6YvkcCYQYO"},"senderMessageKeys":[]},{"senderKeyId":1912611531,"senderChainKey":{"iteration":5,"seed":"S29S7yJTyqFAieLJ/6mZmS/aIBRdY51VeCgGt/HWroY="},"senderSigningKey":{"public":"BaPGSpIiWYrRYYk/HQkpLNRmPmv8HYY78J6YvkcCYQYO"},"senderMessageKeys":[]},{"senderKeyId":127972654,"senderChainKey":{"iteration":0,"seed":"fiijaKN0pJQ6g6GIYyU7qgVXkbeT0Sa7N+fanln2VL8="},"senderSigningKey":{"public":"BZ/aRBdgybkW0/gAb+FuttrCPR6ciCF3eqgEKKjxd2Jv"},"senderMessageKeys":[]},{"senderKeyId":1962473569,"senderChainKey":{"iteration":0,"seed":"XyIeZiZhVZC7o/ysRA+56NMDQvfLC6tYwm8dpIIp2KQ="},"senderSigningKey":{"public":"BaRSicQjN+p7eZGYMr3s+bZkYqvdCmM2To5lI+tZbucA"},"senderMessageKeys":[]},{"senderKeyId":920875712,"senderChainKey":{"iteration":0,"seed":"2XJex/WqhyltbNH/l1Iulj2p3owrwWova7HLx4rdPZ8="},"senderSigningKey":{"public":"BbAFfCudSE0BucYVFf38GXxblxfxHwp2WGRC3SR06TVL"},"senderMessageKeys":[]},{"senderKeyId":537964471,"senderChainKey":{"iteration":0,"seed":"FGRBgDW3AMPdq7beFasf/FeCVgOtDpgjy01CsfPYKaI="},"senderSigningKey":{"public":"BZGV6BoMi+QVCwTjl0UhGpjmMsyzqir0zfPgjMeNxFZc"}}]