[{"senderKeyId":1269530815,"senderChainKey":{"iteration":0,"seed":"fu+38524NcAkiElzr2gMaro/RFWDjxdB73b7jqg1Vkc="},"senderSigningKey":{"public":"BQrtUGnTqZtKvRq+ZAL1Ue0JbMEqyrgzbwLI2ubC5KN2"},"senderMessageKeys":[]},{"senderKeyId":1269530815,"senderChainKey":{"iteration":1,"seed":"eSi5QFsMwn1CUaAsKXWOt+jBcwwwmFotkSCcuNztAus="},"senderSigningKey":{"public":"BQrtUGnTqZtKvRq+ZAL1Ue0JbMEqyrgzbwLI2ubC5KN2"},"senderMessageKeys":[]},{"senderKeyId":1269530815,"senderChainKey":{"iteration":2,"seed":"owR6k0Wx+uGV+sHko0ys7AqVRMCqh5pqB5KrWkctEoc="},"senderSigningKey":{"public":"BQrtUGnTqZtKvRq+ZAL1Ue0JbMEqyrgzbwLI2ubC5KN2"},"senderMessageKeys":[]},{"senderKeyId":1866976679,"senderChainKey":{"iteration":0,"seed":"7P6sBPBABtViT0P00IkakEdiTVFovevWd4XZ2vKZj3k="},"senderSigningKey":{"public":"BRKJsynNqYixaWGZ7WcOHAU/6uGcZIEXCat+qTxXd4ES"},"senderMessageKeys":[]},{"senderKeyId":1866976679,"senderChainKey":{"iteration":1,"seed":"pmH15304QoBY/43RonAEnLPY0rQWs6EjCUnFAtuThIg="},"senderSigningKey":{"public":"BRKJsynNqYixaWGZ7WcOHAU/6uGcZIEXCat+qTxXd4ES"},"senderMessageKeys":[]},{"senderKeyId":1866976679,"senderChainKey":{"iteration":2,"seed":"jQPnvgpV1FRUNwDlcWFxbdIX4fQBdFqtbm18j2c8PVQ="},"senderSigningKey":{"public":"BRKJsynNqYixaWGZ7WcOHAU/6uGcZIEXCat+qTxXd4ES"},"senderMessageKeys":[]},{"senderKeyId":843527659,"senderChainKey":{"iteration":0,"seed":"JTKR2vmIfRZhz6JggzvldaXTwr29ya2gSIV3X1RJOgQ="},"senderSigningKey":{"public":"BYvjdagCP0uFQmbzbTH4ngPXVcLPQ+PnmIe3b13Usqtq"},"senderMessageKeys":[]},{"senderKeyId":843527659,"senderChainKey":{"iteration":1,"seed":"gVhWv8XGQU/GStpO8duchC9vPDCkB8zApsMjXPLF0V4="},"senderSigningKey":{"public":"BYvjdagCP0uFQmbzbTH4ngPXVcLPQ+PnmIe3b13Usqtq"},"senderMessageKeys":[]},{"senderKeyId":843527659,"senderChainKey":{"iteration":2,"seed":"FAMW4JuFVPwgffTC4KrL8UGneYQrhqAX20NrkwRNPYA="},"senderSigningKey":{"public":"BYvjdagCP0uFQmbzbTH4ngPXVcLPQ+PnmIe3b13Usqtq"},"senderMessageKeys":[]},{"senderKeyId":1301100687,"senderChainKey":{"iteration":1,"seed":"UY4JrVjVbiPsXoFk++NU51HjCrlT1lr+i166i6Cckqc="},"senderSigningKey":{"public":"Bc5XNNeS380DArVACnTkMAfaKWSKHVRROlBAVDql1esF"},"senderMessageKeys":[]},{"senderKeyId":1301100687,"senderChainKey":{"iteration":2,"seed":"DMa8hX7oC0dO5SoHvK0xn1SCJTrPmOFVufulM+6qhCo="},"senderSigningKey":{"public":"Bc5XNNeS380DArVACnTkMAfaKWSKHVRROlBAVDql1esF"},"senderMessageKeys":[]},{"senderKeyId":1301100687,"senderChainKey":{"iteration":3,"seed":"nO7m/6AAbAQhB9x/UJkUvCDJJuPcq2BvDzzF5oFbFHU="},"senderSigningKey":{"public":"Bc5XNNeS380DArVACnTkMAfaKWSKHVRROlBAVDql1esF"}}]