[{"senderKeyId":526998896,"senderChainKey":{"iteration":4,"seed":"t6tTWQrVMJGckAC2/WILjF8KAckiSwofH7wSggaQSCM="},"senderSigningKey":{"public":"BY7s2NXfFgf2RX52PwZkERUyCamI/VkpdNVZ7p+xgqcL"},"senderMessageKeys":[]},{"senderKeyId":526998896,"senderChainKey":{"iteration":5,"seed":"HHuVbRMRipZjyGJtW/dzHSQShoU7Xy1hxfhB+Wc99I4="},"senderSigningKey":{"public":"BY7s2NXfFgf2RX52PwZkERUyCamI/VkpdNVZ7p+xgqcL"},"senderMessageKeys":[]},{"senderKeyId":2104613795,"senderChainKey":{"iteration":0,"seed":"WUlf/Sz7IiW2ri1S3Dw0Q5e+OZYorb5J8fXmlXgFZr4="},"senderSigningKey":{"public":"BVUQLDLzeZFxUklQ+GOpeyev/udW55r4AVGz5KKeVVp/"},"senderMessageKeys":[]},{"senderKeyId":2104613795,"senderChainKey":{"iteration":1,"seed":"gYQD63oW2HOeq2GOKkqCeX/QKEe8YQgO5n8P6aoAkJA="},"senderSigningKey":{"public":"BVUQLDLzeZFxUklQ+GOpeyev/udW55r4AVGz5KKeVVp/"},"senderMessageKeys":[]},{"senderKeyId":768018565,"senderChainKey":{"iteration":0,"seed":"uJawVJ/cwVr20rGOsmgko7ctfyfMBbPPR4lP1ivSCoU="},"senderSigningKey":{"public":"BZTqBzS+cy2VS6QXDVINh6ALCrtm1V+Sma+If3Q3o3N0"},"senderMessageKeys":[]},{"senderKeyId":1825853274,"senderChainKey":{"iteration":0,"seed":"nVCmWV7oBmm+rm0CN0ldzy+MNeIbg5qnYNsix0QdblI="},"senderSigningKey":{"public":"BUc6yIOSce8idKGsDrEi2njBozg8+r3c4ZPZ2xkfL1Y8"},"senderMessageKeys":[]},{"senderKeyId":730719359,"senderChainKey":{"iteration":0,"seed":"MEYccpn0mzRji9KDeNX7qtn9lQFe52AE31X4I0YaUJ8="},"senderSigningKey":{"public":"Bfps4po8AywxE/0WKVlUpZ6M9630ahsMHneXuNIUkipm"},"senderMessageKeys":[]},{"senderKeyId":1389829420,"senderChainKey":{"iteration":0,"seed":"1x63bnPzQowhPAL+UBaK79/xBQSh61vITo3zNJqX1Vc="},"senderSigningKey":{"public":"BTMWxSQQIo5eUKcGxd0khE2Bd5J6bhMg9u2x82pi1Up3"},"senderMessageKeys":[]},{"senderKeyId":1389829420,"senderChainKey":{"iteration":0,"seed":"1x63bnPzQowhPAL+UBaK79/xBQSh61vITo3zNJqX1Vc="},"senderSigningKey":{"public":"BTMWxSQQIo5eUKcGxd0khE2Bd5J6bhMg9u2x82pi1Up3"},"senderMessageKeys":[]},{"senderKeyId":1389829420,"senderChainKey":{"iteration":0,"seed":"1x63bnPzQowhPAL+UBaK79/xBQSh61vITo3zNJqX1Vc="},"senderSigningKey":{"public":"BTMWxSQQIo5eUKcGxd0khE2Bd5J6bhMg9u2x82pi1Up3"}}]