[{"senderKeyId":1106923978,"senderChainKey":{"iteration":0,"seed":"I4UpuJd5OrtyZizoNh1ZAZVGrk3pnQ77Fn2PaZ/dmWE="},"senderSigningKey":{"public":"BXku2YxsGb4FvZgEE9YyV0St7r6sceTAOJAJE2AjW4tM"},"senderMessageKeys":[]},{"senderKeyId":694138351,"senderChainKey":{"iteration":1,"seed":"le0bpy9uZYNz9/ntg6bY8L5A0KCmAmxjTAvE6vkl290="},"senderSigningKey":{"public":"BaNc3NAfjesgL5fUSHKYs9rLiUrA2EEIYpM1Jx44nTQk"},"senderMessageKeys":[]},{"senderKeyId":694138351,"senderChainKey":{"iteration":3,"seed":"/C4tpJbZnY1h1iSpQxWsZzhV28ls7dimBZno6Et0HiE="},"senderSigningKey":{"public":"BaNc3NAfjesgL5fUSHKYs9rLiUrA2EEIYpM1Jx44nTQk"},"senderMessageKeys":[]},{"senderKeyId":694138351,"senderChainKey":{"iteration":3,"seed":"/C4tpJbZnY1h1iSpQxWsZzhV28ls7dimBZno6Et0HiE="},"senderSigningKey":{"public":"BaNc3NAfjesgL5fUSHKYs9rLiUrA2EEIYpM1Jx44nTQk"},"senderMessageKeys":[]},{"senderKeyId":1480772725,"senderChainKey":{"iteration":0,"seed":"vsVa4gzsAKmq5xPOxuPLrnk7ebWFqdCXxXIABg6dLnQ="},"senderSigningKey":{"public":"BaDzm6QIXCZEzUWVd9aN0rH1uRkfASh1AO19C+swL894"},"senderMessageKeys":[]},{"senderKeyId":1480772725,"senderChainKey":{"iteration":2,"seed":"Q+a3ikM5jLw+14PQwYCxT4xfVUrMMcDwcDUNKIf1bEg="},"senderSigningKey":{"public":"BaDzm6QIXCZEzUWVd9aN0rH1uRkfASh1AO19C+swL894"},"senderMessageKeys":[]},{"senderKeyId":1480772725,"senderChainKey":{"iteration":3,"seed":"dKggp89+EgrSW/N03EDHDHcva7lJr6BfRfT1i4MtNs8="},"senderSigningKey":{"public":"BaDzm6QIXCZEzUWVd9aN0rH1uRkfASh1AO19C+swL894"}}]