[{"senderKeyId":964681200,"senderChainKey":{"iteration":10,"seed":"P2sd9hHn6EiK1k8kb0I+/JnARHjGGYkMLa12ush0W78="},"senderSigningKey":{"public":"BZIDoeRkH1ujdR2gOLClhRYyV1U9Hcw5B3sBh3KAfoIj"},"senderMessageKeys":[]},{"senderKeyId":964681200,"senderChainKey":{"iteration":11,"seed":"e7TyGMOmZoqTAbc20LO3YQFs5qVcvNrQzy2kBukduT4="},"senderSigningKey":{"public":"BZIDoeRkH1ujdR2gOLClhRYyV1U9Hcw5B3sBh3KAfoIj"},"senderMessageKeys":[]},{"senderKeyId":964681200,"senderChainKey":{"iteration":12,"seed":"knVvSwGwS6caLIOWsmSmnPKtmgiRaAJQyHLvjBn7gag="},"senderSigningKey":{"public":"BZIDoeRkH1ujdR2gOLClhRYyV1U9Hcw5B3sBh3KAfoIj"},"senderMessageKeys":[]},{"senderKeyId":964681200,"senderChainKey":{"iteration":13,"seed":"8K4g0t2VeW2a/JmuQW9GBaiSF/i7K1IKnrHRdmWKdyU="},"senderSigningKey":{"public":"BZIDoeRkH1ujdR2gOLClhRYyV1U9Hcw5B3sBh3KAfoIj"},"senderMessageKeys":[]},{"senderKeyId":964681200,"senderChainKey":{"iteration":14,"seed":"OuKyabSypGpUgbkpPsOUEdXrBeNIpldxpbffOGGmgsI="},"senderSigningKey":{"public":"BZIDoeRkH1ujdR2gOLClhRYyV1U9Hcw5B3sBh3KAfoIj"}}]