[{"senderKeyId":2092680646,"senderChainKey":{"iteration":0,"seed":"iwDBH2N1Onmp5u3bPMKkppoRxSCvnX60b6IaLBDTPQA="},"senderSigningKey":{"public":"BaAP7rJZ7Wls5QSwoSuAp1EYCB2Bf7mfN/a9NcsuTgV3"},"senderMessageKeys":[]},{"senderKeyId":1121830702,"senderChainKey":{"iteration":0,"seed":"kzUt+MbZly38Dha8Kp2TBnlYBEioboHBPjzcW68VHPI="},"senderSigningKey":{"public":"BalXXsbntQGYd0gxubS1yVaSnhIQleCJsOlRFS2ikZg1"},"senderMessageKeys":[]},{"senderKeyId":1121830702,"senderChainKey":{"iteration":0,"seed":"kzUt+MbZly38Dha8Kp2TBnlYBEioboHBPjzcW68VHPI="},"senderSigningKey":{"public":"BalXXsbntQGYd0gxubS1yVaSnhIQleCJsOlRFS2ikZg1"}}]