[{"senderKeyId":296056390,"senderChainKey":{"iteration":0,"seed":"CZBZGdwEkFtphOdp+y/Do/Bjphgtd7DqTPe5QsyCwrQ="},"senderSigningKey":{"public":"BV9TkHV2SGAEBMipL4IbRyOf1Yu39pbWLjgbQ/LrMAda"},"senderMessageKeys":[]},{"senderKeyId":1865725212,"senderChainKey":{"iteration":0,"seed":"FItupb5XMZMOmLcj9mQqjM/RAQybFMliU3fAtkuOmS8="},"senderSigningKey":{"public":"BTqTjVgfqylc/yd13bNyB3uY1HaF26a7vgr1jCi1bg8S"},"senderMessageKeys":[]},{"senderKeyId":1032301962,"senderChainKey":{"iteration":0,"seed":"85tAtff8YKUtMMuwqfQYySIPrS5eWDOg1T5IYqUeLAE="},"senderSigningKey":{"public":"BXyAO1unrV3eQQ58VGCf++yFddSn4mlDnJsA+HSLwikT"},"senderMessageKeys":[]},{"senderKeyId":1032301962,"senderChainKey":{"iteration":3,"seed":"1jkTO5id0bqEK6tkzbMMyeSGpXBX/hVtXlUhF5H21z4="},"senderSigningKey":{"public":"BXyAO1unrV3eQQ58VGCf++yFddSn4mlDnJsA+HSLwikT"},"senderMessageKeys":[]},{"senderKeyId":1032301962,"senderChainKey":{"iteration":3,"seed":"1jkTO5id0bqEK6tkzbMMyeSGpXBX/hVtXlUhF5H21z4="},"senderSigningKey":{"public":"BXyAO1unrV3eQQ58VGCf++yFddSn4mlDnJsA+HSLwikT"},"senderMessageKeys":[]},{"senderKeyId":1032301962,"senderChainKey":{"iteration":3,"seed":"1jkTO5id0bqEK6tkzbMMyeSGpXBX/hVtXlUhF5H21z4="},"senderSigningKey":{"public":"BXyAO1unrV3eQQ58VGCf++yFddSn4mlDnJsA+HSLwikT"},"senderMessageKeys":[]},{"senderKeyId":1032301962,"senderChainKey":{"iteration":3,"seed":"1jkTO5id0bqEK6tkzbMMyeSGpXBX/hVtXlUhF5H21z4="},"senderSigningKey":{"public":"BXyAO1unrV3eQQ58VGCf++yFddSn4mlDnJsA+HSLwikT"}}]