[{"senderKeyId":1043040366,"senderChainKey":{"iteration":0,"seed":"P/OY3uWKUXvF3XwHEbS/rV/dFLXVJZVE1SspjpJRCD4="},"senderSigningKey":{"public":"Bd5WUca29R023QvRy2nGrXzB+j2QOXwgN3/PWJx33HIo"},"senderMessageKeys":[]},{"senderKeyId":1043040366,"senderChainKey":{"iteration":1,"seed":"xE+d5PTuDS4JGxDIinrvq4Y++fzUR2Hw1spGY1wcRd4="},"senderSigningKey":{"public":"Bd5WUca29R023QvRy2nGrXzB+j2QOXwgN3/PWJx33HIo"},"senderMessageKeys":[]},{"senderKeyId":1043040366,"senderChainKey":{"iteration":2,"seed":"Sl0Gsnl4rZx9A+LJGCq7kIVxaA18spwp2Ex+BH0uElI="},"senderSigningKey":{"public":"Bd5WUca29R023QvRy2nGrXzB+j2QOXwgN3/PWJx33HIo"},"senderMessageKeys":[]},{"senderKeyId":1043040366,"senderChainKey":{"iteration":3,"seed":"0mJN2trLgN77n9Vic+KFbQViv9es1igNiL+2j9LdXXQ="},"senderSigningKey":{"public":"Bd5WUca29R023QvRy2nGrXzB+j2QOXwgN3/PWJx33HIo"},"senderMessageKeys":[]},{"senderKeyId":1807595948,"senderChainKey":{"iteration":0,"seed":"d4kK0MRPCO4y9SskyF+iSKG0xM5J8P1UV0x9bfNnJzE="},"senderSigningKey":{"public":"BTdH1enc2fKXF/o5ODnhC0AHclXbbV93lnEfptobUVMT"}}]