[{"senderKeyId":102223974,"senderChainKey":{"iteration":1,"seed":"tOlmrVddZ9TY3g00Q6ixVtocQIVQfUMWPgJd/2D6Vjc="},"senderSigningKey":{"public":"BXyWh/2lbfEQ401UJBkG6Fc55ZrahcUQ66WS1GT4rxIb"},"senderMessageKeys":[]},{"senderKeyId":102223974,"senderChainKey":{"iteration":2,"seed":"WBwFTas8YGtV6FcMBQp4RFAJatA0OZtrITh3ApUGcaI="},"senderSigningKey":{"public":"BXyWh/2lbfEQ401UJBkG6Fc55ZrahcUQ66WS1GT4rxIb"},"senderMessageKeys":[]},{"senderKeyId":102223974,"senderChainKey":{"iteration":3,"seed":"ohsQjy1k0caK1oDDDFo6pgGAtAPUOnW/p4V0Y+dIw5E="},"senderSigningKey":{"public":"BXyWh/2lbfEQ401UJBkG6Fc55ZrahcUQ66WS1GT4rxIb"},"senderMessageKeys":[]},{"senderKeyId":460732522,"senderChainKey":{"iteration":0,"seed":"xiSTwpR5PUfgVGyDEDbekM5OzkDS/MdFh0evoCT7qlU="},"senderSigningKey":{"public":"BVyGqxaiqb+6Cs9W1ui2EpqyY6bNsFj2R7tcMYnooe0F"},"senderMessageKeys":[]},{"senderKeyId":460732522,"senderChainKey":{"iteration":1,"seed":"3yfIbzGJ+mogzzClnUZrJypM/v6Weh4HVGG4JISD0s8="},"senderSigningKey":{"public":"BVyGqxaiqb+6Cs9W1ui2EpqyY6bNsFj2R7tcMYnooe0F"},"senderMessageKeys":[]},{"senderKeyId":1107992939,"senderChainKey":{"iteration":3,"seed":"ivK/Hmw/tXZkrfptqfTJOKqIpaLLyGJgiUzTeoxz1l0="},"senderSigningKey":{"public":"BaWmT+JsR3VouZSKpv2O8cpfK3SssaC8TpLTTZxznhIw"},"senderMessageKeys":[]},{"senderKeyId":497475816,"senderChainKey":{"iteration":0,"seed":"I1YRBpX1jjbs3s4D3rwDZA3Lcq1UENja9R7Zgy8uIUk="},"senderSigningKey":{"public":"BU2jepVu1gnwlyttTmoJEEGSUhiNCBPCAfg+x0ZMqWxT"}}]