[{"senderKeyId":898386068,"senderChainKey":{"iteration":0,"seed":"tC0KnpG2M7+SX1xvDFS5k2HmijbyjrziC5iLdOZbkbg="},"senderSigningKey":{"public":"BUpFYaxeJbSDOz0DiphmlIsj4nqRQ5zPvUNJgx9v654c"},"senderMessageKeys":[]},{"senderKeyId":898386068,"senderChainKey":{"iteration":2,"seed":"YnmkxlI0YCvI9R8U+P3A7tHgXOzW5QXoTgueAs5j1Gg="},"senderSigningKey":{"public":"BUpFYaxeJbSDOz0DiphmlIsj4nqRQ5zPvUNJgx9v654c"},"senderMessageKeys":[]},{"senderKeyId":898386068,"senderChainKey":{"iteration":2,"seed":"YnmkxlI0YCvI9R8U+P3A7tHgXOzW5QXoTgueAs5j1Gg="},"senderSigningKey":{"public":"BUpFYaxeJbSDOz0DiphmlIsj4nqRQ5zPvUNJgx9v654c"},"senderMessageKeys":[]},{"senderKeyId":898386068,"senderChainKey":{"iteration":3,"seed":"8gJFNDs60qxYv08OeiZuw+bluR09j6fezV4H3o7BkoU="},"senderSigningKey":{"public":"BUpFYaxeJbSDOz0DiphmlIsj4nqRQ5zPvUNJgx9v654c"},"senderMessageKeys":[]},{"senderKeyId":898386068,"senderChainKey":{"iteration":4,"seed":"u4jrIqWaVbBXBJmuwWBXXgwyF38BGzm9ihegfcI6r0I="},"senderSigningKey":{"public":"BUpFYaxeJbSDOz0DiphmlIsj4nqRQ5zPvUNJgx9v654c"},"senderMessageKeys":[]},{"senderKeyId":898386068,"senderChainKey":{"iteration":5,"seed":"JUtf4B8tJ5+L1QcA3mzLSf+FbbORJt+uJDzVVElZdwk="},"senderSigningKey":{"public":"BUpFYaxeJbSDOz0DiphmlIsj4nqRQ5zPvUNJgx9v654c"}}]