[{"senderKeyId":848893885,"senderChainKey":{"iteration":0,"seed":"ucEHgfrjcq6PZQnMYLgkPrH9y9YTQrNL+tLkLbRNz5c="},"senderSigningKey":{"public":"BdEcvMXXPnX34xE/GqKlKWRTRCsUKgnaOagj8P3VuShN"},"senderMessageKeys":[]},{"senderKeyId":848893885,"senderChainKey":{"iteration":1,"seed":"JXIGWOS8CX7uXVqBMTIn4RUKkGyZslWjuS9FSoEKbdc="},"senderSigningKey":{"public":"BdEcvMXXPnX34xE/GqKlKWRTRCsUKgnaOagj8P3VuShN"},"senderMessageKeys":[]},{"senderKeyId":848893885,"senderChainKey":{"iteration":2,"seed":"d/WHfFOSc2ciD79LZBmzpVSYk41vIPPwzhGzZ6KZBK0="},"senderSigningKey":{"public":"BdEcvMXXPnX34xE/GqKlKWRTRCsUKgnaOagj8P3VuShN"},"senderMessageKeys":[]},{"senderKeyId":848893885,"senderChainKey":{"iteration":3,"seed":"D4E4ICfwKsWVQ5jebs3uMQU+h2JZE0rFinLpLmExk9A="},"senderSigningKey":{"public":"BdEcvMXXPnX34xE/GqKlKWRTRCsUKgnaOagj8P3VuShN"},"senderMessageKeys":[]},{"senderKeyId":848893885,"senderChainKey":{"iteration":4,"seed":"XaxLgTt9Z0Y4MDNU6k9mjv8FTpZ82GNXdYsCscexPXE="},"senderSigningKey":{"public":"BdEcvMXXPnX34xE/GqKlKWRTRCsUKgnaOagj8P3VuShN"},"senderMessageKeys":[]},{"senderKeyId":848893885,"senderChainKey":{"iteration":5,"seed":"HxMF2QFQHvxXhBtXrjNfgDUCFttab0nxJHEebiKPJng="},"senderSigningKey":{"public":"BdEcvMXXPnX34xE/GqKlKWRTRCsUKgnaOagj8P3VuShN"},"senderMessageKeys":[]},{"senderKeyId":848893885,"senderChainKey":{"iteration":6,"seed":"Q2b8v4krIGjUznA5acPyT6DQU6ZeWL6qD6YzLeE7JoM="},"senderSigningKey":{"public":"BdEcvMXXPnX34xE/GqKlKWRTRCsUKgnaOagj8P3VuShN"},"senderMessageKeys":[]},{"senderKeyId":1107049650,"senderChainKey":{"iteration":0,"seed":"4maTpoEJgs5gC8W2zG7IOPEnn18zM0K4lOUsagLUklw="},"senderSigningKey":{"public":"BdxI7tE+8ujXU+6V9GQ9AlXqr1K8tCmYbcXSNz/1+cck"},"senderMessageKeys":[]},{"senderKeyId":1107049650,"senderChainKey":{"iteration":1,"seed":"mi0XwmiPX9Xk7DKPuGEipfhJkDgdVxMEi1/kPGbkFSA="},"senderSigningKey":{"public":"BdxI7tE+8ujXU+6V9GQ9AlXqr1K8tCmYbcXSNz/1+cck"},"senderMessageKeys":[]},{"senderKeyId":1107049650,"senderChainKey":{"iteration":2,"seed":"Tyqsu4odroxC3MqZSA1wZDX+CLLYDCT3mdgXoZL2XuE="},"senderSigningKey":{"public":"BdxI7tE+8ujXU+6V9GQ9AlXqr1K8tCmYbcXSNz/1+cck"},"senderMessageKeys":[]},{"senderKeyId":1107049650,"senderChainKey":{"iteration":3,"seed":"aHgF9dXpSq9Gf/poDKNfEbBYuLBm0x3RMPfPAKEtkCA="},"senderSigningKey":{"public":"BdxI7tE+8ujXU+6V9GQ9AlXqr1K8tCmYbcXSNz/1+cck"},"senderMessageKeys":[]},{"senderKeyId":1107049650,"senderChainKey":{"iteration":4,"seed":"32K5NINJGEaX9XrEKN2XODvQfwKu7rMyDOyWIKvwJoI="},"senderSigningKey":{"public":"BdxI7tE+8ujXU+6V9GQ9AlXqr1K8tCmYbcXSNz/1+cck"},"senderMessageKeys":[]},{"senderKeyId":1107049650,"senderChainKey":{"iteration":5,"seed":"Y45PY0djW4RRfYoV4hZujN+BxinGtedawx2SkRkgbZY="},"senderSigningKey":{"public":"BdxI7tE+8ujXU+6V9GQ9AlXqr1K8tCmYbcXSNz/1+cck"},"senderMessageKeys":[]},{"senderKeyId":1107049650,"senderChainKey":{"iteration":6,"seed":"pQQh0Zrk3oVVIKE8gpzB2V4YgNtrp+9kFA4a2PjS3ns="},"senderSigningKey":{"public":"BdxI7tE+8ujXU+6V9GQ9AlXqr1K8tCmYbcXSNz/1+cck"},"senderMessageKeys":[]},{"senderKeyId":1107049650,"senderChainKey":{"iteration":7,"seed":"eBMg0cZQZQgIv97qXwiL0GTCIV9y1lDYxJjGkAKjsrM="},"senderSigningKey":{"public":"BdxI7tE+8ujXU+6V9GQ9AlXqr1K8tCmYbcXSNz/1+cck"},"senderMessageKeys":[]},{"senderKeyId":1107049650,"senderChainKey":{"iteration":8,"seed":"2VoSSKW8rg3ZV0sm5Z3mtrslhZdxUb0/bPgplDoZIHs="},"senderSigningKey":{"public":"BdxI7tE+8ujXU+6V9GQ9AlXqr1K8tCmYbcXSNz/1+cck"},"senderMessageKeys":[]},{"senderKeyId":1176643397,"senderChainKey":{"iteration":0,"seed":"N+E6gC205ko44W3t06Ql4BlxEtCA7zEj4PJpmrtWrfc="},"senderSigningKey":{"public":"BTetA3UziVx0waKKlSde/ncPYD4vmmyXJmKqcJYzt+FL"},"senderMessageKeys":[]},{"senderKeyId":598495840,"senderChainKey":{"iteration":0,"seed":"2YVB+VFY3vSN1LOQ6SMmRqWI+bod9R0bu+vtN6KQxVY="},"senderSigningKey":{"public":"Be+9acrW4ikHGsCET/+Tz945culEgAfw3YQ2Tvk3GIM/"},"senderMessageKeys":[]},{"senderKeyId":947435818,"senderChainKey":{"iteration":0,"seed":"F6hsCh3L25jy32jLaaS6jqXdp6Mn2br8UxAeRLZKS9k="},"senderSigningKey":{"public":"BSS9TtWwOFGSzBfMWYl9kHCvvU7mMERP3Wj/YqDRzzZC"},"senderMessageKeys":[]},{"senderKeyId":1609834195,"senderChainKey":{"iteration":0,"seed":"YC4a+mGpWRtyPxqRl+jPYSk8OP3IQPPBYHKbkchQ6H4="},"senderSigningKey":{"public":"BXFopwqmZFo4Za3TLUqYW+fiSmQ4GJi92g6TmgrHotII"},"senderMessageKeys":[]},{"senderKeyId":1609834195,"senderChainKey":{"iteration":0,"seed":"YC4a+mGpWRtyPxqRl+jPYSk8OP3IQPPBYHKbkchQ6H4="},"senderSigningKey":{"public":"BXFopwqmZFo4Za3TLUqYW+fiSmQ4GJi92g6TmgrHotII"},"senderMessageKeys":[]},{"senderKeyId":1609834195,"senderChainKey":{"iteration":0,"seed":"YC4a+mGpWRtyPxqRl+jPYSk8OP3IQPPBYHKbkchQ6H4="},"senderSigningKey":{"public":"BXFopwqmZFo4Za3TLUqYW+fiSmQ4GJi92g6TmgrHotII"},"senderMessageKeys":[]},{"senderKeyId":1609834195,"senderChainKey":{"iteration":0,"seed":"YC4a+mGpWRtyPxqRl+jPYSk8OP3IQPPBYHKbkchQ6H4="},"senderSigningKey":{"public":"BXFopwqmZFo4Za3TLUqYW+fiSmQ4GJi92g6TmgrHotII"},"senderMessageKeys":[]},{"senderKeyId":1609834195,"senderChainKey":{"iteration":1,"seed":"b35Dhx9FEDkL1b8lpYWA5IrCcIICpckj9lokypkjvcw="},"senderSigningKey":{"public":"BXFopwqmZFo4Za3TLUqYW+fiSmQ4GJi92g6TmgrHotII"},"senderMessageKeys":[]},{"senderKeyId":1609834195,"senderChainKey":{"iteration":2,"seed":"nMRiF2RPcqRxhlroUhCPtplLBUTmGPT2e2LK4M9ine8="},"senderSigningKey":{"public":"BXFopwqmZFo4Za3TLUqYW+fiSmQ4GJi92g6TmgrHotII"},"senderMessageKeys":[]},{"senderKeyId":1889605767,"senderChainKey":{"iteration":0,"seed":"SXaBRQKRgSf/0LgsVWx8vn2I/PItEbXUpIj0wLdD+3M="},"senderSigningKey":{"public":"BffjqcS27fiO/pKumbvMSxVX3Bg3aK8r9KV48fE6MYYm"},"senderMessageKeys":[]},{"senderKeyId":1131786716,"senderChainKey":{"iteration":0,"seed":"CytrGmUCDIZAmJedkL1xuyMPO6lFo7+RTVwpduZFHJQ="},"senderSigningKey":{"public":"BcbjJaGtX1HWwq5ShjzDAiieTMkaqhzASJdfyUfJlVA9"},"senderMessageKeys":[]},{"senderKeyId":1131786716,"senderChainKey":{"iteration":1,"seed":"YHVyOiWU4AD1Jk3bK2e1LrypITFuYySaHzkPebJKCL4="},"senderSigningKey":{"public":"BcbjJaGtX1HWwq5ShjzDAiieTMkaqhzASJdfyUfJlVA9"},"senderMessageKeys":[]},{"senderKeyId":1131786716,"senderChainKey":{"iteration":2,"seed":"fO64RVgofjijY41H4o+Ye+TlFgaboRSyNDCKCnO6lMI="},"senderSigningKey":{"public":"BcbjJaGtX1HWwq5ShjzDAiieTMkaqhzASJdfyUfJlVA9"},"senderMessageKeys":[]},{"senderKeyId":1131786716,"senderChainKey":{"iteration":3,"seed":"6sfRMbmZVaYcNMXCP4jdbt70eIPosqt2No9LaQ65xBQ="},"senderSigningKey":{"public":"BcbjJaGtX1HWwq5ShjzDAiieTMkaqhzASJdfyUfJlVA9"}}]