[{"senderKeyId":671054991,"senderChainKey":{"iteration":0,"seed":"CUzuxzvOQluZ/tH1dceSwN5u+Kvvc+r3yyCbZBM/2BA="},"senderSigningKey":{"public":"BdwNSUnxJeKlPT2yGmHdFSxzI4q/BCP/tBhRIKqkCVxK"},"senderMessageKeys":[]},{"senderKeyId":671054991,"senderChainKey":{"iteration":4,"seed":"c6Gt0iBqpYJPulscpy+XHVOGdm9Yp7kfVVRGRKmtGAs="},"senderSigningKey":{"public":"BdwNSUnxJeKlPT2yGmHdFSxzI4q/BCP/tBhRIKqkCVxK"},"senderMessageKeys":[]},{"senderKeyId":671054991,"senderChainKey":{"iteration":4,"seed":"c6Gt0iBqpYJPulscpy+XHVOGdm9Yp7kfVVRGRKmtGAs="},"senderSigningKey":{"public":"BdwNSUnxJeKlPT2yGmHdFSxzI4q/BCP/tBhRIKqkCVxK"},"senderMessageKeys":[]},{"senderKeyId":671054991,"senderChainKey":{"iteration":4,"seed":"c6Gt0iBqpYJPulscpy+XHVOGdm9Yp7kfVVRGRKmtGAs="},"senderSigningKey":{"public":"BdwNSUnxJeKlPT2yGmHdFSxzI4q/BCP/tBhRIKqkCVxK"}}]