[{"senderKeyId":715897523,"senderChainKey":{"iteration":60,"seed":"1gvjvFrhbvt4iqJKRcePaOlwW+32LyBqpMHb/9ShBjE="},"senderSigningKey":{"public":"BbjuZlm/PP1B6ASJ/7QNvvw3Hp8jsxp1CEG7O2pEER90"},"senderMessageKeys":[]},{"senderKeyId":715897523,"senderChainKey":{"iteration":61,"seed":"ybltJKxBTwMCa4lc/dA3ZBhqQEg/Zy70Zi3kvR1Pw0E="},"senderSigningKey":{"public":"BbjuZlm/PP1B6ASJ/7QNvvw3Hp8jsxp1CEG7O2pEER90"},"senderMessageKeys":[]},{"senderKeyId":715897523,"senderChainKey":{"iteration":62,"seed":"NWvmTZlMYyDlppbjaJlty9BfKhYu6So86oguMIrh3vI="},"senderSigningKey":{"public":"BbjuZlm/PP1B6ASJ/7QNvvw3Hp8jsxp1CEG7O2pEER90"},"senderMessageKeys":[]},{"senderKeyId":715897523,"senderChainKey":{"iteration":63,"seed":"Z8OwURhiolUMbdeAk70j5692K6H3dnv95KZgl6gpWTo="},"senderSigningKey":{"public":"BbjuZlm/PP1B6ASJ/7QNvvw3Hp8jsxp1CEG7O2pEER90"},"senderMessageKeys":[]},{"senderKeyId":715897523,"senderChainKey":{"iteration":64,"seed":"0OlZNSb52wiUvLT6W38lWLcfvD7Nz8AC8w6TlAyjag8="},"senderSigningKey":{"public":"BbjuZlm/PP1B6ASJ/7QNvvw3Hp8jsxp1CEG7O2pEER90"},"senderMessageKeys":[]},{"senderKeyId":715897523,"senderChainKey":{"iteration":66,"seed":"AN1p5QsaTeyB9QxQdyfkSN+o1W/CWC8PjcmF9CoFeUA="},"senderSigningKey":{"public":"BbjuZlm/PP1B6ASJ/7QNvvw3Hp8jsxp1CEG7O2pEER90"},"senderMessageKeys":[]},{"senderKeyId":715897523,"senderChainKey":{"iteration":66,"seed":"AN1p5QsaTeyB9QxQdyfkSN+o1W/CWC8PjcmF9CoFeUA="},"senderSigningKey":{"public":"BbjuZlm/PP1B6ASJ/7QNvvw3Hp8jsxp1CEG7O2pEER90"},"senderMessageKeys":[]},{"senderKeyId":38392583,"senderChainKey":{"iteration":0,"seed":"VKthazqcmmOc65RT5O3dxYPIEfunCa2KJP+Gj0gjY04="},"senderSigningKey":{"public":"BbJdwHp0tSya9668uXjo4ZAo0mi3z90RgBADndRktaEm"},"senderMessageKeys":[]},{"senderKeyId":38392583,"senderChainKey":{"iteration":1,"seed":"T14YI2JXObyX+RsgzxNHS2ckNyTQU+L4AMult55XfKc="},"senderSigningKey":{"public":"BbJdwHp0tSya9668uXjo4ZAo0mi3z90RgBADndRktaEm"},"senderMessageKeys":[]},{"senderKeyId":38392583,"senderChainKey":{"iteration":1,"seed":"T14YI2JXObyX+RsgzxNHS2ckNyTQU+L4AMult55XfKc="},"senderSigningKey":{"public":"BbJdwHp0tSya9668uXjo4ZAo0mi3z90RgBADndRktaEm"},"senderMessageKeys":[]},{"senderKeyId":38392583,"senderChainKey":{"iteration":1,"seed":"T14YI2JXObyX+RsgzxNHS2ckNyTQU+L4AMult55XfKc="},"senderSigningKey":{"public":"BbJdwHp0tSya9668uXjo4ZAo0mi3z90RgBADndRktaEm"}}]