[{"senderKeyId":1863815923,"senderChainKey":{"iteration":0,"seed":"mYZxcxu0W8tsF1fVQhH7J8jNzU5mgq+CfJns3UYmQzQ="},"senderSigningKey":{"public":"BTzgOk5rf870U2jj+VRYbF5vKT1oi/EGwmM7UNgQAJZz"},"senderMessageKeys":[]},{"senderKeyId":1863815923,"senderChainKey":{"iteration":1,"seed":"p/W2FvD3MgggebkSpuhrIYW2+oSD5Q/b1EOVCAnFLvQ="},"senderSigningKey":{"public":"BTzgOk5rf870U2jj+VRYbF5vKT1oi/EGwmM7UNgQAJZz"},"senderMessageKeys":[]},{"senderKeyId":834608660,"senderChainKey":{"iteration":0,"seed":"csAtxpcqT8IROHV6WMdANel2XmafHtoby4YhmWXRwo0="},"senderSigningKey":{"public":"BQ00nQZ9ubZb+1zZLffyNlre16a5gWi/YOvgvOPGgIw/"},"senderMessageKeys":[]},{"senderKeyId":834608660,"senderChainKey":{"iteration":1,"seed":"M3KlV/oInGCo9HRDzciqX6ZnZ5Fr18+TAIzGcWu+Fks="},"senderSigningKey":{"public":"BQ00nQZ9ubZb+1zZLffyNlre16a5gWi/YOvgvOPGgIw/"}}]