[{"senderKeyId":1652661289,"senderChainKey":{"iteration":1,"seed":"UM5qb061Ifm3qm86Q0kQ+ks7aQGeNznE8MWjkpBx8Nw="},"senderSigningKey":{"public":"BfnG+kf2+eUCJtVitqpBzBgZO93p1vAPNSbHu4390vUQ"},"senderMessageKeys":[]},{"senderKeyId":1652661289,"senderChainKey":{"iteration":2,"seed":"xz5GRL38v3MAIq0+HDyq119rL86SRMGa03t1HpeJAAw="},"senderSigningKey":{"public":"BfnG+kf2+eUCJtVitqpBzBgZO93p1vAPNSbHu4390vUQ"},"senderMessageKeys":[]},{"senderKeyId":1840598172,"senderChainKey":{"iteration":0,"seed":"c1BTV/Hk/6pdY/DG8rA9EirwAH4MuyeuNAyY3QwAg1A="},"senderSigningKey":{"public":"Bco6Ng5DrjcsFfkSMh0QhM9Pnm9m0fbJSFV9C0jSpL4J"},"senderMessageKeys":[]},{"senderKeyId":1840598172,"senderChainKey":{"iteration":6,"seed":"JB4j0be9HDq92gDhoAhNeNYSY5+RPwG5YiyzFsohF5M="},"senderSigningKey":{"public":"Bco6Ng5DrjcsFfkSMh0QhM9Pnm9m0fbJSFV9C0jSpL4J"},"senderMessageKeys":[]},{"senderKeyId":1840598172,"senderChainKey":{"iteration":6,"seed":"JB4j0be9HDq92gDhoAhNeNYSY5+RPwG5YiyzFsohF5M="},"senderSigningKey":{"public":"Bco6Ng5DrjcsFfkSMh0QhM9Pnm9m0fbJSFV9C0jSpL4J"},"senderMessageKeys":[]},{"senderKeyId":1840598172,"senderChainKey":{"iteration":6,"seed":"JB4j0be9HDq92gDhoAhNeNYSY5+RPwG5YiyzFsohF5M="},"senderSigningKey":{"public":"Bco6Ng5DrjcsFfkSMh0QhM9Pnm9m0fbJSFV9C0jSpL4J"},"senderMessageKeys":[]},{"senderKeyId":1840598172,"senderChainKey":{"iteration":6,"seed":"JB4j0be9HDq92gDhoAhNeNYSY5+RPwG5YiyzFsohF5M="},"senderSigningKey":{"public":"Bco6Ng5DrjcsFfkSMh0QhM9Pnm9m0fbJSFV9C0jSpL4J"},"senderMessageKeys":[]},{"senderKeyId":1840598172,"senderChainKey":{"iteration":6,"seed":"JB4j0be9HDq92gDhoAhNeNYSY5+RPwG5YiyzFsohF5M="},"senderSigningKey":{"public":"Bco6Ng5DrjcsFfkSMh0QhM9Pnm9m0fbJSFV9C0jSpL4J"},"senderMessageKeys":[]},{"senderKeyId":1840598172,"senderChainKey":{"iteration":6,"seed":"JB4j0be9HDq92gDhoAhNeNYSY5+RPwG5YiyzFsohF5M="},"senderSigningKey":{"public":"Bco6Ng5DrjcsFfkSMh0QhM9Pnm9m0fbJSFV9C0jSpL4J"},"senderMessageKeys":[]},{"senderKeyId":1788083017,"senderChainKey":{"iteration":0,"seed":"8tZA7mYbsTd+93JOVoBcK6KG7PyjKoXkugqMkcEeMVU="},"senderSigningKey":{"public":"BT4nQJ/VJSKsYnsqL8oOpcqbywRPaBCAvURpVnqOL9oX"}}]