[{"senderKeyId":957570487,"senderChainKey":{"iteration":1,"seed":"SZKcZ4+9Wy6M/lmJQC+V2k4NevluT8OX9fVpGwiAuuE="},"senderSigningKey":{"public":"BZz+xRvnt3PwCjipRg2sxNdgkW1wk1RecqrhXVJSAixW"},"senderMessageKeys":[]},{"senderKeyId":957570487,"senderChainKey":{"iteration":4,"seed":"xcLGETDIYap9WoVdM1zQFYWZW6zEekTbavniw6XDG3U="},"senderSigningKey":{"public":"BZz+xRvnt3PwCjipRg2sxNdgkW1wk1RecqrhXVJSAixW"},"senderMessageKeys":[]},{"senderKeyId":957570487,"senderChainKey":{"iteration":4,"seed":"xcLGETDIYap9WoVdM1zQFYWZW6zEekTbavniw6XDG3U="},"senderSigningKey":{"public":"BZz+xRvnt3PwCjipRg2sxNdgkW1wk1RecqrhXVJSAixW"},"senderMessageKeys":[]},{"senderKeyId":957570487,"senderChainKey":{"iteration":4,"seed":"xcLGETDIYap9WoVdM1zQFYWZW6zEekTbavniw6XDG3U="},"senderSigningKey":{"public":"BZz+xRvnt3PwCjipRg2sxNdgkW1wk1RecqrhXVJSAixW"},"senderMessageKeys":[]},{"senderKeyId":1091969392,"senderChainKey":{"iteration":0,"seed":"Yzbn8NiLuQFJlKeuRVYzmFCRXj5viOer0TRbwPoorUg="},"senderSigningKey":{"public":"BXfdQ1kOirpLCfgYulSGTxwIfE8DV3fkMdK0Eo7+53wq"},"senderMessageKeys":[]},{"senderKeyId":1091969392,"senderChainKey":{"iteration":1,"seed":"c8NBJfPMNE4iB/XkTF8v+GjVRIa2S3I+wNSVo4zVVgk="},"senderSigningKey":{"public":"BXfdQ1kOirpLCfgYulSGTxwIfE8DV3fkMdK0Eo7+53wq"},"senderMessageKeys":[]},{"senderKeyId":55955600,"senderChainKey":{"iteration":0,"seed":"Lj+82VGuiIhM3xPN67NRbycV9a/5QvHTsWZzIxqldHI="},"senderSigningKey":{"public":"BT7pTph1rx3hzTOM5/kU6owZuz1NmgMDxM1I+VwTwJcR"},"senderMessageKeys":[]},{"senderKeyId":55955600,"senderChainKey":{"iteration":1,"seed":"1/At5veFYa9SfZv2qGSRuM8jNvNFfhVK++rg2O6/j5Q="},"senderSigningKey":{"public":"BT7pTph1rx3hzTOM5/kU6owZuz1NmgMDxM1I+VwTwJcR"}}]