[{"senderKeyId":1692178533,"senderChainKey":{"iteration":1,"seed":"ssnNMRgExtCX/9ufAakzm4IhVpTjzhfGPaLehO9csLw="},"senderSigningKey":{"public":"BSv/mqbbyB4p7eyja309shab127KwovaH0wonRzy9f1Y"},"senderMessageKeys":[]},{"senderKeyId":1692178533,"senderChainKey":{"iteration":2,"seed":"VYeLYJDZuyRybZIhM5PQ8JF4zNX5ocP4a4e/rnKOk7Y="},"senderSigningKey":{"public":"BSv/mqbbyB4p7eyja309shab127KwovaH0wonRzy9f1Y"},"senderMessageKeys":[]},{"senderKeyId":1692178533,"senderChainKey":{"iteration":2,"seed":"VYeLYJDZuyRybZIhM5PQ8JF4zNX5ocP4a4e/rnKOk7Y="},"senderSigningKey":{"public":"BSv/mqbbyB4p7eyja309shab127KwovaH0wonRzy9f1Y"},"senderMessageKeys":[]},{"senderKeyId":776591474,"senderChainKey":{"iteration":0,"seed":"qModDsY5T1Lde0ZS3qSsSkPJ5yIOE2KRkgb80KgX+C4="},"senderSigningKey":{"public":"BWT3hqxoVCGje4ifvK54Fvl/r3kSckqzE+hCWYxUfXhb"},"senderMessageKeys":[]},{"senderKeyId":1308869160,"senderChainKey":{"iteration":0,"seed":"oRkV8rEswQrtOqQTXN3/nmuXQMhVZc/GXeKpQ8wrhGw="},"senderSigningKey":{"public":"BQqGp2YXTy+khkFjP7ARR+VWZxlEyxI50zGGqc+PEAsB"},"senderMessageKeys":[]},{"senderKeyId":1308869160,"senderChainKey":{"iteration":1,"seed":"KqTV+bL2AVEQ59iZR8gpoKIFtahAQ9ApIfwcKrMvCCY="},"senderSigningKey":{"public":"BQqGp2YXTy+khkFjP7ARR+VWZxlEyxI50zGGqc+PEAsB"}}]