[{"senderKeyId":145047540,"senderChainKey":{"iteration":0,"seed":"t48b6dTXpJt2wu6osSUq3z5b0wc77yLqkhNwHibty/o="},"senderSigningKey":{"public":"BcMHRJnaAeQEgXw/WudqsPX+uFfIN9/1zkrtGvqkETZq"},"senderMessageKeys":[]},{"senderKeyId":145047540,"senderChainKey":{"iteration":1,"seed":"g36B1yr9sB1AFasZwEMcWOlMZ0DBtRxTNGpP/iOF2GI="},"senderSigningKey":{"public":"BcMHRJnaAeQEgXw/WudqsPX+uFfIN9/1zkrtGvqkETZq"},"senderMessageKeys":[]},{"senderKeyId":373024073,"senderChainKey":{"iteration":0,"seed":"A80AyJk6ZjOjRO1TqS5qKCtkY8J3RAiFeS53UlA24uM="},"senderSigningKey":{"public":"BSyWYyvJIC9Zur23nwhsGJiy4xuCJnPfJLd2zib+oTYW"},"senderMessageKeys":[]},{"senderKeyId":373024073,"senderChainKey":{"iteration":1,"seed":"vs0gvP37B9IEUnr4+yHpya/1vS4atRUDp9ncMs4LQLg="},"senderSigningKey":{"public":"BSyWYyvJIC9Zur23nwhsGJiy4xuCJnPfJLd2zib+oTYW"},"senderMessageKeys":[]},{"senderKeyId":1638434743,"senderChainKey":{"iteration":0,"seed":"wmIQNWFIVTpumYnTeh3xcAJBsDkPP1tLnSS/uYrFAU8="},"senderSigningKey":{"public":"BatTtUoyIRBrx4tOTLCvfUpUaGSQCLIVaBqzimVEff44"},"senderMessageKeys":[]},{"senderKeyId":1638434743,"senderChainKey":{"iteration":1,"seed":"knF7qElsmfUf9GwdwLXFTn92lLBVxc+Hq6lENG51Efc="},"senderSigningKey":{"public":"BatTtUoyIRBrx4tOTLCvfUpUaGSQCLIVaBqzimVEff44"}}]