[{"senderKeyId":1465765068,"senderChainKey":{"iteration":5,"seed":"vZmuDomW+ceaH3ae7NFlZQLfxZl4eoaW2/vONsM9RBA="},"senderSigningKey":{"public":"BTA11z8sghRauxLcKQ5CLpZ9Cb/mLYTYF8p42/VVYwoD"},"senderMessageKeys":[]},{"senderKeyId":1465765068,"senderChainKey":{"iteration":6,"seed":"CbXJVzgJk+llFQXWycUoVu4kvEeVsFWpZRlt2QuHLes="},"senderSigningKey":{"public":"BTA11z8sghRauxLcKQ5CLpZ9Cb/mLYTYF8p42/VVYwoD"},"senderMessageKeys":[]},{"senderKeyId":1465765068,"senderChainKey":{"iteration":7,"seed":"IOLJyR0aGivrx2xQ3hFuoug0egvNke5OfVxzdc3zpd4="},"senderSigningKey":{"public":"BTA11z8sghRauxLcKQ5CLpZ9Cb/mLYTYF8p42/VVYwoD"},"senderMessageKeys":[]},{"senderKeyId":1465765068,"senderChainKey":{"iteration":8,"seed":"+z1OSDUVfn36WwfMNCEhnNFnn1dUVzOfL08PiBb14mg="},"senderSigningKey":{"public":"BTA11z8sghRauxLcKQ5CLpZ9Cb/mLYTYF8p42/VVYwoD"},"senderMessageKeys":[]},{"senderKeyId":1465765068,"senderChainKey":{"iteration":9,"seed":"h022InXuEafECkF6iGiL/L55G8yGZPN7HQFzFeSm28A="},"senderSigningKey":{"public":"BTA11z8sghRauxLcKQ5CLpZ9Cb/mLYTYF8p42/VVYwoD"},"senderMessageKeys":[]},{"senderKeyId":1465765068,"senderChainKey":{"iteration":10,"seed":"7rxkdwgTida/xOzzgIAr0RwsMTIHgXVS6e0tUBDzsg8="},"senderSigningKey":{"public":"BTA11z8sghRauxLcKQ5CLpZ9Cb/mLYTYF8p42/VVYwoD"},"senderMessageKeys":[]},{"senderKeyId":1465765068,"senderChainKey":{"iteration":11,"seed":"s3uWWOOuiy22Rsy/Hv2VvipS8DfH5pojPyr8buIAYqw="},"senderSigningKey":{"public":"BTA11z8sghRauxLcKQ5CLpZ9Cb/mLYTYF8p42/VVYwoD"},"senderMessageKeys":[]},{"senderKeyId":1465765068,"senderChainKey":{"iteration":12,"seed":"U7ku7Vm5n1SycwZN1Y0P1VHT/zenrNR+4tiZ4eWIGwY="},"senderSigningKey":{"public":"BTA11z8sghRauxLcKQ5CLpZ9Cb/mLYTYF8p42/VVYwoD"},"senderMessageKeys":[]},{"senderKeyId":1465765068,"senderChainKey":{"iteration":13,"seed":"PvEPpxmR3qlDWR7+n2c5QIme3jJtf0PCYX3+R3LmZ+U="},"senderSigningKey":{"public":"BTA11z8sghRauxLcKQ5CLpZ9Cb/mLYTYF8p42/VVYwoD"},"senderMessageKeys":[]},{"senderKeyId":218641752,"senderChainKey":{"iteration":0,"seed":"i6bGDAstgFErIUqSOlNHhPDXALxkcdG6tFchK000WBM="},"senderSigningKey":{"public":"BbzB8tZOu2lyBq+UUNJYRGMEzxdMDJJrACStzNXrBelC"},"senderMessageKeys":[]},{"senderKeyId":218641752,"senderChainKey":{"iteration":1,"seed":"Mn5JML5G/PXoYQ4LLknK2rTB/wTvFlrqHs0Oo+XG9BA="},"senderSigningKey":{"public":"BbzB8tZOu2lyBq+UUNJYRGMEzxdMDJJrACStzNXrBelC"},"senderMessageKeys":[]},{"senderKeyId":1947835478,"senderChainKey":{"iteration":0,"seed":"CV4aqY3Xj9OkSBQm2oohXMXBh3XSR4JIoRBWG6DEd64="},"senderSigningKey":{"public":"BaXOfPSs+wcg0+ArJ7a3u71qrkA534H8Eg+KJcG8CvNf"},"senderMessageKeys":[]},{"senderKeyId":1947835478,"senderChainKey":{"iteration":1,"seed":"1Hh404o+smwekLQ5kYSBrMKXToPh7n3kh7rHZqdUpHc="},"senderSigningKey":{"public":"BaXOfPSs+wcg0+ArJ7a3u71qrkA534H8Eg+KJcG8CvNf"}}]