[{"senderKeyId":1388995646,"senderChainKey":{"iteration":119,"seed":"y3QZSXhp0Fru5h95ZgoZL8Ysj5DN9OEaRMiv1LHOnas="},"senderSigningKey":{"public":"BQfqojUmHTL+fFHC6VHGIz+Zqt/S+uZLs/BUW3PaJ1tx"},"senderMessageKeys":[]},{"senderKeyId":1388995646,"senderChainKey":{"iteration":120,"seed":"oIH0TOH20mhiygZhwG6nG7KAUibev6tYdaMvN+WMYfg="},"senderSigningKey":{"public":"BQfqojUmHTL+fFHC6VHGIz+Zqt/S+uZLs/BUW3PaJ1tx"},"senderMessageKeys":[]},{"senderKeyId":1388995646,"senderChainKey":{"iteration":121,"seed":"UKmES5Uuvp0NCxfHaZtNDSzHFfYLW2VghZ+AipY9nrM="},"senderSigningKey":{"public":"BQfqojUmHTL+fFHC6VHGIz+Zqt/S+uZLs/BUW3PaJ1tx"},"senderMessageKeys":[]},{"senderKeyId":1388995646,"senderChainKey":{"iteration":122,"seed":"gbZC8grKO+JMiM9V85ONDqhizlQF6vcCf6Fz9QnOQng="},"senderSigningKey":{"public":"BQfqojUmHTL+fFHC6VHGIz+Zqt/S+uZLs/BUW3PaJ1tx"},"senderMessageKeys":[]},{"senderKeyId":1388995646,"senderChainKey":{"iteration":123,"seed":"tNi7JifsY70K0TF13diMUvaAAAknS9yGjTy2odtdAlw="},"senderSigningKey":{"public":"BQfqojUmHTL+fFHC6VHGIz+Zqt/S+uZLs/BUW3PaJ1tx"},"senderMessageKeys":[]},{"senderKeyId":1388995646,"senderChainKey":{"iteration":124,"seed":"cTaoR5tAYFn+fu3l0ZyTQdgMjZtwqCDOd1PDcCa7iOg="},"senderSigningKey":{"public":"BQfqojUmHTL+fFHC6VHGIz+Zqt/S+uZLs/BUW3PaJ1tx"},"senderMessageKeys":[]},{"senderKeyId":1388995646,"senderChainKey":{"iteration":125,"seed":"Jn2qgSdkMcsv1QspDa6lsUYwg/Q0m6L13xHVRaUvcqw="},"senderSigningKey":{"public":"BQfqojUmHTL+fFHC6VHGIz+Zqt/S+uZLs/BUW3PaJ1tx"},"senderMessageKeys":[]},{"senderKeyId":1388995646,"senderChainKey":{"iteration":126,"seed":"FK2yAgJcDp8YBdhN54yHX4hZp6Ka7/kKxiEYs0cG4A4="},"senderSigningKey":{"public":"BQfqojUmHTL+fFHC6VHGIz+Zqt/S+uZLs/BUW3PaJ1tx"},"senderMessageKeys":[]},{"senderKeyId":1388995646,"senderChainKey":{"iteration":127,"seed":"05hI+WLXdiubAjTknASAutMxp+yp8VLi/0kPPqFv6ts="},"senderSigningKey":{"public":"BQfqojUmHTL+fFHC6VHGIz+Zqt/S+uZLs/BUW3PaJ1tx"},"senderMessageKeys":[]},{"senderKeyId":1388995646,"senderChainKey":{"iteration":128,"seed":"XdUnZeSTAVvwi5XkCOQ54WuL2ILImZixmZI/67zVdHs="},"senderSigningKey":{"public":"BQfqojUmHTL+fFHC6VHGIz+Zqt/S+uZLs/BUW3PaJ1tx"},"senderMessageKeys":[]},{"senderKeyId":1388995646,"senderChainKey":{"iteration":129,"seed":"0XisMIGMxqpgkIcYHKV+v5OGMQADxmnnn70dDMrNk/c="},"senderSigningKey":{"public":"BQfqojUmHTL+fFHC6VHGIz+Zqt/S+uZLs/BUW3PaJ1tx"},"senderMessageKeys":[]},{"senderKeyId":1388995646,"senderChainKey":{"iteration":130,"seed":"3VfspIaZ1w1r1cQ2JsRTAN6urM9cTg8F+TnmykBo5hU="},"senderSigningKey":{"public":"BQfqojUmHTL+fFHC6VHGIz+Zqt/S+uZLs/BUW3PaJ1tx"},"senderMessageKeys":[]},{"senderKeyId":1388995646,"senderChainKey":{"iteration":131,"seed":"rnWzV/kuR/UaN0BEomSZvEtb9NOt2NoZCTDRBvAfjsM="},"senderSigningKey":{"public":"BQfqojUmHTL+fFHC6VHGIz+Zqt/S+uZLs/BUW3PaJ1tx"},"senderMessageKeys":[]},{"senderKeyId":1388995646,"senderChainKey":{"iteration":132,"seed":"isRoQ8qpr2JGPg++gF1AdqAeJ6qTg20ijEtt3Snyi5s="},"senderSigningKey":{"public":"BQfqojUmHTL+fFHC6VHGIz+Zqt/S+uZLs/BUW3PaJ1tx"},"senderMessageKeys":[]},{"senderKeyId":1388995646,"senderChainKey":{"iteration":133,"seed":"8YjXPN0N0omtR4D4Y3bLtQHnhRARx9QWQstD/80q0NM="},"senderSigningKey":{"public":"BQfqojUmHTL+fFHC6VHGIz+Zqt/S+uZLs/BUW3PaJ1tx"},"senderMessageKeys":[]},{"senderKeyId":1388995646,"senderChainKey":{"iteration":134,"seed":"UjrfPapHR37v5acJNWvjBTUl+dzpb+cEum6XpiqAU9o="},"senderSigningKey":{"public":"BQfqojUmHTL+fFHC6VHGIz+Zqt/S+uZLs/BUW3PaJ1tx"},"senderMessageKeys":[]},{"senderKeyId":1388995646,"senderChainKey":{"iteration":135,"seed":"15TdcS+pUdTBKSMVzEys+9/vnCjTMg2jAzDilFxPRP0="},"senderSigningKey":{"public":"BQfqojUmHTL+fFHC6VHGIz+Zqt/S+uZLs/BUW3PaJ1tx"},"senderMessageKeys":[]},{"senderKeyId":1388995646,"senderChainKey":{"iteration":136,"seed":"D/JBgpfWUwsp4gzQ0h/jOQMxUwsQpD4kqyj/4ADwHuM="},"senderSigningKey":{"public":"BQfqojUmHTL+fFHC6VHGIz+Zqt/S+uZLs/BUW3PaJ1tx"},"senderMessageKeys":[]},{"senderKeyId":1388995646,"senderChainKey":{"iteration":137,"seed":"CajcPkM4NL9SbjcDjNPo/b2ae1Dkf++aXFeXpxxfl7w="},"senderSigningKey":{"public":"BQfqojUmHTL+fFHC6VHGIz+Zqt/S+uZLs/BUW3PaJ1tx"},"senderMessageKeys":[]},{"senderKeyId":1388995646,"senderChainKey":{"iteration":138,"seed":"rotqQimm/9Pp8qgHxqr+OR9KKPqfs8G/lH+pIVlmBvQ="},"senderSigningKey":{"public":"BQfqojUmHTL+fFHC6VHGIz+Zqt/S+uZLs/BUW3PaJ1tx"},"senderMessageKeys":[]},{"senderKeyId":1388995646,"senderChainKey":{"iteration":139,"seed":"Kdpesd8spvfIyrn7+a4XWnrQr2/m97QQdkiufghNU6Y="},"senderSigningKey":{"public":"BQfqojUmHTL+fFHC6VHGIz+Zqt/S+uZLs/BUW3PaJ1tx"},"senderMessageKeys":[]},{"senderKeyId":1388995646,"senderChainKey":{"iteration":140,"seed":"R2lZGp9K7ft42t0oaiP8XPna8suph451ShPU9XVn5D8="},"senderSigningKey":{"public":"BQfqojUmHTL+fFHC6VHGIz+Zqt/S+uZLs/BUW3PaJ1tx"},"senderMessageKeys":[]},{"senderKeyId":1388995646,"senderChainKey":{"iteration":141,"seed":"A+vt3IoJjvYWuYjcflRP/1i2nMHbTtdEwSi93CN7LXU="},"senderSigningKey":{"public":"BQfqojUmHTL+fFHC6VHGIz+Zqt/S+uZLs/BUW3PaJ1tx"},"senderMessageKeys":[]},{"senderKeyId":1388995646,"senderChainKey":{"iteration":142,"seed":"9UpnsQNwsvKO8prTidKfcPrAHK68yTbg++6VNtEvYXU="},"senderSigningKey":{"public":"BQfqojUmHTL+fFHC6VHGIz+Zqt/S+uZLs/BUW3PaJ1tx"},"senderMessageKeys":[]},{"senderKeyId":1388995646,"senderChainKey":{"iteration":143,"seed":"gls5TWvIyoXQL3R3M5WqoFtNNNqZLeZ75a4WLJFSALs="},"senderSigningKey":{"public":"BQfqojUmHTL+fFHC6VHGIz+Zqt/S+uZLs/BUW3PaJ1tx"},"senderMessageKeys":[]},{"senderKeyId":1388995646,"senderChainKey":{"iteration":144,"seed":"pR3ZhApj7YVdZG5obW6oNzveQygdBOH6APwW6OxqDy0="},"senderSigningKey":{"public":"BQfqojUmHTL+fFHC6VHGIz+Zqt/S+uZLs/BUW3PaJ1tx"},"senderMessageKeys":[]},{"senderKeyId":1388995646,"senderChainKey":{"iteration":145,"seed":"KrABsoSlIjR6LdCilon2iQ/LvoHuN2ndy08ekuMEm2E="},"senderSigningKey":{"public":"BQfqojUmHTL+fFHC6VHGIz+Zqt/S+uZLs/BUW3PaJ1tx"},"senderMessageKeys":[]},{"senderKeyId":1388995646,"senderChainKey":{"iteration":146,"seed":"EPbdqDFeEj0DfQso8rUWdxWDrY7N+Ju+b/DDvVYtAp8="},"senderSigningKey":{"public":"BQfqojUmHTL+fFHC6VHGIz+Zqt/S+uZLs/BUW3PaJ1tx"},"senderMessageKeys":[]},{"senderKeyId":1388995646,"senderChainKey":{"iteration":147,"seed":"3ETVRj4gJWyR+gcs1QOH+FwByCQMOXxPrNNjvnlR8Y4="},"senderSigningKey":{"public":"BQfqojUmHTL+fFHC6VHGIz+Zqt/S+uZLs/BUW3PaJ1tx"},"senderMessageKeys":[]},{"senderKeyId":1388995646,"senderChainKey":{"iteration":148,"seed":"NEYznEOxTv6wZbuk5fjA+/0zGwYbhGBtlG9NgSnyG+I="},"senderSigningKey":{"public":"BQfqojUmHTL+fFHC6VHGIz+Zqt/S+uZLs/BUW3PaJ1tx"},"senderMessageKeys":[]},{"senderKeyId":1388995646,"senderChainKey":{"iteration":149,"seed":"6Y0wpDMfNat3Zt6GL8JgWngQ/dXFFFzd0329/x0l9Gw="},"senderSigningKey":{"public":"BQfqojUmHTL+fFHC6VHGIz+Zqt/S+uZLs/BUW3PaJ1tx"},"senderMessageKeys":[]},{"senderKeyId":1388995646,"senderChainKey":{"iteration":150,"seed":"P2Sp9nY29k/FoSbBF6xeIik0tMQVfX0TETbM9fmuJ+w="},"senderSigningKey":{"public":"BQfqojUmHTL+fFHC6VHGIz+Zqt/S+uZLs/BUW3PaJ1tx"},"senderMessageKeys":[]},{"senderKeyId":1388995646,"senderChainKey":{"iteration":151,"seed":"k1TCc917A0Rqqcujdq0DUQBNYOEs8BlPjIW8vtx1j90="},"senderSigningKey":{"public":"BQfqojUmHTL+fFHC6VHGIz+Zqt/S+uZLs/BUW3PaJ1tx"},"senderMessageKeys":[]},{"senderKeyId":1388995646,"senderChainKey":{"iteration":152,"seed":"zD3ZgDJj5rBl9rIzii2X9oCRIVPEW92opWhkEXslqbY="},"senderSigningKey":{"public":"BQfqojUmHTL+fFHC6VHGIz+Zqt/S+uZLs/BUW3PaJ1tx"},"senderMessageKeys":[]},{"senderKeyId":1388995646,"senderChainKey":{"iteration":153,"seed":"9VSnWMoA4USnCfs/DuF7r98dQc+oPUq0mZUzGFTnmS0="},"senderSigningKey":{"public":"BQfqojUmHTL+fFHC6VHGIz+Zqt/S+uZLs/BUW3PaJ1tx"},"senderMessageKeys":[]},{"senderKeyId":1388995646,"senderChainKey":{"iteration":154,"seed":"sp15j4eKWeJkwlqT40Kg2TVHAhdwwqIoStAfT95AopE="},"senderSigningKey":{"public":"BQfqojUmHTL+fFHC6VHGIz+Zqt/S+uZLs/BUW3PaJ1tx"},"senderMessageKeys":[]},{"senderKeyId":1388995646,"senderChainKey":{"iteration":155,"seed":"vRa/Bf1TI9+trTHMHm2sxqkUufAUNl6ArsEjxuJEtN8="},"senderSigningKey":{"public":"BQfqojUmHTL+fFHC6VHGIz+Zqt/S+uZLs/BUW3PaJ1tx"},"senderMessageKeys":[]},{"senderKeyId":1388995646,"senderChainKey":{"iteration":156,"seed":"qu6JRzjA3xgsxnMmMduRzAFP984MkfUVSpnWzhPPkmQ="},"senderSigningKey":{"public":"BQfqojUmHTL+fFHC6VHGIz+Zqt/S+uZLs/BUW3PaJ1tx"},"senderMessageKeys":[]},{"senderKeyId":1388995646,"senderChainKey":{"iteration":157,"seed":"xX2N+UfGD5OCeTRp5AqQi4E4k64wlwxtWudpif08fuw="},"senderSigningKey":{"public":"BQfqojUmHTL+fFHC6VHGIz+Zqt/S+uZLs/BUW3PaJ1tx"},"senderMessageKeys":[]},{"senderKeyId":1388995646,"senderChainKey":{"iteration":158,"seed":"1UP8T0v9Cmbg+F3OC458sV+7pO2X4kuhloKCDwQVNhQ="},"senderSigningKey":{"public":"BQfqojUmHTL+fFHC6VHGIz+Zqt/S+uZLs/BUW3PaJ1tx"},"senderMessageKeys":[]},{"senderKeyId":1388995646,"senderChainKey":{"iteration":159,"seed":"IIz5I7uKBvTQqeVABkHmwlmY5ZDTg7TmbLRZ95WzAFA="},"senderSigningKey":{"public":"BQfqojUmHTL+fFHC6VHGIz+Zqt/S+uZLs/BUW3PaJ1tx"},"senderMessageKeys":[]},{"senderKeyId":1388995646,"senderChainKey":{"iteration":160,"seed":"pq+YD+dydJ8i0LivGO6U6q5wvHLIr5QlEKVnVaqPnl0="},"senderSigningKey":{"public":"BQfqojUmHTL+fFHC6VHGIz+Zqt/S+uZLs/BUW3PaJ1tx"},"senderMessageKeys":[]},{"senderKeyId":1388995646,"senderChainKey":{"iteration":161,"seed":"y8/Mo6rYgwEmZJPgMPFh3sDQOnDzKYjnixxUO46jhCw="},"senderSigningKey":{"public":"BQfqojUmHTL+fFHC6VHGIz+Zqt/S+uZLs/BUW3PaJ1tx"},"senderMessageKeys":[]},{"senderKeyId":1388995646,"senderChainKey":{"iteration":162,"seed":"/VTKkrep+BRoKCMdl+PfDaLOQo0SANnFV10sw66lJXU="},"senderSigningKey":{"public":"BQfqojUmHTL+fFHC6VHGIz+Zqt/S+uZLs/BUW3PaJ1tx"},"senderMessageKeys":[]},{"senderKeyId":1388995646,"senderChainKey":{"iteration":163,"seed":"SQYKRbDefGhL5sjjpSBqipRW6e4E9J7lFHKVcwF6I4A="},"senderSigningKey":{"public":"BQfqojUmHTL+fFHC6VHGIz+Zqt/S+uZLs/BUW3PaJ1tx"},"senderMessageKeys":[]},{"senderKeyId":1388995646,"senderChainKey":{"iteration":164,"seed":"qa0Op0606h2xvyYzT5IGbcojH5TTnA/7FZ9x9E4P2a0="},"senderSigningKey":{"public":"BQfqojUmHTL+fFHC6VHGIz+Zqt/S+uZLs/BUW3PaJ1tx"},"senderMessageKeys":[]},{"senderKeyId":1388995646,"senderChainKey":{"iteration":165,"seed":"vLrTfMrcO0L9A7Z5pBDbS/KA0MwYYS1dW9ir9nmztU4="},"senderSigningKey":{"public":"BQfqojUmHTL+fFHC6VHGIz+Zqt/S+uZLs/BUW3PaJ1tx"},"senderMessageKeys":[]},{"senderKeyId":1388995646,"senderChainKey":{"iteration":166,"seed":"4kAhcUAVqn8nt3Uv5MNxHNu/6KsAzIyPXfI7Puov6NA="},"senderSigningKey":{"public":"BQfqojUmHTL+fFHC6VHGIz+Zqt/S+uZLs/BUW3PaJ1tx"},"senderMessageKeys":[]},{"senderKeyId":1388995646,"senderChainKey":{"iteration":167,"seed":"2ChlsMtXdmlfS2aY9nCVCpGUgVfIUoa71TvZKMRU0ns="},"senderSigningKey":{"public":"BQfqojUmHTL+fFHC6VHGIz+Zqt/S+uZLs/BUW3PaJ1tx"},"senderMessageKeys":[]},{"senderKeyId":1388995646,"senderChainKey":{"iteration":168,"seed":"jzRsEBqeAeiEv+c8t65dXEVVomA8s2GiXzaYkhKc2Vc="},"senderSigningKey":{"public":"BQfqojUmHTL+fFHC6VHGIz+Zqt/S+uZLs/BUW3PaJ1tx"},"senderMessageKeys":[]},{"senderKeyId":1388995646,"senderChainKey":{"iteration":169,"seed":"SFmK+0l7mETSbsUveTIRlKvl07ybezKaTSqUBpNVX5w="},"senderSigningKey":{"public":"BQfqojUmHTL+fFHC6VHGIz+Zqt/S+uZLs/BUW3PaJ1tx"},"senderMessageKeys":[]},{"senderKeyId":1388995646,"senderChainKey":{"iteration":170,"seed":"40DOsEzXEnA4enHzGYoXe+R9vmfzvF+A3Im1TEHbJQQ="},"senderSigningKey":{"public":"BQfqojUmHTL+fFHC6VHGIz+Zqt/S+uZLs/BUW3PaJ1tx"},"senderMessageKeys":[]},{"senderKeyId":1388995646,"senderChainKey":{"iteration":171,"seed":"vJbVv4ZBaUu/nWEACwoBGtMBKPhP7NR/JhUVFCiQmeo="},"senderSigningKey":{"public":"BQfqojUmHTL+fFHC6VHGIz+Zqt/S+uZLs/BUW3PaJ1tx"},"senderMessageKeys":[]},{"senderKeyId":1388995646,"senderChainKey":{"iteration":172,"seed":"Z3Mu1w01HaySs0ptJY770w9ir8VEjIR/Md9Av9vbHAU="},"senderSigningKey":{"public":"BQfqojUmHTL+fFHC6VHGIz+Zqt/S+uZLs/BUW3PaJ1tx"},"senderMessageKeys":[]},{"senderKeyId":1388995646,"senderChainKey":{"iteration":173,"seed":"L9IsH97+HQyx+O1vbtMvBvPqNzRP3Kas46Dv6bbCZOs="},"senderSigningKey":{"public":"BQfqojUmHTL+fFHC6VHGIz+Zqt/S+uZLs/BUW3PaJ1tx"},"senderMessageKeys":[]},{"senderKeyId":1388995646,"senderChainKey":{"iteration":174,"seed":"uwo6RUW6gBrG37dhOEV/dNwxn+NMxMga7eVkbuY3tss="},"senderSigningKey":{"public":"BQfqojUmHTL+fFHC6VHGIz+Zqt/S+uZLs/BUW3PaJ1tx"},"senderMessageKeys":[]},{"senderKeyId":1388995646,"senderChainKey":{"iteration":175,"seed":"qabTbwUb0Hw9q/SY02KLs50EtlSiSfjjYlWCgCuMTUg="},"senderSigningKey":{"public":"BQfqojUmHTL+fFHC6VHGIz+Zqt/S+uZLs/BUW3PaJ1tx"},"senderMessageKeys":[]},{"senderKeyId":1388995646,"senderChainKey":{"iteration":176,"seed":"xfvWXwcyMQyudOLu/5J4y5x0zK3Whuox9+nkyNceGsY="},"senderSigningKey":{"public":"BQfqojUmHTL+fFHC6VHGIz+Zqt/S+uZLs/BUW3PaJ1tx"},"senderMessageKeys":[]},{"senderKeyId":1388995646,"senderChainKey":{"iteration":177,"seed":"r0Hi3zp4FBCAkSUqG4aiwmGVOXKeES4TaXxOwjssDuE="},"senderSigningKey":{"public":"BQfqojUmHTL+fFHC6VHGIz+Zqt/S+uZLs/BUW3PaJ1tx"},"senderMessageKeys":[]},{"senderKeyId":1388995646,"senderChainKey":{"iteration":178,"seed":"EbrsXGbPsQjzGlMXT0Rkz5fMUs6dB8iCt1jwc7cpPeY="},"senderSigningKey":{"public":"BQfqojUmHTL+fFHC6VHGIz+Zqt/S+uZLs/BUW3PaJ1tx"}}]