[{"senderKeyId":149268520,"senderChainKey":{"iteration":0,"seed":"E5bE9iZ/Cp0EZi4cggC1YEMzI0EAoUZi8LJob4Mt078="},"senderSigningKey":{"public":"BagrkrJQqQH/w7n0GTvUHqZxZn3KIkJJO6oiIpkcw780"},"senderMessageKeys":[]},{"senderKeyId":149268520,"senderChainKey":{"iteration":1,"seed":"DMX3swu0J7ngvbxAkq9w3B9F5/Kpojn1gPI+hXFEPII="},"senderSigningKey":{"public":"BagrkrJQqQH/w7n0GTvUHqZxZn3KIkJJO6oiIpkcw780"},"senderMessageKeys":[]},{"senderKeyId":1636508118,"senderChainKey":{"iteration":0,"seed":"/T/wkicP/wKAT9ZzpEZnKhABteWapaCfWBzkEofLX+Q="},"senderSigningKey":{"public":"BYhCHQixyDUU4n0Z6It28n9VHtk2kVSnjavANcJ5YNgJ"},"senderMessageKeys":[]},{"senderKeyId":1636508118,"senderChainKey":{"iteration":1,"seed":"bfW1pOdZu6NVXHZ5KZXI1EEGfgfiIxQpWbyDVRGismw="},"senderSigningKey":{"public":"BYhCHQixyDUU4n0Z6It28n9VHtk2kVSnjavANcJ5YNgJ"}}]