[{"senderKeyId":665101663,"senderChainKey":{"iteration":6,"seed":"PI8J3Em6MADOcuTxYtzOPqTXgNVRH7pn7K9842T/IDw="},"senderSigningKey":{"public":"BVCO+d7RX1BXdUsjabx2g9W87iYscosJrQE1aZ/HD9xw"},"senderMessageKeys":[]},{"senderKeyId":1140313543,"senderChainKey":{"iteration":0,"seed":"0xnFXejZgYW46LD75mB7fKH/nDlNx3kZFZ29pEb5gCA="},"senderSigningKey":{"public":"BRngxxGY/hGt0OFLJ4mJMXyP0MSN4X6wjhdIeitJqDIF"},"senderMessageKeys":[]},{"senderKeyId":1130602427,"senderChainKey":{"iteration":0,"seed":"/hjalHbpJe5wTh8iQMphe0gRp+/L8rzYI6xpR6b/IoM="},"senderSigningKey":{"public":"BfxArlfiXRgHNKTUwkG2GQcI/Isuvjn9zj5cnkADmcZo"},"senderMessageKeys":[]},{"senderKeyId":1130602427,"senderChainKey":{"iteration":1,"seed":"RtAZc/sCIZjhbEkyxgWKTbJkMAcHGK1uQ2wRmxy5SAI="},"senderSigningKey":{"public":"BfxArlfiXRgHNKTUwkG2GQcI/Isuvjn9zj5cnkADmcZo"},"senderMessageKeys":[]},{"senderKeyId":1130602427,"senderChainKey":{"iteration":2,"seed":"jhFwJx9SN18pV+36Vk46tfmDecPLXTs8QsWujLABvWo="},"senderSigningKey":{"public":"BfxArlfiXRgHNKTUwkG2GQcI/Isuvjn9zj5cnkADmcZo"},"senderMessageKeys":[]},{"senderKeyId":1130602427,"senderChainKey":{"iteration":8,"seed":"ZVOmtAENVqxIcnhzi1BTCmB46kiCJr3tXtMVAri0qaU="},"senderSigningKey":{"public":"BfxArlfiXRgHNKTUwkG2GQcI/Isuvjn9zj5cnkADmcZo"},"senderMessageKeys":[]},{"senderKeyId":1130602427,"senderChainKey":{"iteration":8,"seed":"ZVOmtAENVqxIcnhzi1BTCmB46kiCJr3tXtMVAri0qaU="},"senderSigningKey":{"public":"BfxArlfiXRgHNKTUwkG2GQcI/Isuvjn9zj5cnkADmcZo"},"senderMessageKeys":[]},{"senderKeyId":1130602427,"senderChainKey":{"iteration":8,"seed":"ZVOmtAENVqxIcnhzi1BTCmB46kiCJr3tXtMVAri0qaU="},"senderSigningKey":{"public":"BfxArlfiXRgHNKTUwkG2GQcI/Isuvjn9zj5cnkADmcZo"},"senderMessageKeys":[]},{"senderKeyId":1130602427,"senderChainKey":{"iteration":8,"seed":"ZVOmtAENVqxIcnhzi1BTCmB46kiCJr3tXtMVAri0qaU="},"senderSigningKey":{"public":"BfxArlfiXRgHNKTUwkG2GQcI/Isuvjn9zj5cnkADmcZo"},"senderMessageKeys":[]},{"senderKeyId":1130602427,"senderChainKey":{"iteration":8,"seed":"ZVOmtAENVqxIcnhzi1BTCmB46kiCJr3tXtMVAri0qaU="},"senderSigningKey":{"public":"BfxArlfiXRgHNKTUwkG2GQcI/Isuvjn9zj5cnkADmcZo"}}]