[{"senderKeyId":1041049709,"senderChainKey":{"iteration":5,"seed":"PlfhfVDUvQkR9R5tujNn3Idm2c+wyOh5x6uk+u5Q2Ek="},"senderSigningKey":{"public":"Bft0M2vlbh7ccy3vtSZA4DQc1PVpwhrByy16kvF6O7FY"},"senderMessageKeys":[]},{"senderKeyId":1041049709,"senderChainKey":{"iteration":6,"seed":"BS0fP27ZkacLvsT1VcpVXoZC33pUmaNWcJrJUjH+YQo="},"senderSigningKey":{"public":"Bft0M2vlbh7ccy3vtSZA4DQc1PVpwhrByy16kvF6O7FY"},"senderMessageKeys":[]},{"senderKeyId":1041049709,"senderChainKey":{"iteration":7,"seed":"hdH+UgmhtA7Wz15e8gVZNDsK24VRGaL0zDtHIAB11HA="},"senderSigningKey":{"public":"Bft0M2vlbh7ccy3vtSZA4DQc1PVpwhrByy16kvF6O7FY"}}]