[{"senderKeyId":77414100,"senderChainKey":{"iteration":1,"seed":"mlwZFlS/oIwD+zpntFb+jIHv+B7V9YBUp05KL/rxf7Q="},"senderSigningKey":{"public":"Bc2FbpFHyjSx/9q6hFtboHlMjmLkhHF1tB210ZriUTgx"},"senderMessageKeys":[]},{"senderKeyId":77414100,"senderChainKey":{"iteration":2,"seed":"ELeGAhkQR1Tr4EpjYVkQ3hPbeyTSftVBOIZiNaqvJjw="},"senderSigningKey":{"public":"Bc2FbpFHyjSx/9q6hFtboHlMjmLkhHF1tB210ZriUTgx"},"senderMessageKeys":[]},{"senderKeyId":77414100,"senderChainKey":{"iteration":3,"seed":"VTx3Z81ivMugxIv1xD01Wf7aB043hQJlQsTyaPqlLsc="},"senderSigningKey":{"public":"Bc2FbpFHyjSx/9q6hFtboHlMjmLkhHF1tB210ZriUTgx"},"senderMessageKeys":[]},{"senderKeyId":77414100,"senderChainKey":{"iteration":4,"seed":"h71p9DbbIAadylOBrrZYiWCfbyXaVc8XxFXt2q0mx6c="},"senderSigningKey":{"public":"Bc2FbpFHyjSx/9q6hFtboHlMjmLkhHF1tB210ZriUTgx"},"senderMessageKeys":[]},{"senderKeyId":1713955907,"senderChainKey":{"iteration":0,"seed":"h6+44uSD3PnbJGMxs7WZT74RLD2pK2WLQ8r+TPaCB6Q="},"senderSigningKey":{"public":"BXm/BwnCoe9vYbn2KENN6ey1royKQ+gZX/kbCaNLy+Eb"},"senderMessageKeys":[]},{"senderKeyId":1713955907,"senderChainKey":{"iteration":1,"seed":"UCIrNKqYdgoDbSJbv0lbU7s7pZhDcmBlI7ZzZT5lUvg="},"senderSigningKey":{"public":"BXm/BwnCoe9vYbn2KENN6ey1royKQ+gZX/kbCaNLy+Eb"},"senderMessageKeys":[]},{"senderKeyId":1713955907,"senderChainKey":{"iteration":2,"seed":"Vd91zoMI7c+x3EuYuisW6K0RjlQhMbwWdRClAL2QLzk="},"senderSigningKey":{"public":"BXm/BwnCoe9vYbn2KENN6ey1royKQ+gZX/kbCaNLy+Eb"},"senderMessageKeys":[]},{"senderKeyId":1713955907,"senderChainKey":{"iteration":3,"seed":"5mP1Dm/XyIbmz+c1qdbmYgFkN9wTFerM9ie/WBGqhG0="},"senderSigningKey":{"public":"BXm/BwnCoe9vYbn2KENN6ey1royKQ+gZX/kbCaNLy+Eb"},"senderMessageKeys":[]},{"senderKeyId":1713955907,"senderChainKey":{"iteration":3,"seed":"5mP1Dm/XyIbmz+c1qdbmYgFkN9wTFerM9ie/WBGqhG0="},"senderSigningKey":{"public":"BXm/BwnCoe9vYbn2KENN6ey1royKQ+gZX/kbCaNLy+Eb"},"senderMessageKeys":[]},{"senderKeyId":1713955907,"senderChainKey":{"iteration":3,"seed":"5mP1Dm/XyIbmz+c1qdbmYgFkN9wTFerM9ie/WBGqhG0="},"senderSigningKey":{"public":"BXm/BwnCoe9vYbn2KENN6ey1royKQ+gZX/kbCaNLy+Eb"},"senderMessageKeys":[]},{"senderKeyId":1118965484,"senderChainKey":{"iteration":0,"seed":"zFZyT+A96oNw1WkoIXPNDgphRitV3GcW/DMeUXNn39E="},"senderSigningKey":{"public":"BWKkZdS4vfBaCp0Gacatl/2QRSJGI3Sx0oq9o2enoiZR"},"senderMessageKeys":[]},{"senderKeyId":1118965484,"senderChainKey":{"iteration":1,"seed":"aPkOziL8TjbiTY4TFKUDO+9fCmV8qIyHiIoSH9rohcM="},"senderSigningKey":{"public":"BWKkZdS4vfBaCp0Gacatl/2QRSJGI3Sx0oq9o2enoiZR"}}]