{"_sessions":{"Bby7Vfhwgj8hXCXXodKpHuQfFhqXev4sWpEGWVjUOgwu":{"registrationId":1474254723,"currentRatchet":{"ephemeralKeyPair":{"pubKey":"BaWLkhC5vp/TJzWjOcI/n33p71rQe/LcDbIp41J2Wk0k","privKey":"8K+so6Jqj5OilGNjAY6AXNJ2hsdS1tG9PRFRdIbGj0E="},"lastRemoteEphemeralKey":"BR9hYOw9UZNBFYD63vxPnL+ZsH1XKnA8+mNOFFjU8eY4","previousCounter":0,"rootKey":"r88O0whm6ovqWcRM+usUdoLimoP4h7vOSssWoAa/EbY="},"indexInfo":{"baseKey":"Bby7Vfhwgj8hXCXXodKpHuQfFhqXev4sWpEGWVjUOgwu","baseKeyType":1,"closed":-1,"used":1708235712550,"created":1708235712550,"remoteIdentityKey":"BTRvcIjCezDD4vDCnSvKyIcXgC/Wsl6RuJZHpZ8f/YZQ"},"_chains":{"BaWLkhC5vp/TJzWjOcI/n33p71rQe/LcDbIp41J2Wk0k":{"chainKey":{"counter":1,"key":"A3AiZ9Myv2a4h7KdQweTwkZ1w3Jhyi4wwjzkGgVxuD4="},"chainType":1,"messageKeys":{}}},"pendingPreKey":{"signedKeyId":28,"baseKey":"Bby7Vfhwgj8hXCXXodKpHuQfFhqXev4sWpEGWVjUOgwu","preKeyId":9459634}}},"version":"v1"}