{"_sessions":{"BZCA1TyBYx8GpC6GWCIc5Z2YaY69HhhS0V3i7VEVr3p5":{"registrationId":1590439860,"currentRatchet":{"ephemeralKeyPair":{"pubKey":"BTH1BMs2CryZ8vdhVhXzm7aqxp40ZzbZaZlXpzHay1pC","privKey":"6BtajwvAiong0bIxXIhldIJTION8CLQLNgxXglwLc24="},"lastRemoteEphemeralKey":"BfIdceaifVRL8MGRqJxyz85UQec6DT5dO8iAo2+q+foe","previousCounter":0,"rootKey":"4Lz7vkw8bRbIFfQ1yNvSzs44uAQ+dkbirM9eLXl3TZA="},"indexInfo":{"baseKey":"BZCA1TyBYx8GpC6GWCIc5Z2YaY69HhhS0V3i7VEVr3p5","baseKeyType":2,"closed":-1,"used":1708230694598,"created":1708230694598,"remoteIdentityKey":"BVztgCVHT+M+vQjnXthtejJVJr91EA+pLmGnvxaUDKo8"},"_chains":{"BfIdceaifVRL8MGRqJxyz85UQec6DT5dO8iAo2+q+foe":{"chainKey":{"counter":1,"key":"8Zu+f7ntb8ZpNai7QKge5WuR+eog7D1hgL/jGkWLXCg="},"chainType":2,"messageKeys":{}},"BTH1BMs2CryZ8vdhVhXzm7aqxp40ZzbZaZlXpzHay1pC":{"chainKey":{"counter":-1,"key":"PiGt4+xqxB09GCSrMcy1pVMBBD5awY8XfC6utrdsIYw="},"chainType":1,"messageKeys":{}}}}},"version":"v1"}