{"_sessions":{"BevVw5GBkjvwbwUbP82NSa3+8Wn0d65mQMkMhiVFdGF/":{"registrationId":164904286,"currentRatchet":{"ephemeralKeyPair":{"pubKey":"BeBsW65TQSEl09MH/eSywNX3zh3gRjN/9XtKOuzDnC0Q","privKey":"iPz+oen+Sfg7qq7eWeyZLNm97UPA+pKrSnuN998FHFo="},"lastRemoteEphemeralKey":"BXajaFbNWYQL5T1DjSSj8UmepCqIxmFJWK00Q/J7fiEE","previousCounter":0,"rootKey":"HkO4w3r8TjczXrNKa6C4f5Cj3Bls2nR9RdjIYTK5AZI="},"indexInfo":{"baseKey":"BevVw5GBkjvwbwUbP82NSa3+8Wn0d65mQMkMhiVFdGF/","baseKeyType":1,"closed":-1,"used":1708235712076,"created":1708235712076,"remoteIdentityKey":"BWAzn9eYYU/eNDIloklUCTRjcM8cg7AwoMEMRVhx5fQh"},"_chains":{"BeBsW65TQSEl09MH/eSywNX3zh3gRjN/9XtKOuzDnC0Q":{"chainKey":{"counter":1,"key":"QM8svxq+vH9Ii2X+xBBNXb8pGSDj4D+fWxHwl72jsec="},"chainType":1,"messageKeys":{}}},"pendingPreKey":{"signedKeyId":11,"baseKey":"BevVw5GBkjvwbwUbP82NSa3+8Wn0d65mQMkMhiVFdGF/","preKeyId":7168132}}},"version":"v1"}