{"_sessions":{"BUw1tlhH/P6wnPzkqtAC2Wwah6Tq8JB7IMOzfnNUYvtU":{"registrationId":557535378,"currentRatchet":{"ephemeralKeyPair":{"pubKey":"BXCFFmwVkBKBlZA3gvh2lIpLdhCb2p+sl3o5PI29DYJz","privKey":"IF6+ErLveEwWJtMvpjqahlTcaOTJAtYITLmcVXBOL1g="},"lastRemoteEphemeralKey":"BVM+k0mWpu15v28Xf6OdAK6eTB+cmCLkmLoaSox6DmsD","previousCounter":0,"rootKey":"nARjnYiwpUhIEWS5ZSTfRKQUNpXhb/J/lzUN0rEk8aw="},"indexInfo":{"baseKey":"BUw1tlhH/P6wnPzkqtAC2Wwah6Tq8JB7IMOzfnNUYvtU","baseKeyType":2,"closed":-1,"used":1708289157716,"created":1708219406021,"remoteIdentityKey":"BR4ej2AVGWeMs4ZOBbytSfrWuJZOPMtGHa/ScPBOvf1A"},"_chains":{"BXXUjaTyA41pKmMVd1VPtqPybB/DvfNLqShkrYg1AL1d":{"chainKey":{"counter":1},"chainType":2,"messageKeys":{}},"BWWpSbcyN329w9h2u5Kd4euVyKE16o91f2pLJF1mF2pT":{"chainKey":{"counter":23},"chainType":2,"messageKeys":{}},"BesVid2mcPC6F8AIT3lT7krAJxUwQASdZGyPf6fqziE2":{"chainKey":{"counter":25},"chainType":2,"messageKeys":{}},"Baz9dXdbBspeAgAglWZUpYvO2iWICpk79SggOzmgn48V":{"chainKey":{"counter":0},"chainType":2,"messageKeys":{}},"BWeAeSXTz/B47Z5MAUgep10llKC2H9gvjxW7Fa/SADgZ":{"chainKey":{"counter":0},"chainType":2,"messageKeys":{}},"BXbZgjCAYD3H6m04zEC8R/sGvuS4fCjfVPQZlKWfGMw4":{"chainKey":{"counter":0},"chainType":2,"messageKeys":{}},"BV0V2jdWea4UgyV96ruiOWR34FG6Z45Lun5uAlHlpbAv":{"chainKey":{"counter":0},"chainType":2,"messageKeys":{}},"BergwHZfjyksgqST4E/RuWupKGdtzqWh7QuWec+KmWoZ":{"chainKey":{"counter":0},"chainType":2,"messageKeys":{}},"BU5N19NpWpmm8mklq2wfUuR+zfCBk7g/HaoRg50PGclo":{"chainKey":{"counter":0},"chainType":2,"messageKeys":{}},"Ba+vLashcEGha7JeTWTO1pTd/jMcSu44w343P5sJd/5c":{"chainKey":{"counter":0},"chainType":2,"messageKeys":{}},"BVev+UGXsP1lMkTK4OP22kDjlUYm2/bvAUlwVicWaHoY":{"chainKey":{"counter":0},"chainType":2,"messageKeys":{}},"BYgXkQscjpz0Ws6CM8DQkL9JXJB6o8wikQ6HTx9cnNhQ":{"chainKey":{"counter":0},"chainType":2,"messageKeys":{}},"BTR83AFxZtbpB6Irlz9MWBuIU3jz8MMges8myW6kW9VL":{"chainKey":{"counter":0},"chainType":2,"messageKeys":{}},"BewV08sigeNqWdzdThbtgUPLtyC8oWoI+0jatURKSzFa":{"chainKey":{"counter":0},"chainType":2,"messageKeys":{}},"BdXiuAqPoyUifRxwtpj3L0pQtkPjlCUUM+O+2567RNZ1":{"chainKey":{"counter":0},"chainType":2,"messageKeys":{}},"BasoORbdDtT0pxJYL2c/kZvvO7RFP9QXmsaep+bBJzZp":{"chainKey":{"counter":0},"chainType":2,"messageKeys":{}},"BQFjE1dNoRMFWBzlka7g+zA4gI6RrQW5OILld7gXL4wE":{"chainKey":{"counter":0},"chainType":2,"messageKeys":{}},"BfyyQJnWyIvGDLI69bihj0krXhX8BDC7SihlEJEyHelR":{"chainKey":{"counter":0},"chainType":2,"messageKeys":{}},"Be1Jt7I0zgAZroGaz8WbNzUXQUSDfaLZGoBKmqvrRJY8":{"chainKey":{"counter":0},"chainType":2,"messageKeys":{}},"BefzEY2QFw/bua7e4ToN4XneRPaaUW4EOLdUzQsA/hsX":{"chainKey":{"counter":19},"chainType":2,"messageKeys":{}},"BTsPsNmvJ8PqcUYi76W4E8rUeBff0+FhjqRyo1Y6NUNA":{"chainKey":{"counter":1},"chainType":2,"messageKeys":{}},"BZKL6qAZvPWLqZTjaeOiE5AwZ4tQsUsRoF1PMhq1TKge":{"chainKey":{"counter":0},"chainType":2,"messageKeys":{}},"Balk0t0WP9jTHrxbpWogK3/HtuTIyxNp2hwORRo2fI0A":{"chainKey":{"counter":0},"chainType":2,"messageKeys":{}},"BboCLrMHd4H47rv2Dg15AdYGMkWdgGjBI4vmqDPkr6d4":{"chainKey":{"counter":1},"chainType":2,"messageKeys":{}},"BcsNCTZplcHsZnMogPkjKHt+IuRoZ3LoqjmWEGK+jIVe":{"chainKey":{"counter":0},"chainType":2,"messageKeys":{}},"Bfj8VJUmTflO2scv0r6DLuH6WRXURuqajRga9RlvcaJU":{"chainKey":{"counter":0},"chainType":2,"messageKeys":{}},"BXLWjcbXmdalTbk2n1IQZwL2YgiiXQ52oKbaQAzndCBq":{"chainKey":{"counter":0},"chainType":2,"messageKeys":{}},"BSoGAbtz3+97omBN+awA/UrAXrlkeO9PkSQd+cLkMQU3":{"chainKey":{"counter":0},"chainType":2,"messageKeys":{}},"BX/xLdflMtGl89U4nVijCeTY+AIzaY80kXURuZV/wlwY":{"chainKey":{"counter":0},"chainType":2,"messageKeys":{}},"BVM+k0mWpu15v28Xf6OdAK6eTB+cmCLkmLoaSox6DmsD":{"chainKey":{"counter":1,"key":"sPeYFoA42Vj2Qdqz5cdspQGAVcY/iYibZ5lg4dWVAxs="},"chainType":2,"messageKeys":{}},"BXCFFmwVkBKBlZA3gvh2lIpLdhCb2p+sl3o5PI29DYJz":{"chainKey":{"counter":-1,"key":"aIOo4iFa3WZe5aka+q2Os8VV1hAchES1bA26r0MinyU="},"chainType":1,"messageKeys":{}}}}},"version":"v1"}