{"_sessions":{"BW+d3NDfEMVg271ZnbAfMnDOwmwt0bNVWZxo5yHNu+IY":{"registrationId":1036717382,"currentRatchet":{"ephemeralKeyPair":{"pubKey":"BatM0xCA1l2POs3EWel3duiIKqwxG99b/6Jkglz7pYEH","privKey":"sJfGSD5KHVVlJ6TyvxsOO7QNObWHGuF6KoOnTCDfJXI="},"lastRemoteEphemeralKey":"BerFf9MVqdtrerlbOQPUMYfnkzaMAbahHT3U0trNRnwU","previousCounter":0,"rootKey":"Voag7I8Xr5r4pr3d/h7HJ3HExXTJH6DXpEckoj/w/TA="},"indexInfo":{"baseKey":"BW+d3NDfEMVg271ZnbAfMnDOwmwt0bNVWZxo5yHNu+IY","baseKeyType":1,"closed":-1,"used":1708235710378,"created":1708235710378,"remoteIdentityKey":"BS/LWIaogyxGhNHDKVtGtzRajo9TJLYph91wkkb61NBT"},"_chains":{"BatM0xCA1l2POs3EWel3duiIKqwxG99b/6Jkglz7pYEH":{"chainKey":{"counter":1,"key":"348OKsQW1/xbchF1C2RtnZ+lau/Y8bWB/bPBORNPdso="},"chainType":1,"messageKeys":{}}},"pendingPreKey":{"signedKeyId":4,"baseKey":"BW+d3NDfEMVg271ZnbAfMnDOwmwt0bNVWZxo5yHNu+IY","preKeyId":9187856}}},"version":"v1"}