{"_sessions":{"BcXUehhjmm0BBLja1YqW3zMAh0pmyAKlSbaRg9is+UQt":{"registrationId":38817547,"currentRatchet":{"ephemeralKeyPair":{"pubKey":"BYVzTuRssbmQd3jl/0+23cIKbDp5LAEtX+L8LVVBiAkF","privKey":"8Gv5EsspzmKVRYrobAozFHlI0ACEJ+uzCactxZ4Bvm4="},"lastRemoteEphemeralKey":"BUrqDcTypqYXs1nr+qh1aDvNkiMa7dIkZrwRwjIvgxVL","previousCounter":0,"rootKey":"EkiHo8RlFSG4h80krrM0ipLpn0/Ifm7zvOGTXMNvMRo="},"indexInfo":{"baseKey":"BcXUehhjmm0BBLja1YqW3zMAh0pmyAKlSbaRg9is+UQt","baseKeyType":1,"closed":-1,"used":1708235708962,"created":1708235708962,"remoteIdentityKey":"BUT3eCnMHRSszwTDNnKSK1/DfJBK9mPoRxXPoUDHWGIp"},"_chains":{"BYVzTuRssbmQd3jl/0+23cIKbDp5LAEtX+L8LVVBiAkF":{"chainKey":{"counter":1,"key":"KktGYIS/Nh7Os1sg/Yw2MfxjLXGBb0dJnBB9F14wefg="},"chainType":1,"messageKeys":{}}},"pendingPreKey":{"signedKeyId":1,"baseKey":"BcXUehhjmm0BBLja1YqW3zMAh0pmyAKlSbaRg9is+UQt","preKeyId":174486}}},"version":"v1"}