{"_sessions":{"BYkn5wgOs2ltsB67KwO5g8PYGUnSgerXoVpVIsroo8o/":{"registrationId":1511024076,"currentRatchet":{"ephemeralKeyPair":{"pubKey":"BdDhB0hpF/ppAPVX5snh70+ZMjVNtvu0tnKLzdd9BugM","privKey":"8PN7xI6fOvuoVs2MTlmxKtpo/P7lBZ3snDpioCYOmk0="},"lastRemoteEphemeralKey":"BefgI7FR4JnyJ8nGv0oJg0ACN8pyWz/3ne8NIze/ulc8","previousCounter":0,"rootKey":"3okAktJqTd2h1hYdnKK9beoE5WKzrWZAzcletjTvyEY="},"indexInfo":{"baseKey":"BYkn5wgOs2ltsB67KwO5g8PYGUnSgerXoVpVIsroo8o/","baseKeyType":2,"closed":-1,"used":1708277310445,"created":1708277310445,"remoteIdentityKey":"BYH/t4d3lNTHQDdKxwlhmf50D0tuTuc9fXqbAvTL/tlD"},"_chains":{"BefgI7FR4JnyJ8nGv0oJg0ACN8pyWz/3ne8NIze/ulc8":{"chainKey":{"counter":1,"key":"MtYxrjge1Q97d3lNLc5AmJ9v9SWkuMvGB3FSgoMWcco="},"chainType":2,"messageKeys":{}},"BdDhB0hpF/ppAPVX5snh70+ZMjVNtvu0tnKLzdd9BugM":{"chainKey":{"counter":-1,"key":"nNvPPEcKl4OXLQ6EEUHbLbXiMNdcDPvaDBaNA0wYAaE="},"chainType":1,"messageKeys":{}}}}},"version":"v1"}