{"_sessions":{"BTaOgJ8Cye3FloCek6ZZlo6X4xZkeBr77lSQ7ZALO7Jx":{"registrationId":833917898,"currentRatchet":{"ephemeralKeyPair":{"pubKey":"BYka0OAL6MadKKcuq27XW34v555qqLGnwuoOANWbiqEt","privKey":"oCVSxFqNQ4pwF1smQmgrZK5kLulBJV0352M382F8rWo="},"lastRemoteEphemeralKey":"BcO01aiEFhe/Y5ijmUOS9cgCdE0W7iC/jEPFVAUCabEi","previousCounter":0,"rootKey":"QfU8gemB21mCFyuAWwg4qzVu9/CBsAqTEDPcNvmRg74="},"indexInfo":{"baseKey":"BTaOgJ8Cye3FloCek6ZZlo6X4xZkeBr77lSQ7ZALO7Jx","baseKeyType":1,"closed":-1,"used":1708235712697,"created":1708235712697,"remoteIdentityKey":"BYx4U6x9zN7JOSkjF0FtHwDfp0uGPJOqYdznhiKXa2NM"},"_chains":{"BYka0OAL6MadKKcuq27XW34v555qqLGnwuoOANWbiqEt":{"chainKey":{"counter":1,"key":"jFjm+b4QbX0Av30xkOMVsBPeXcBva0QdBQSUQhG6Ig8="},"chainType":1,"messageKeys":{}}},"pendingPreKey":{"signedKeyId":2,"baseKey":"BTaOgJ8Cye3FloCek6ZZlo6X4xZkeBr77lSQ7ZALO7Jx"}}},"version":"v1"}