{"_sessions":{"BftvjWlmxQRZ8y3j/LhJad431ZZW8nFfsFXnhVlRBHIH":{"registrationId":249780098,"currentRatchet":{"ephemeralKeyPair":{"pubKey":"BYjFBIDh2NYJwPZ09a78J0ZgbuQLWcZYA/MVe1EsWv4D","privKey":"AFMYTBzf1kSuahefpptyPf5IbSWzJaCiwc72Uo4xI1g="},"lastRemoteEphemeralKey":"BeLmoN2tha2wJM9Rh7DCF7laDo3X8Hen97azACIzZ0Vj","previousCounter":0,"rootKey":"Ug3iedfRm/aPhNZdfww+KMPKfKgdU8GhP+ZpyqtVf34="},"indexInfo":{"baseKey":"BftvjWlmxQRZ8y3j/LhJad431ZZW8nFfsFXnhVlRBHIH","baseKeyType":1,"closed":-1,"used":1708235708590,"created":1708235708590,"remoteIdentityKey":"BYWcElcpp/VLhZ8+zsijTyVZAiKwqlayIO5/ZUoG1mUo"},"_chains":{"BYjFBIDh2NYJwPZ09a78J0ZgbuQLWcZYA/MVe1EsWv4D":{"chainKey":{"counter":1,"key":"sZuXjdCL9x/gnG+VdTmgftw+KPyFfw4VROcII3Pq67U="},"chainType":1,"messageKeys":{}}},"pendingPreKey":{"signedKeyId":7,"baseKey":"BftvjWlmxQRZ8y3j/LhJad431ZZW8nFfsFXnhVlRBHIH","preKeyId":11451852}}},"version":"v1"}