{"_sessions":{"BYIrVymmrM8fBxj/AuFBopODsgJ4J9dgD49rz9PfyhNu":{"registrationId":463278259,"currentRatchet":{"ephemeralKeyPair":{"pubKey":"BZL7A3utN0b9ZbtIi3FPTC90ggeMNPsNQNil5/tqiXZA","privKey":"iHunmBkvP2ZdS/lZE1hpJuUrxKXExvdJQS++6z/HZUc="},"lastRemoteEphemeralKey":"BTJLHW18yC64yMSx7H7I3v9Y+KaJTJUezGFbj71JYRpq","previousCounter":0,"rootKey":"cTBHlPoqyqk457d10QYxdnydMtGFbjKV8ufsTSYDdn0="},"indexInfo":{"baseKey":"BYIrVymmrM8fBxj/AuFBopODsgJ4J9dgD49rz9PfyhNu","baseKeyType":1,"closed":-1,"used":1708235709377,"created":1708235709377,"remoteIdentityKey":"BaqfZGgVh46ukQCOh/y37Uq5f6TfOGEDNKhourVJlWM4"},"_chains":{"BZL7A3utN0b9ZbtIi3FPTC90ggeMNPsNQNil5/tqiXZA":{"chainKey":{"counter":1,"key":"wkbnSIYh7KBxEajq7oQ1mDbZfqlPRNltI1TqKt6QSls="},"chainType":1,"messageKeys":{}}},"pendingPreKey":{"signedKeyId":1,"baseKey":"BYIrVymmrM8fBxj/AuFBopODsgJ4J9dgD49rz9PfyhNu","preKeyId":643182}}},"version":"v1"}