{"_sessions":{"BaVYGS4Za0MkMpEaigPlsFrSd23KnY7DCbrJETFrTnNF":{"registrationId":91711231,"currentRatchet":{"ephemeralKeyPair":{"pubKey":"BVC3NwEm8lf+8xFRjK6G4UD/lGaE4ti2YAXXmu/jL9RZ","privKey":"INztbkOJKIztRBKHnNQsiY/5cbDjHIQEC5be1m6s8lM="},"lastRemoteEphemeralKey":"BXF3KiP1EI/0C3wSp6JKdDnP3E5f2w530axieQk+WCpF","previousCounter":0,"rootKey":"zK9EnM1TDJ/9xUAEebo6t7RcNfz/tJhPdLSz125dfNM="},"indexInfo":{"baseKey":"BaVYGS4Za0MkMpEaigPlsFrSd23KnY7DCbrJETFrTnNF","baseKeyType":2,"closed":-1,"used":1708284206936,"created":1708219754623,"remoteIdentityKey":"BTrWyxgOjxooEP2/bn09c9qbyS/5yGjjWXxf3OIftU8c"},"_chains":{"BQzgraSH9cp6R7VKhafvV0TkhJojpdsDHPPzZTptA1E9":{"chainKey":{"counter":55},"chainType":2,"messageKeys":{}},"BXF3KiP1EI/0C3wSp6JKdDnP3E5f2w530axieQk+WCpF":{"chainKey":{"counter":2,"key":"B+b3uEaKx1+SKhxoxVFYR6hRxmy85hEG5bltppHUQ+c="},"chainType":2,"messageKeys":{}},"BVC3NwEm8lf+8xFRjK6G4UD/lGaE4ti2YAXXmu/jL9RZ":{"chainKey":{"counter":0,"key":"F39zUqFszLL5clNVmFgJrVFiK894TczurprPD8GM1pI="},"chainType":1,"messageKeys":{}}}}},"version":"v1"}