{"_sessions":{"BQyddIbvXU7vS4QdbrK4fETbLOl6VRVpc38KFuFgE/w6":{"registrationId":1949003169,"currentRatchet":{"ephemeralKeyPair":{"pubKey":"BUOkh+WOrE3mbC0t41EhwTuF5tXrS/Z5cFu7S/ciTloJ","privKey":"2Cc5zHA3ngGPwWFCNFthGVg5yltCQORiSTIOMaj5E3w="},"lastRemoteEphemeralKey":"BdmH6oZ8vQHDi2o/AyCHRniho0Kp8vcXlNZP/45780FW","previousCounter":0,"rootKey":"EclJz/hZZbUne/G/wSiECuQqSCr/513zY6U/QRFId4s="},"indexInfo":{"baseKey":"BQyddIbvXU7vS4QdbrK4fETbLOl6VRVpc38KFuFgE/w6","baseKeyType":1,"closed":-1,"used":1708235708793,"created":1708235708793,"remoteIdentityKey":"Ber5Z4simBxRFcEnYCgwUgbIMQOIgQ9RC9VDAS9DLOB8"},"_chains":{"BUOkh+WOrE3mbC0t41EhwTuF5tXrS/Z5cFu7S/ciTloJ":{"chainKey":{"counter":1,"key":"TQDxbsCJBJa9dprklzxWZqtGYXKSii/Gk26+J85rz88="},"chainType":1,"messageKeys":{}}},"pendingPreKey":{"signedKeyId":5,"baseKey":"BQyddIbvXU7vS4QdbrK4fETbLOl6VRVpc38KFuFgE/w6","preKeyId":9582956}}},"version":"v1"}