{"_sessions":{"BXyf75Mo+EskAl1dA4Hb7MeiB8JbGy/ylPc3DCeTYPYa":{"registrationId":1495790834,"currentRatchet":{"ephemeralKeyPair":{"pubKey":"Bccw8DoydtOdR4GJaGNdHvvSmn3QhrP5zz/lwajmh3oa","privKey":"kLOvKRoVoRbxi+uL4eUK+SlB4YfMY60bZYcGoaiAjX8="},"lastRemoteEphemeralKey":"BXh7Q5ooF83fbEka3SC/cyafaYr10Y9TJb+cGoRiY5p+","previousCounter":0,"rootKey":"V5Gg4eiuiPsjt7JxdHwl7MVqcvNWey9JfsAL4RSYKz0="},"indexInfo":{"baseKey":"BXyf75Mo+EskAl1dA4Hb7MeiB8JbGy/ylPc3DCeTYPYa","baseKeyType":1,"closed":-1,"used":1708235711482,"created":1708235711482,"remoteIdentityKey":"BWdPlXOvArRWZXPRIbSmVheSFdV3Bw+dI1aCHffPCuZx"},"_chains":{"Bccw8DoydtOdR4GJaGNdHvvSmn3QhrP5zz/lwajmh3oa":{"chainKey":{"counter":1,"key":"9sXdDWj0O7SUY6v5Z9k1rZrK2BMEKUN/A3T9FPi2Z34="},"chainType":1,"messageKeys":{}}},"pendingPreKey":{"signedKeyId":1,"baseKey":"BXyf75Mo+EskAl1dA4Hb7MeiB8JbGy/ylPc3DCeTYPYa","preKeyId":10305883}}},"version":"v1"}