{"_sessions":{"BXSSJHbYBWj7mlJ9FRvlMG47VOJ9ArBZpVfyRZoP088D":{"registrationId":2022918035,"currentRatchet":{"ephemeralKeyPair":{"pubKey":"Bc9nw2z51KE1TMmyr4HNfh0hEMKzs+NMYh8g5WHkw+k3","privKey":"UGGoVcrVOmcTTbv57gB8VAJmQhulId3vybkynjqrwV8="},"lastRemoteEphemeralKey":"BUVpjDBvgfvW6CEE43moFKpVISyZIWAXYrqG5GGwOTcR","previousCounter":0,"rootKey":"5Tyhl/U202WXGhPFxq0bkwfnZRUlz5fkIW1pwLBK1XM="},"indexInfo":{"baseKey":"BXSSJHbYBWj7mlJ9FRvlMG47VOJ9ArBZpVfyRZoP088D","baseKeyType":1,"closed":-1,"used":1708235708365,"created":1708235708365,"remoteIdentityKey":"BfllbIcIV3V7B5au6uGSJVBUtvHUFeifqkdk5NDXxPtQ"},"_chains":{"Bc9nw2z51KE1TMmyr4HNfh0hEMKzs+NMYh8g5WHkw+k3":{"chainKey":{"counter":1,"key":"hPdgxmifwCakOtwsJrYOnkfZSM0VF+BW8ljlIGJ2EYY="},"chainType":1,"messageKeys":{}}},"pendingPreKey":{"signedKeyId":1,"baseKey":"BXSSJHbYBWj7mlJ9FRvlMG47VOJ9ArBZpVfyRZoP088D","preKeyId":15245271}}},"version":"v1"}