{"_sessions":{"BUpi/4JywSbgce6iYlsARJSvotoCDncLgWKS40MiVtlH":{"registrationId":13564,"currentRatchet":{"ephemeralKeyPair":{"pubKey":"BfN+PaB6HcF5sb7/S7T0RT574Tr8dWwiCHEYEiP3555X","privKey":"aCLGTPwkQl2ZRJRbyQgEr0EboqsdkQueVlbsGAgvQkY="},"lastRemoteEphemeralKey":"BcqBkzI9zdDcQq34XsavP2kHnmosr24Gv32oYmIsyap5","previousCounter":0,"rootKey":"MHxSJOcEtfzdGVaeXiumgh468VAhyXUCQ8mw8fSRF8k="},"indexInfo":{"baseKey":"BUpi/4JywSbgce6iYlsARJSvotoCDncLgWKS40MiVtlH","baseKeyType":1,"closed":-1,"used":1708235708248,"created":1708235708248,"remoteIdentityKey":"BSpBhP8+QjH+YbPqSQuMm2b0DHSMzh22lreexifNnecg"},"_chains":{"BfN+PaB6HcF5sb7/S7T0RT574Tr8dWwiCHEYEiP3555X":{"chainKey":{"counter":1,"key":"yDhYQhR5Oat7Gl1wAzhB/AfJPpFlz90abSREBhJ9Lug="},"chainType":1,"messageKeys":{}}},"pendingPreKey":{"signedKeyId":1,"baseKey":"BUpi/4JywSbgce6iYlsARJSvotoCDncLgWKS40MiVtlH","preKeyId":803}}},"version":"v1"}