{"_sessions":{"BVIezlSXxbsYypKDXhi8UzqjsG6sCqtHajS4gwLljaxe":{"registrationId":1131514486,"currentRatchet":{"ephemeralKeyPair":{"pubKey":"BWFmh1JuYd9kIru8Cre1mxTvi1kh/pEcrFtZnPv0e80d","privKey":"iP9M3LXjiqSikNaz62afAEQOVYuWu4qiyOszvm8dMHs="},"lastRemoteEphemeralKey":"BdMEUR/vapHPpAjgWZWryVySSy8W9TqiBAvgZ8hxQuRP","previousCounter":0,"rootKey":"1W12jcE3M+PB8QmJuUd4CIckFSocCf2x+sGlM1ZicX0="},"indexInfo":{"baseKey":"BVIezlSXxbsYypKDXhi8UzqjsG6sCqtHajS4gwLljaxe","baseKeyType":1,"closed":-1,"used":1708235709975,"created":1708235709975,"remoteIdentityKey":"BbwuBcalmTWizQnlxrP1uq980f0xa6gepKpbtS3KIe9L"},"_chains":{"BWFmh1JuYd9kIru8Cre1mxTvi1kh/pEcrFtZnPv0e80d":{"chainKey":{"counter":1,"key":"Rqios3Cp7rj+kcSDe/7I7i+twdqLxc3hqZW5frDAgGs="},"chainType":1,"messageKeys":{}}},"pendingPreKey":{"signedKeyId":0,"baseKey":"BVIezlSXxbsYypKDXhi8UzqjsG6sCqtHajS4gwLljaxe","preKeyId":4237906}}},"version":"v1"}