{"_sessions":{"BZKT7Y0z8m7xWn1gjQtttystEVQEMIX/52Cok4PD/f8s":{"registrationId":582651623,"currentRatchet":{"ephemeralKeyPair":{"pubKey":"BWBdSO8uK96bbi3G49nrY09SEp3P1bDpNQD3DVViJzF6","privKey":"GHJuABiRLu1oQfEH7ZmkwompM6mZJEjoWu+b0Zp3KWk="},"lastRemoteEphemeralKey":"BS7XyEtVFm4M/vAUp4emjNHdr2g+8Rm/bRy0fZFHeAMf","previousCounter":0,"rootKey":"iEs4DUr1LpYdg1j7RKEYx4P3iwj5WK0X9qQVQd2rUjk="},"indexInfo":{"baseKey":"BZKT7Y0z8m7xWn1gjQtttystEVQEMIX/52Cok4PD/f8s","baseKeyType":2,"closed":-1,"used":1708230693837,"created":1708230693837,"remoteIdentityKey":"BclYmRoYSk1BcsfkyxzWiOe5OwNtmlrD1gmqJvtd3U1B"},"_chains":{"BS7XyEtVFm4M/vAUp4emjNHdr2g+8Rm/bRy0fZFHeAMf":{"chainKey":{"counter":6,"key":"XqIN9WR3cxAmqvsbelNkCQ5hBU7qhJBhTchcfoyZCxc="},"chainType":2,"messageKeys":{"4":"I9aKjxFCN3xYBEEFIphV+WyYnCWaLE+7Poh6ej1tEPw=","5":"HXNdVdH+kfnDssIpve59U5SV1ydCTJ9CBJ1mk7kqzrw="}},"BWBdSO8uK96bbi3G49nrY09SEp3P1bDpNQD3DVViJzF6":{"chainKey":{"counter":-1,"key":"EM0qmz1eo1T1+0YVqq2PBbbBIlEmGlws/r8ejuOWdwk="},"chainType":1,"messageKeys":{}}}}},"version":"v1"}