{"_sessions":{"BQGVaavXYLTXf4yGy1gs5kAVzA3mIvd4aJA5+J0N+KwC":{"registrationId":328867824,"currentRatchet":{"ephemeralKeyPair":{"pubKey":"BYMYNGuCrTfcEoF8lB83hptAlOQzAGga9C0N2979fys8","privKey":"aNHtb+dxAKQfRepKsJpHUTpPBEhBAb8LatUDQd+3o20="},"lastRemoteEphemeralKey":"BTUNjXTL5lPIJulTu2CuX2sDHiNr65uIdo55TfCkKlw2","previousCounter":0,"rootKey":"T9Bn5BHeQ98MLvz1ljPctgRYkq3wQEokgoJr6idZvjk="},"indexInfo":{"baseKey":"BQGVaavXYLTXf4yGy1gs5kAVzA3mIvd4aJA5+J0N+KwC","baseKeyType":1,"closed":-1,"used":1708235712022,"created":1708235712022,"remoteIdentityKey":"BWw4RPGZhl9SZDXwVXYmKKfXCWrHW+uLwAqSL6+nQWdQ"},"_chains":{"BYMYNGuCrTfcEoF8lB83hptAlOQzAGga9C0N2979fys8":{"chainKey":{"counter":1,"key":"d4zY5WWBC2XS9YsPgE33hfShS2wRkAWDsc45E2pZYKs="},"chainType":1,"messageKeys":{}}},"pendingPreKey":{"signedKeyId":1,"baseKey":"BQGVaavXYLTXf4yGy1gs5kAVzA3mIvd4aJA5+J0N+KwC","preKeyId":2833095}}},"version":"v1"}