{"_sessions":{"BeY0KcKA5y2AcrQA5o83Rt3GF7Dy9bEH/GvqwgDFG5px":{"registrationId":155745313,"currentRatchet":{"ephemeralKeyPair":{"pubKey":"BZx31H0hiwroH/ZADizJ3dq+1FkfJcGpn0UHutFfTvYT","privKey":"ALvIOoq1raJcXFLaqohHfet/Bv8rSBqfrG9cCbjRZ0I="},"lastRemoteEphemeralKey":"BRaGK0YeW2dKWpP5X6qCCwYEORQzzNURjx4SdALCjyJV","previousCounter":0,"rootKey":"wuJXqP8znOFAX6bJ0Uvmvnetn6qBS1oIgQe8DjtMdKQ="},"indexInfo":{"baseKey":"BeY0KcKA5y2AcrQA5o83Rt3GF7Dy9bEH/GvqwgDFG5px","baseKeyType":1,"closed":-1,"used":1708235709734,"created":1708235709734,"remoteIdentityKey":"BUB+FkUDgtu2nU1BYaIB0/DTuYSYD5xxyKAxVQaTL5BU"},"_chains":{"BZx31H0hiwroH/ZADizJ3dq+1FkfJcGpn0UHutFfTvYT":{"chainKey":{"counter":0,"key":"67zX3ku04Pq29olalFfoipzZVuICMRjml/slyN7/akc="},"chainType":1,"messageKeys":{}}},"pendingPreKey":{"signedKeyId":0,"baseKey":"BeY0KcKA5y2AcrQA5o83Rt3GF7Dy9bEH/GvqwgDFG5px","preKeyId":7969708}}},"version":"v1"}