{"_sessions":{"BdB8ngUJCsSK4GEvqC7xgUG6GQCUWi3ejxbpN6zfdAgl":{"registrationId":1609157455,"currentRatchet":{"ephemeralKeyPair":{"pubKey":"BW+v9CX98b7WyzGJ5sVZDXsJp0tP25wAZHf3pbFsLSdt","privKey":"sAxuLClohui9aBNheQT8fAvw1TyBvS+ZCUMiL6lvo3s="},"lastRemoteEphemeralKey":"BUsy+IcsEsdNL40J8j+pJzU7rirBOrpPGE8n47/uApI3","previousCounter":0,"rootKey":"nyU9UPaMhWPO17zr9O1wwZU15/za7of1W43glpRAqHM="},"indexInfo":{"baseKey":"BdB8ngUJCsSK4GEvqC7xgUG6GQCUWi3ejxbpN6zfdAgl","baseKeyType":2,"closed":-1,"used":1708220005400,"created":1708220005400,"remoteIdentityKey":"BVe3lFYmaDEIRUmnAIKN3hNQQnRLBEAfFQz1TAI4fmsB"},"_chains":{"BUsy+IcsEsdNL40J8j+pJzU7rirBOrpPGE8n47/uApI3":{"chainKey":{"counter":3,"key":"yc0ssdPHMHViJl7+grIAqkI4Mgm4FlDT6M/6X4TajWA="},"chainType":2,"messageKeys":{}},"BW+v9CX98b7WyzGJ5sVZDXsJp0tP25wAZHf3pbFsLSdt":{"chainKey":{"counter":-1,"key":"SorpK6WPM6IKXOjgWw3YLW1Cfeqw7FgddW5maGIXZb8="},"chainType":1,"messageKeys":{}}}}},"version":"v1"}