{"_sessions":{"Bc/zj5lY/+G4jlXspMjAJDZnJKm03APSjjGafETRU/cK":{"registrationId":519349444,"currentRatchet":{"ephemeralKeyPair":{"pubKey":"BVDoxChsWPJLHDuluSeyWOmlHWME0qZJJcF7PTlHIVxK","privKey":"UGwIxem4ZkOuwyFL6AfNIgK8/zm4ZgyfxcMe3CSvr2U="},"lastRemoteEphemeralKey":"BZ8bopudm/F/m0tHVX7k7pFJQ7zV1sBLhDsYflKQnV8z","previousCounter":0,"rootKey":"Gn07l+cdoyclpy+N4xNdI6C23/By/0JkBpEHRa6qVdU="},"indexInfo":{"baseKey":"Bc/zj5lY/+G4jlXspMjAJDZnJKm03APSjjGafETRU/cK","baseKeyType":1,"closed":1708284323628,"used":1708235709683,"created":1708235709683,"remoteIdentityKey":"BXvO13sxPF9aO8ldJML4u03R4Xd6gwF30Qg4Glc0iN4W"},"_chains":{"BVDoxChsWPJLHDuluSeyWOmlHWME0qZJJcF7PTlHIVxK":{"chainKey":{"counter":0,"key":"1yub1FjC2nkNsV9/0Yy1Fd7dtevN1a9YgvK/RUMDgx8="},"chainType":1,"messageKeys":{}}},"pendingPreKey":{"signedKeyId":1,"baseKey":"Bc/zj5lY/+G4jlXspMjAJDZnJKm03APSjjGafETRU/cK","preKeyId":11612754}},"BcVgmxZJzqfa31qGmAMJBcwZ4J59DhClZGheRZhos3Rb":{"registrationId":1981623172,"currentRatchet":{"ephemeralKeyPair":{"pubKey":"Bfb+x/UhUKEoV+9dI/2Ib1T8L/NQswUslJgVhcCT3mtO","privKey":"wDKq+Y3hd5/GKEpvYR6B6Pfwsal1FkKk/D/u/jiLIE8="},"lastRemoteEphemeralKey":"BXZTR9Fs7GLksqJu3NCiMRNFxkM5auKij22SkT5uNOli","previousCounter":0,"rootKey":"rtSzHIXy4WxNsak8o2Bph4hrx5f4zFb1djq519RWQss="},"indexInfo":{"baseKey":"BcVgmxZJzqfa31qGmAMJBcwZ4J59DhClZGheRZhos3Rb","baseKeyType":1,"closed":-1,"used":1708284323608,"created":1708284323608,"remoteIdentityKey":"Bd8T2XT4aVdzseT5oEr6Pgp3reuSiRdookrbf17CsXk5"},"_chains":{"Bfb+x/UhUKEoV+9dI/2Ib1T8L/NQswUslJgVhcCT3mtO":{"chainKey":{"counter":0,"key":"ORkUbJ8cFPrynYzTtzVTiXhOzWxckid3IOXPaifwdHY="},"chainType":1,"messageKeys":{}}},"pendingPreKey":{"signedKeyId":0,"baseKey":"BcVgmxZJzqfa31qGmAMJBcwZ4J59DhClZGheRZhos3Rb","preKeyId":56774}}},"version":"v1"}