{"_sessions":{"BVuRhoPy6QqP1BTAmznWFG6wzKSeocIpvJOupM1VM/Mg":{"registrationId":1330603199,"currentRatchet":{"ephemeralKeyPair":{"pubKey":"BYgYSp0B4lYOECAs+m73TmXbZZPhjR7EeBq1C807qXks","privKey":"kO7B7hNH8T0N2XsPkRxqTOCmNt7D827XFwL6zSdaVU0="},"lastRemoteEphemeralKey":"BZDx0puxflt1o9W5QR6glqORjkSa2pD+V3h139CEKQBf","previousCounter":0,"rootKey":"nc9bn3H2BPa0UIRjPsumUNppkX0poX19Fz9mQNlTJPI="},"indexInfo":{"baseKey":"BVuRhoPy6QqP1BTAmznWFG6wzKSeocIpvJOupM1VM/Mg","baseKeyType":1,"closed":-1,"used":1708235711604,"created":1708235711604,"remoteIdentityKey":"BdqLZzo4nrO3VVdauKBr5SuHord0nKFI3uKnV1QasWNQ"},"_chains":{"BYgYSp0B4lYOECAs+m73TmXbZZPhjR7EeBq1C807qXks":{"chainKey":{"counter":1,"key":"BcgUzh7L/7qvvSexTBT1C1lnDZikU5HhNU9C24HRfW4="},"chainType":1,"messageKeys":{}}},"pendingPreKey":{"signedKeyId":1,"baseKey":"BVuRhoPy6QqP1BTAmznWFG6wzKSeocIpvJOupM1VM/Mg","preKeyId":5075268}}},"version":"v1"}