{"_sessions":{"Bf7pt+MFgfHz3KSASl6kmuEr8RSNz1mHBCWiavcNqh5h":{"registrationId":1126764647,"currentRatchet":{"ephemeralKeyPair":{"pubKey":"BZT0QHn9EzvnlMRhZYtDsF8yp+v7k8JBT70jE8yECjEY","privKey":"AI4iCPzOhlgg132pHaJXBRSqXQqZ6dQjAd0iptjY5Eo="},"lastRemoteEphemeralKey":"BWPPoPcshuEx9tOx+fBaUn4arI35VOW9xY0aBP/9N4MA","previousCounter":0,"rootKey":"au10A3SVg3WkOFQhTwl7tARh0VRVYkVr7NrqEoSmD14="},"indexInfo":{"baseKey":"Bf7pt+MFgfHz3KSASl6kmuEr8RSNz1mHBCWiavcNqh5h","baseKeyType":1,"closed":-1,"used":1708235710108,"created":1708235710108,"remoteIdentityKey":"BTDghRt+kmzIjqEq2S/YcrrIqS/ILPcfLx8y57QgT4wZ"},"_chains":{"BZT0QHn9EzvnlMRhZYtDsF8yp+v7k8JBT70jE8yECjEY":{"chainKey":{"counter":1,"key":"KN+r04g1LNVXV34N4O4MCb51n1WU16tf20eVSciyqyM="},"chainType":1,"messageKeys":{}}},"pendingPreKey":{"signedKeyId":1,"baseKey":"Bf7pt+MFgfHz3KSASl6kmuEr8RSNz1mHBCWiavcNqh5h"}}},"version":"v1"}