{"_sessions":{"BYzxoV51Fhd258tOZTwPFBCEwjT8A8ocxvRdz+ePCTVc":{"registrationId":1670098315,"currentRatchet":{"ephemeralKeyPair":{"pubKey":"BSHr/hXY5yMLksA+DBIPyKXyslvuojMXytzyCPvcD8Zk","privKey":"IPhJ/x1ux4VBync4jcv6LKY3h/Jojz8vBm9Bb3RpKEI="},"lastRemoteEphemeralKey":"BaNn1ae3D2EKIEY2T0g0ldElXylBW24io4EUoqOJBcI4","previousCounter":0,"rootKey":"a8LPOzGiOFM8GqVD7Bge607I92e9iezhhnItVnk6O4M="},"indexInfo":{"baseKey":"BYzxoV51Fhd258tOZTwPFBCEwjT8A8ocxvRdz+ePCTVc","baseKeyType":1,"closed":-1,"used":1708235710156,"created":1708235710156,"remoteIdentityKey":"BWiEB3vYJ6Ec2UD13cvfLhA6+BcMSLi4G0l0CZi/zYU+"},"_chains":{"BSHr/hXY5yMLksA+DBIPyKXyslvuojMXytzyCPvcD8Zk":{"chainKey":{"counter":1,"key":"OmSoOokOh6QoSASM1L0ggvmBRvPVfeyzanJcFSfvQ/c="},"chainType":1,"messageKeys":{}}},"pendingPreKey":{"signedKeyId":5,"baseKey":"BYzxoV51Fhd258tOZTwPFBCEwjT8A8ocxvRdz+ePCTVc"}}},"version":"v1"}