{"_sessions":{"BYlO4OWTdJW5RjU9c3dqaORU8fdExHjkzfqzjZMVXXk5":{"registrationId":90906339,"currentRatchet":{"ephemeralKeyPair":{"pubKey":"BUd1AB6+f7RIA7HstLHCotcqTuscF/vIel0EtsPPYLMY","privKey":"QMd9nERdqOTZmtArKf6zk9+Uhy/epxrhrudFlTfrA28="},"lastRemoteEphemeralKey":"BWObJ1eNI4NqcMmdCuHR0ABwQBTMGlXhDmJACTH6yh1x","previousCounter":0,"rootKey":"5HVLACxDc3DjaKk3UtljUpy496I4g7UGQxpHciy/fkg="},"indexInfo":{"baseKey":"BYlO4OWTdJW5RjU9c3dqaORU8fdExHjkzfqzjZMVXXk5","baseKeyType":1,"closed":-1,"used":1708235712132,"created":1708235712132,"remoteIdentityKey":"BYkQexi7qvX8YzMOt08AKOS+EEwNPVf/IQV7A/08VsNm"},"_chains":{"BUd1AB6+f7RIA7HstLHCotcqTuscF/vIel0EtsPPYLMY":{"chainKey":{"counter":1,"key":"07H2NTCzXejYZs2oVea8fY2eNUMunkZ9dwsU+XGE770="},"chainType":1,"messageKeys":{}}},"pendingPreKey":{"signedKeyId":6,"baseKey":"BYlO4OWTdJW5RjU9c3dqaORU8fdExHjkzfqzjZMVXXk5","preKeyId":75563}}},"version":"v1"}