{"_sessions":{"BTzBigP72SPXDWBZFxtZ0xC8eI+mT7IMJHZLGUKXvRMB":{"registrationId":556118452,"currentRatchet":{"ephemeralKeyPair":{"pubKey":"BT4wtkU+ij/SXcwfKqF4DgS1aTxmA1q/8+nLxVyeyXUP","privKey":"eJh8MPSaFDxGC5c+a6/YxQ78L6NK7oNrCtIQ7Lay4mA="},"lastRemoteEphemeralKey":"BTjYEqq2Q/4Ykg9Y/IdML5dqgfL05BVAD73Rw9u8ddlh","previousCounter":0,"rootKey":"HpR3zDYuz4xrCC4PxCRn+u8LmPPYnbgcTSJEV3WsGXk="},"indexInfo":{"baseKey":"BTzBigP72SPXDWBZFxtZ0xC8eI+mT7IMJHZLGUKXvRMB","baseKeyType":2,"closed":-1,"used":1708225881377,"created":1708225881377,"remoteIdentityKey":"BVbWFgyGwGjtOd57Cg4myTiP+4KpXP2HEDnDvsRkdaNM"},"_chains":{"BTjYEqq2Q/4Ykg9Y/IdML5dqgfL05BVAD73Rw9u8ddlh":{"chainKey":{"counter":17,"key":"2pD9yiO08zWH/bqwrUOJrIbZUzf9a961GmOLbVJonF0="},"chainType":2,"messageKeys":{}},"BT4wtkU+ij/SXcwfKqF4DgS1aTxmA1q/8+nLxVyeyXUP":{"chainKey":{"counter":-1,"key":"ECI0GrSwj3rjJgF1tcvBVt1eCTg8qp4FEQHTBy1NIf8="},"chainType":1,"messageKeys":{}}}}},"version":"v1"}