{"_sessions":{"BYIIkCnKgtZvvGxs0oFo+82ZZmRXnQwuQJR7zAHFIl4B":{"registrationId":471975987,"currentRatchet":{"ephemeralKeyPair":{"pubKey":"BfMh0NkWcjsCSW9kLAn3nnD1opsnyiIbgkvMEhkgy5pM","privKey":"aJP7BTr1jVmtJvy3F2UnQrpNnzf/0fDDkZVMnE/Ox30="},"lastRemoteEphemeralKey":"BQpNuvAKDGo2ArSZmchybys6oICLBGNqcZwEyovF1Idn","previousCounter":0,"rootKey":"rRCZFTkEhARDAnCWAJNGhC/EcidQAN5kL2nrzQeWObI="},"indexInfo":{"baseKey":"BYIIkCnKgtZvvGxs0oFo+82ZZmRXnQwuQJR7zAHFIl4B","baseKeyType":2,"closed":-1,"used":1708277297075,"created":1708277297075,"remoteIdentityKey":"BfM06Vv/b2/rBoKr3yn+LYPnEVTuvCVsfx3rSBfph/QX"},"_chains":{"BQpNuvAKDGo2ArSZmchybys6oICLBGNqcZwEyovF1Idn":{"chainKey":{"counter":10,"key":"A/3ASU0mDZgtNCf7iKYp2OwAro/U9iVsetUNPM+y1QU="},"chainType":2,"messageKeys":{"1":"1oWYTbizXNF3iFttBRFfJIMnEtzlDyAVLDLcPEs3G/g=","2":"RF9YavLcPTN9jj5yoYLXEvHtie+jCc5PAd4xFMvr8DY="}},"BfMh0NkWcjsCSW9kLAn3nnD1opsnyiIbgkvMEhkgy5pM":{"chainKey":{"counter":-1,"key":"j8bgtuZ17F/DM8WLmuSKZyvL/arxwPVu9zxiEvWMagY="},"chainType":1,"messageKeys":{}}}}},"version":"v1"}