{"_sessions":{"BRXJRLR7KDooN2Sldp6+s1jBr4eckmvHJead4bxUzgAv":{"registrationId":7265,"currentRatchet":{"ephemeralKeyPair":{"pubKey":"BQJBvH9nx1cJv3MAyasoPiw/JUFL96bWzt8SIjbyLKB1","privKey":"mHgemOBaqw+CAWb2gJx2rSvWDgtIzLaiBhIQO1fccl4="},"lastRemoteEphemeralKey":"BbrUBLYRsqD4yaHKgTNYjQpSX9i03rSGw97gg2ZLIEtd","previousCounter":0,"rootKey":"aOGXI5nAFniFzUF3bd8GS7gxJCO757GB3WQlNMan0zo="},"indexInfo":{"baseKey":"BRXJRLR7KDooN2Sldp6+s1jBr4eckmvHJead4bxUzgAv","baseKeyType":1,"closed":-1,"used":1708235707991,"created":1708235707991,"remoteIdentityKey":"BQKcg4gPAhusmirnE//ORycsUscEYI1f/dxa++T7QbUp"},"_chains":{"BQJBvH9nx1cJv3MAyasoPiw/JUFL96bWzt8SIjbyLKB1":{"chainKey":{"counter":1,"key":"U3dwesBuEPwvjVQGzeUn3hBDQ5tOAjrobH0+0b7IaUY="},"chainType":1,"messageKeys":{}}},"pendingPreKey":{"signedKeyId":1,"baseKey":"BRXJRLR7KDooN2Sldp6+s1jBr4eckmvHJead4bxUzgAv"}}},"version":"v1"}