{"_sessions":{"Bd1PwtEOTdW9p651/55kGAbqWH8z/Y+WcgvT7wXZClQg":{"registrationId":1749575343,"currentRatchet":{"ephemeralKeyPair":{"pubKey":"BQF5hk2yW7v8eNDnUWnyIc7RdxN4oBEpHa08jQkLRnhU","privKey":"gHTIT2Y4qI14SjhOx97bf4U00hTp1F7P8h3Yoz/OdFQ="},"lastRemoteEphemeralKey":"BRYZbCUp02G/6L7Mwjh63hqeB3Z5slEUuWFK6xsZSmQG","previousCounter":0,"rootKey":"eMKmwb03Pbn2xaldlRQY8PeC4a4+pEVX1/8Kc/W8Msk="},"indexInfo":{"baseKey":"Bd1PwtEOTdW9p651/55kGAbqWH8z/Y+WcgvT7wXZClQg","baseKeyType":2,"closed":-1,"used":1708284206465,"created":1708284206465,"remoteIdentityKey":"BUct2bYA672sku5V/eM0h9DIedtzw4HUcqd05WrWJCpv"},"_chains":{"BRYZbCUp02G/6L7Mwjh63hqeB3Z5slEUuWFK6xsZSmQG":{"chainKey":{"counter":0,"key":"qRtXy5QeRUlpIn1k7FGSdWyGRYjFnUsQRRO53DJtdJU="},"chainType":2,"messageKeys":{}},"BQF5hk2yW7v8eNDnUWnyIc7RdxN4oBEpHa08jQkLRnhU":{"chainKey":{"counter":-1,"key":"SSygVcMUvIiYjoJHKee/q/HcIqEMHkrRgT2TwBDTw4Y="},"chainType":1,"messageKeys":{}}}}},"version":"v1"}