{"_sessions":{"BQT4BblVntIHuDY9B5puaerRdVhaf+1meusyE3OMgulw":{"registrationId":626710408,"currentRatchet":{"ephemeralKeyPair":{"pubKey":"BWd1FJHWHJ3LovrVpnjPZkfNt3DMLSkH9iMuEDNTbTUp","privKey":"IMdPLc/tG+pYqTvyP0h9TsE/QKrPoppscbd9yhACW20="},"lastRemoteEphemeralKey":"BV7458yyuCKnHlbLxFJOT2COwi12sG9y1U6g/3uXlvFb","previousCounter":0,"rootKey":"TmbtbqBspWEK+h6SD4etU2J/ulwrHoQ7urvrt6fhxTU="},"indexInfo":{"baseKey":"BQT4BblVntIHuDY9B5puaerRdVhaf+1meusyE3OMgulw","baseKeyType":2,"closed":-1,"used":1708277390811,"created":1708277390811,"remoteIdentityKey":"BQIhZWaxhQqgXNRUwlpQmRp964diMcaRzxXB5iCnoQgp"},"_chains":{"BV7458yyuCKnHlbLxFJOT2COwi12sG9y1U6g/3uXlvFb":{"chainKey":{"counter":3,"key":"9pM8JCUBZxlfexy0UGKXbxdw71o5zGZBqVOK4IbOZkg="},"chainType":2,"messageKeys":{}},"BWd1FJHWHJ3LovrVpnjPZkfNt3DMLSkH9iMuEDNTbTUp":{"chainKey":{"counter":-1,"key":"jaApIJTtThWOpBK7ZVsvo7P4t5IX913aOBwnsksoY8s="},"chainType":1,"messageKeys":{}}}}},"version":"v1"}