{"_sessions":{"BUsQoGtlQHFPfeQfelH5JPVhvoCd1/mQAD8juQgqpUhp":{"registrationId":76783080,"currentRatchet":{"ephemeralKeyPair":{"pubKey":"BS4IqDFxPTgLgLD7+SXwR6Wk6FxHyfPoOMkBZGpYiPIY","privKey":"ABg8jc3nvMzsfBgcNxsAEaSM713snsxJlck+BEVp+14="},"lastRemoteEphemeralKey":"BSeY3DJzxbsC4+HPoT46KC5RIa9goUEvZ5JQBlhftaMc","previousCounter":0,"rootKey":"STmLju7WKtl4zVfuOuwEE+XMWGRwk24DUZPEvmjJ7Zk="},"indexInfo":{"baseKey":"BUsQoGtlQHFPfeQfelH5JPVhvoCd1/mQAD8juQgqpUhp","baseKeyType":1,"closed":-1,"used":1708235711275,"created":1708235711275,"remoteIdentityKey":"BYQpkpAsSHOsFSm9kun0kmOEv/VCoE0dBYgr6rKc1tID"},"_chains":{"BS4IqDFxPTgLgLD7+SXwR6Wk6FxHyfPoOMkBZGpYiPIY":{"chainKey":{"counter":1,"key":"S16RRovl7lDzL0NfYESk6vLinMiyp8OCSbDo3VmdmeQ="},"chainType":1,"messageKeys":{}}},"pendingPreKey":{"signedKeyId":2,"baseKey":"BUsQoGtlQHFPfeQfelH5JPVhvoCd1/mQAD8juQgqpUhp"}}},"version":"v1"}