{"_sessions":{"BZPGSgsFfU7jgrs4acXU1s9yDA0BYdfUwrORyB0Bc0I4":{"registrationId":736162553,"currentRatchet":{"ephemeralKeyPair":{"pubKey":"BWBM6FMWoQifTnPDZn1njDly4Bah7ga9HO9GEDGOKdtD","privKey":"oNAM2n6/+9L/D22wzp50mtqxHEA0+oCq9ONnK0BjE0E="},"lastRemoteEphemeralKey":"Ba1ZXwcixC/wRYEDKj+3fbsRSZ38KfPBexxavUAIBzFn","previousCounter":0,"rootKey":"3nsvdw1cfkXAXn5bXIpOECXUnuBk0kGAqV6q3Lku8Tw="},"indexInfo":{"baseKey":"BZPGSgsFfU7jgrs4acXU1s9yDA0BYdfUwrORyB0Bc0I4","baseKeyType":1,"closed":1708284324931,"used":1708235712602,"created":1708235712602,"remoteIdentityKey":"Ba4U7knSEJXQGCnGJn+L7yf0hzbyyGb7FyS4V0PWsF0z"},"_chains":{"BWBM6FMWoQifTnPDZn1njDly4Bah7ga9HO9GEDGOKdtD":{"chainKey":{"counter":0,"key":"s/o7BtctVMLiVsgh8jy1CdN0BL5SEmHPIab6Dwgg4kA="},"chainType":1,"messageKeys":{}}},"pendingPreKey":{"signedKeyId":2,"baseKey":"BZPGSgsFfU7jgrs4acXU1s9yDA0BYdfUwrORyB0Bc0I4","preKeyId":7355726}},"BU/CSDPG9DFMq2lfMoVhANjO/2vSWCq1ZmN/3HYMT0pp":{"registrationId":2004727070,"currentRatchet":{"ephemeralKeyPair":{"pubKey":"Benc2CvvuFLN8rTr2VDmtuBHXErRWEQL9K7XgodlTw84","privKey":"oOPp3W8F/NEVBaSaTQbfMKqg+7KPq7vgsse69iNWk3I="},"lastRemoteEphemeralKey":"Be8ZO2WobDPAMoGDmjPo5k6ORksE75Ct1s1EcPFLSGY4","previousCounter":0,"rootKey":"43A21LfGJ/PN8J8Z+EvDM8kj1TilMkhiG0RZaxCwClc="},"indexInfo":{"baseKey":"BU/CSDPG9DFMq2lfMoVhANjO/2vSWCq1ZmN/3HYMT0pp","baseKeyType":1,"closed":-1,"used":1708284324915,"created":1708284324915,"remoteIdentityKey":"BeVMdFYsQXGffT/PuXI90QjqTyVYejB40vNQdWFsqyxh"},"_chains":{"Benc2CvvuFLN8rTr2VDmtuBHXErRWEQL9K7XgodlTw84":{"chainKey":{"counter":0,"key":"KG+5Vj1b/KsH0USufRljZSmDU4rjK08UUEdUUIrMtT8="},"chainType":1,"messageKeys":{}}},"pendingPreKey":{"signedKeyId":0,"baseKey":"BU/CSDPG9DFMq2lfMoVhANjO/2vSWCq1ZmN/3HYMT0pp","preKeyId":3388690}}},"version":"v1"}