{"_sessions":{"BapGdu7xm2fXiKeYcMi1mn7eqn3KzsJAtSRucUrqJj86":{"registrationId":280673727,"currentRatchet":{"ephemeralKeyPair":{"pubKey":"BZopwzkXi7AKi/nUCS3/UJdH6N02XaXWsaaRl4ulxEFt","privKey":"mAdVX6TNOyEB98ygzpszcU/0lW3o851d7f2zHf1+onk="},"lastRemoteEphemeralKey":"BcNTaWvDwer3/6EhxS7HRAeX3I0lobCaMNrZU/s4+xp4","previousCounter":0,"rootKey":"GHzp8yLx+1flbcysCcrE3Y42ZdRPYDXGu50hCihfmNk="},"indexInfo":{"baseKey":"BapGdu7xm2fXiKeYcMi1mn7eqn3KzsJAtSRucUrqJj86","baseKeyType":2,"closed":-1,"used":1708277276611,"created":1708277276611,"remoteIdentityKey":"BWhDVuk9FAT3xhck4t93hpliEdYmVUvaHuDqRCMit01U"},"_chains":{"BcNTaWvDwer3/6EhxS7HRAeX3I0lobCaMNrZU/s4+xp4":{"chainKey":{"counter":31,"key":"6JvISs8BZseWyQORVRP3nncZCOBeDs3phEg4YehlZlM="},"chainType":2,"messageKeys":{}},"BZopwzkXi7AKi/nUCS3/UJdH6N02XaXWsaaRl4ulxEFt":{"chainKey":{"counter":-1,"key":"0XTlGvjvlm61D2hSgKl7pIMEleJiq857l/gEWdgLpmw="},"chainType":1,"messageKeys":{}}}}},"version":"v1"}