{"_sessions":{"BfuN3y9wSiAsqEBfY24fY9GtvUZZwI9yx/hu5PBAhqEG":{"registrationId":13021,"currentRatchet":{"ephemeralKeyPair":{"pubKey":"BavxXsH4A5bzroI7wXrTrSHdJzQTYpS3L77kxxKepWVC","privKey":"QInhNuaL/MpszhF9gX8wkqyjJcJ3gYVatRDNkMN8PHY="},"lastRemoteEphemeralKey":"BeeFNJfjnLRcKBk13HRyOagigOpLF3QMwYXz26Mvxeoo","previousCounter":0,"rootKey":"+F7NSrBeXvOLrtxUNjs8X0bsxPCxiuhwdCu1JEYAV4E="},"indexInfo":{"baseKey":"BfuN3y9wSiAsqEBfY24fY9GtvUZZwI9yx/hu5PBAhqEG","baseKeyType":1,"closed":-1,"used":1708235707846,"created":1708235707846,"remoteIdentityKey":"BXf0wIp47UC/QF+HGHQNi0MKm9qu/D+GtW2vpWAiHSE2"},"_chains":{"BavxXsH4A5bzroI7wXrTrSHdJzQTYpS3L77kxxKepWVC":{"chainKey":{"counter":1,"key":"Iruoz7Z1xa/aYZU7KhW6uJ4KzgFplluj4EHpvwn1dto="},"chainType":1,"messageKeys":{}}},"pendingPreKey":{"signedKeyId":1,"baseKey":"BfuN3y9wSiAsqEBfY24fY9GtvUZZwI9yx/hu5PBAhqEG"}}},"version":"v1"}