{"_sessions":{"Be/TG57/btkrgptoboFmOVH9n+8T652b7VA71ZHGuYVe":{"registrationId":244316548,"currentRatchet":{"ephemeralKeyPair":{"pubKey":"BeHwInJ+6KlKpm+BOXiyOjCUqmX5UV0dvKddA6t+dIIa","privKey":"EOZq2yNRlPreWktXKPIDMjmufm3/nopAnLSaPb70l2U="},"lastRemoteEphemeralKey":"BXbDNZAi/273u8BeAXjs8/PC2Q6djBn+ZMmal+jlWngi","previousCounter":0,"rootKey":"ekEmIQ7hAX75HCdQn9EPAaPbVVh877tDbZsqD38LaFg="},"indexInfo":{"baseKey":"Be/TG57/btkrgptoboFmOVH9n+8T652b7VA71ZHGuYVe","baseKeyType":2,"closed":-1,"used":1708230778465,"created":1708230778465,"remoteIdentityKey":"BXYbfjbO8qkZv9PYzvrCy/j2kAAAYnjg98Yjs2RKY8Mi"},"_chains":{"BXbDNZAi/273u8BeAXjs8/PC2Q6djBn+ZMmal+jlWngi":{"chainKey":{"counter":3,"key":"p5QGue1hhPOAnCBJ7dFNtbEA1zuwgICaaCDqUNzl6X4="},"chainType":2,"messageKeys":{}},"BeHwInJ+6KlKpm+BOXiyOjCUqmX5UV0dvKddA6t+dIIa":{"chainKey":{"counter":-1,"key":"XlRx9NTCswFyBFIBLXxWqk/gLcmBkp00ZMDhP8V245s="},"chainType":1,"messageKeys":{}}}}},"version":"v1"}