{"_sessions":{"BeX6RKlB2fTlFOvEvtDSQnAGLEN50iRQ25m3j0RTpYUl":{"registrationId":2112239667,"currentRatchet":{"ephemeralKeyPair":{"pubKey":"Bd+QOHhLO8RMM0yS/LjSXT0wwOPfo+aF6YTck3+YY81k","privKey":"aPPmc1Q+5Lbl5QEyjofmnkWD/MjWg0Fdt1Ue9ODcy2k="},"lastRemoteEphemeralKey":"BZzf1iFzmJ2nqj11gfmNLOGly6RSZlCHWdDbAesppXpI","previousCounter":0,"rootKey":"CK5N5aDyiSlW2nQBGFu+AtgQTdPforXA1TzWc/fgZCU="},"indexInfo":{"baseKey":"BeX6RKlB2fTlFOvEvtDSQnAGLEN50iRQ25m3j0RTpYUl","baseKeyType":1,"closed":-1,"used":1708235708534,"created":1708235708534,"remoteIdentityKey":"BaDi/xEk5eRkF4zYAsrglT7RTx3Ff8diKGxidYFtmOVl"},"_chains":{"Bd+QOHhLO8RMM0yS/LjSXT0wwOPfo+aF6YTck3+YY81k":{"chainKey":{"counter":1,"key":"cBG6/WN/VENLXKXPHWpWktQqCr79GcIAPjtzoZKYehY="},"chainType":1,"messageKeys":{}}},"pendingPreKey":{"signedKeyId":0,"baseKey":"BeX6RKlB2fTlFOvEvtDSQnAGLEN50iRQ25m3j0RTpYUl","preKeyId":673097}}},"version":"v1"}