{"_sessions":{"BYNmFnw6D3wcRYhjoWD9uBY+yMA6/xf9r89CWxPOQ3Mx":{"registrationId":1962195552,"currentRatchet":{"ephemeralKeyPair":{"pubKey":"BRjU0qE7BieW4TWSchiicpXzPh5NXIpc9ZxMACmzMJQm","privKey":"uAEHB4jZxbuxvAWiczVsKnTIUtZWguixBM9flQUHTU8="},"lastRemoteEphemeralKey":"BZnAbIGiaq9gPPJ+OQAb2vm1IV0VWBevTjFGXc6i/4tt","previousCounter":0,"rootKey":"iM8uaWWjUFoiPSfn0OvZ2udgFuS6kFVXpmFuIUyVfIc="},"indexInfo":{"baseKey":"BYNmFnw6D3wcRYhjoWD9uBY+yMA6/xf9r89CWxPOQ3Mx","baseKeyType":2,"closed":-1,"used":1708277277055,"created":1708277277055,"remoteIdentityKey":"BTLPrLJvw6EROBU9SFjJTexV7DtHctIWwPvnmruWsSEG"},"_chains":{"BZnAbIGiaq9gPPJ+OQAb2vm1IV0VWBevTjFGXc6i/4tt":{"chainKey":{"counter":2,"key":"h1ul2ft67BAZg15E7Xu9SWqD7e95+NUuI0prFjiVY6c="},"chainType":2,"messageKeys":{}},"BRjU0qE7BieW4TWSchiicpXzPh5NXIpc9ZxMACmzMJQm":{"chainKey":{"counter":-1,"key":"/x2XVgzfHbtVEM8B7IUv3ZjtZ97KLtIEaUYkZvcSh3Q="},"chainType":1,"messageKeys":{}}}}},"version":"v1"}