{"_sessions":{"Bb15LSTZ1a+uCwA1R9GibS7IB6uEIrrObaARqTDsKSsd":{"registrationId":1363658686,"currentRatchet":{"ephemeralKeyPair":{"pubKey":"BUI6Xhoq9pFxk1CSw4JbcBKo9thAEa7/jqfs/Lha9RxO","privKey":"WHoShz68mRbYirB3QdCp3lajEtvNA07SH8huTOCzPng="},"lastRemoteEphemeralKey":"BRxO1DxK91WjfL2BE8AaH29K6v+rupoHVNu/da9QYEYo","previousCounter":81,"rootKey":"8RPSyheS4wz9v36jMj6Ev6vLpg+gyQfLe49drnBtLHk="},"indexInfo":{"baseKey":"Bb15LSTZ1a+uCwA1R9GibS7IB6uEIrrObaARqTDsKSsd","baseKeyType":2,"closed":-1,"used":1708285373732,"created":1708219384537,"remoteIdentityKey":"BWTqa98oscom+k3RzAuFVm1nCZ0nqcvRQE7YynGycYkg"},"_chains":{"BXGVu5Z8H3y2rx0TvAWzWmDw/or0GeNQWWbGT774JOcq":{"chainKey":{"counter":5},"chainType":2,"messageKeys":{}},"BT4ZuS1Jqqm7TZzJagKwdmWBZKDdt+x/kZ+gCuwtjVIX":{"chainKey":{"counter":2},"chainType":2,"messageKeys":{}},"BRxO1DxK91WjfL2BE8AaH29K6v+rupoHVNu/da9QYEYo":{"chainKey":{"counter":0,"key":"T8KtRlJzpi/x04L010SaHAiOI67syRM88K55MgJDJoA="},"chainType":2,"messageKeys":{}},"BUI6Xhoq9pFxk1CSw4JbcBKo9thAEa7/jqfs/Lha9RxO":{"chainKey":{"counter":11,"key":"zpOYwktc4yam4LTvlBWznjEHCdwcDZzbDXwLpxTKM4w="},"chainType":1,"messageKeys":{}}}}},"version":"v1"}