{"_sessions":{"BZ+DEYj6Ns91CWaZg/Z6j9FwARH/OwT7KmNeQo35UIY7":{"registrationId":713237573,"currentRatchet":{"ephemeralKeyPair":{"pubKey":"BWYaT8W7VlEcENwj+9KtHR8tc4ll9F4ZEi21MuLuAype","privKey":"iDYzOCGwjRJsNfAlLzWLgAwtNuxQNO9O2hJd8HJUT00="},"lastRemoteEphemeralKey":"BSVALfLr/MnByuiIuLLxqECDbQN8FnIdZUx7mUezs38R","previousCounter":0,"rootKey":"XoaeraW9wHkHzhxdIVR5GlXvErQUET5MklOXzQlvYWE="},"indexInfo":{"baseKey":"BZ+DEYj6Ns91CWaZg/Z6j9FwARH/OwT7KmNeQo35UIY7","baseKeyType":1,"closed":-1,"used":1708235709631,"created":1708235709631,"remoteIdentityKey":"BSW9e/PUsUUXTdHTFpzxvSqrBIcarE8Ts1ck+NZsPrMq"},"_chains":{"BWYaT8W7VlEcENwj+9KtHR8tc4ll9F4ZEi21MuLuAype":{"chainKey":{"counter":1,"key":"qhg2Dd9WqL3fo6rRgo2o+J9bs6grr4CnAKJ3qgkvjlk="},"chainType":1,"messageKeys":{}}},"pendingPreKey":{"signedKeyId":3179333,"baseKey":"BZ+DEYj6Ns91CWaZg/Z6j9FwARH/OwT7KmNeQo35UIY7","preKeyId":6511}}},"version":"v1"}