{"_sessions":{"BeBNoc6yGV2w9NftI53lwYoLfmt5h/HDMlJKRZW3Cvw1":{"registrationId":739420091,"currentRatchet":{"ephemeralKeyPair":{"pubKey":"BT0VkyCDmnEaiDs61K6GvhMZ9Q0xuWvTiMEzglE0l6JI","privKey":"6AHI17EKPszE2OmUtxjCTiPPBJ4lMrqpyVJRsOEVZEQ="},"lastRemoteEphemeralKey":"BUDxqPBYOh3b14BYRchwFeKxLfbTP+BoSso8vzGIhRct","previousCounter":0,"rootKey":"i9Hno3p6HDdl2aNTIXlo4oCkaqPCTNxXrd9f0d027IQ="},"indexInfo":{"baseKey":"BeBNoc6yGV2w9NftI53lwYoLfmt5h/HDMlJKRZW3Cvw1","baseKeyType":1,"closed":-1,"used":1708235710931,"created":1708235710931,"remoteIdentityKey":"BWHfJlA2UBN3dokw3HN5/92HsP7spc4s6bNWgnxZFyoV"},"_chains":{"BT0VkyCDmnEaiDs61K6GvhMZ9Q0xuWvTiMEzglE0l6JI":{"chainKey":{"counter":1,"key":"GstWViaHrqp6H4Hya4F9SyPFAlR1ESKe3lelHAJwOLQ="},"chainType":1,"messageKeys":{}}},"pendingPreKey":{"signedKeyId":5,"baseKey":"BeBNoc6yGV2w9NftI53lwYoLfmt5h/HDMlJKRZW3Cvw1","preKeyId":4635560}}},"version":"v1"}