{"_sessions":{"BZzDn8lsC9QnusD+S6oaeFLqMc2OS1+ER42j2a/G1SAo":{"registrationId":1007220803,"currentRatchet":{"ephemeralKeyPair":{"pubKey":"BXQqerPvUBgwjIPCUrK13yYGZMsGozA041lmZlgO32sn","privKey":"OMESmbcrPaxtZW5G0ERMKeBmJOUnDgJyr/ntlwsWH0E="},"lastRemoteEphemeralKey":"BWgcN3c/yNIhpC+hKVnWs6ou1Mm09swBSE9wII/FBHEz","previousCounter":0,"rootKey":"qyDaimyWrbggsySahsGG8zaiSM9V5UG7VmJ19OPKYUY="},"indexInfo":{"baseKey":"BZzDn8lsC9QnusD+S6oaeFLqMc2OS1+ER42j2a/G1SAo","baseKeyType":2,"closed":-1,"used":1708277272862,"created":1708277272861,"remoteIdentityKey":"BRKY4fmOJgv6Qb4ie6Iz8SHOG2OzssK05vmCgBWGPY06"},"_chains":{"BWgcN3c/yNIhpC+hKVnWs6ou1Mm09swBSE9wII/FBHEz":{"chainKey":{"counter":4,"key":"G3vjiXXMfzCoZIq4FWspzz9LoF3EaVLtF+fGO55jWQA="},"chainType":2,"messageKeys":{}},"BXQqerPvUBgwjIPCUrK13yYGZMsGozA041lmZlgO32sn":{"chainKey":{"counter":-1,"key":"6ntT8J1yp7757MYfbAMvkEmok6++778rt4Qp0TQAgxA="},"chainType":1,"messageKeys":{}}}}},"version":"v1"}