{"_sessions":{"BS8HXXSVX6VYSvClnEhfOTUaoDQbWiLBcJNCnh7Vm1kT":{"registrationId":370983026,"currentRatchet":{"ephemeralKeyPair":{"pubKey":"BSOOqd6GkzTSMPwJQsuFIeuwMlnqJpmD8p8cWkRKMjRR","privKey":"wPoZE+rK3eTk3EcCve2aETvFPPXjZohR6v86cPk2qmU="},"lastRemoteEphemeralKey":"BZhe8AhueEm3gWojXWVcNJhGBeAZQzb606l0dR2OCXI9","previousCounter":0,"rootKey":"lE3wJzIbtdqR+sho1xm6I6RUsP9DZ6DrgQ604yWML+E="},"indexInfo":{"baseKey":"BS8HXXSVX6VYSvClnEhfOTUaoDQbWiLBcJNCnh7Vm1kT","baseKeyType":1,"closed":-1,"used":1708235708091,"created":1708235708090,"remoteIdentityKey":"BatyaN8EoEH9r3YCKDR4gAFLrDnPH0ss3OXZPh0fRWxT"},"_chains":{"BSOOqd6GkzTSMPwJQsuFIeuwMlnqJpmD8p8cWkRKMjRR":{"chainKey":{"counter":1,"key":"lLIog7taEldXCW5ePQ6Qi6DJKz9Q6lMoVMeZxCn2/k4="},"chainType":1,"messageKeys":{}}},"pendingPreKey":{"signedKeyId":0,"baseKey":"BS8HXXSVX6VYSvClnEhfOTUaoDQbWiLBcJNCnh7Vm1kT","preKeyId":15143781}}},"version":"v1"}