{"_sessions":{"BVsO2RjBodX94ZJna3KdEzHHMjcEhs8x8rL6eoWKx11Z":{"registrationId":8219,"currentRatchet":{"ephemeralKeyPair":{"pubKey":"BbovBcbTVsMtA4v06rnodqwCjKxuk0Nap8PeF66mPyw8","privKey":"mISuQgUlkdN6fHXqKfKIr5fBU1NYvc3EmN+WzLS9omo="},"lastRemoteEphemeralKey":"BSLZDTEgG7kXZmZUFdJfZKkNAHugPM/QLh68jA5cpgBY","previousCounter":0,"rootKey":"Kl6RLl52VGofIWHN8qYIg1tvcXB+FDlx1OCsa79n73c="},"indexInfo":{"baseKey":"BVsO2RjBodX94ZJna3KdEzHHMjcEhs8x8rL6eoWKx11Z","baseKeyType":1,"closed":-1,"used":1708235707799,"created":1708235707799,"remoteIdentityKey":"BeIZhy2E+hrcUcpd6Ilk+OxfqHI3ar4SNSDzgEdhDrpo"},"_chains":{"BbovBcbTVsMtA4v06rnodqwCjKxuk0Nap8PeF66mPyw8":{"chainKey":{"counter":1,"key":"5cDsd1d79ygKcYLV8e2CNsmZsdPCvHPVHNiKglVKzEc="},"chainType":1,"messageKeys":{}}},"pendingPreKey":{"signedKeyId":2,"baseKey":"BVsO2RjBodX94ZJna3KdEzHHMjcEhs8x8rL6eoWKx11Z","preKeyId":236}}},"version":"v1"}