{"_sessions":{"BbI7Rq3cGVA6A6ZIcgnKNNQc07tbze8QvZMF63EGrtkU":{"registrationId":1458269338,"currentRatchet":{"ephemeralKeyPair":{"pubKey":"BaYlY4FtxVaVuVMGFDLobAdb062h+JkGEf+72Pu0tWs2","privKey":"oH4JIHYq8+OJxkICAIG8Oi2QFwf/UW0EuzFNAw2ZQWw="},"lastRemoteEphemeralKey":"BUEdJVDIeWMlGV+aGrIWoWhScHo6rYSoK9khMS7FS+1z","previousCounter":0,"rootKey":"9MYafV25FFy8rcSgVL6mgvf7vu3oX4M4idRLvfTRGlg="},"indexInfo":{"baseKey":"BbI7Rq3cGVA6A6ZIcgnKNNQc07tbze8QvZMF63EGrtkU","baseKeyType":1,"closed":-1,"used":1708235712397,"created":1708235712397,"remoteIdentityKey":"BZ5bG+NbPW89MXXfp5je7EIH7scUCK8EJQfM8R96hud7"},"_chains":{"BaYlY4FtxVaVuVMGFDLobAdb062h+JkGEf+72Pu0tWs2":{"chainKey":{"counter":1,"key":"djKDt+atAbfF6B47XBcZitdryI9GFHxxwsjce7xREtQ="},"chainType":1,"messageKeys":{}}},"pendingPreKey":{"signedKeyId":15,"baseKey":"BbI7Rq3cGVA6A6ZIcgnKNNQc07tbze8QvZMF63EGrtkU","preKeyId":2378186}}},"version":"v1"}