{"_sessions":{"BWaEoX1cxg3/VcTVqhPa24eM/H+ZmKChn3SFRGOD6d13":{"registrationId":694013872,"currentRatchet":{"ephemeralKeyPair":{"pubKey":"BfqZvETacd9BLk0rdMVpV1YjSk4LarTfwT8iUtU/6ZIq","privKey":"yLLQIxx6PnaObn872q4PZXItNjCVoG0Hgo37UAD9A38="},"lastRemoteEphemeralKey":"BW1EiDixfsMCDPEIZ4yRKahEREByJM5zC97e/rM9lPkv","previousCounter":0,"rootKey":"VeedXL2nWiONsbEuGbHa720eWIKwWuv13gTYxEE0dr8="},"indexInfo":{"baseKey":"BWaEoX1cxg3/VcTVqhPa24eM/H+ZmKChn3SFRGOD6d13","baseKeyType":2,"closed":-1,"used":1708219461680,"created":1708219461680,"remoteIdentityKey":"BQAvLIhCXBJdvPWM+PpCkey6khse3xGRyXBig8+6YgBw"},"_chains":{"BW1EiDixfsMCDPEIZ4yRKahEREByJM5zC97e/rM9lPkv":{"chainKey":{"counter":23,"key":"M+wv2DO56loCiPWzysyrcycckI0zMWpebXeQKTWFX3o="},"chainType":2,"messageKeys":{"5":"iNsd/5E2YpOeVAWc5ZjQ6dcs1NaX/PswgWlnITe2ios=","10":"O/e2H6SIn2Xt25gCGVJhCB4Oj/invQ1ga2Q9N23a6lU=","12":"BHMyRTJpCXKSI92Nw4/tXlPUJZtLafMWNepN5yr4q5g="}},"BfqZvETacd9BLk0rdMVpV1YjSk4LarTfwT8iUtU/6ZIq":{"chainKey":{"counter":-1,"key":"NzwvImrd6ro/7KwTUewxyP30PzMp2DeUffOGbIYndcQ="},"chainType":1,"messageKeys":{}}}}},"version":"v1"}