{"_sessions":{"BUaJiw+pOiRe9C5c8yrxhPy0wq2XpzmpLlSLFWsb5PM+":{"registrationId":756509388,"currentRatchet":{"ephemeralKeyPair":{"pubKey":"BQGu8Zj8hpPcmYCjFl8/6NTKVhaopkQeesdOj2PJ+oNY","privKey":"eCFO0lln2I0PFPwjS2snygI9sn0g0DXIpzj7TlX09kY="},"lastRemoteEphemeralKey":"BZnXi4wr3+XE6xbItzdR6ZGbtxLM+fcBNDrIQ4WIOAME","previousCounter":0,"rootKey":"LUsGKF6yYcsv3IbFnfiCuve0wGJd0Lu3S00TU3Cs1rY="},"indexInfo":{"baseKey":"BUaJiw+pOiRe9C5c8yrxhPy0wq2XpzmpLlSLFWsb5PM+","baseKeyType":2,"closed":-1,"used":1708230693394,"created":1708230693394,"remoteIdentityKey":"BbaY/DmE1VjR31xrGzxeHyC8CBGcTQRGLoy4U17FD0l6"},"_chains":{"BZnXi4wr3+XE6xbItzdR6ZGbtxLM+fcBNDrIQ4WIOAME":{"chainKey":{"counter":10,"key":"BTKpM9iwTVcl7yu8GoaogiAReOLxd58uv4PRZXSOuZU="},"chainType":2,"messageKeys":{"5":"kpanIS+FG6X4WVUgUePwCxqKxs1OLYqC2DW9P7lki9A="}},"BQGu8Zj8hpPcmYCjFl8/6NTKVhaopkQeesdOj2PJ+oNY":{"chainKey":{"counter":-1,"key":"gPJaMI7TpHkWMr+TSNeqWN/6YMl9xcIl8iOnKGjPtvQ="},"chainType":1,"messageKeys":{}}}}},"version":"v1"}