{"_sessions":{"BeefM3oVAU+VMEkt5iK1yktcXXoUdTe6V+3oxZ/oo/1U":{"registrationId":1554851694,"currentRatchet":{"ephemeralKeyPair":{"pubKey":"BXKxx7pR0ojD2NMFXuT54PteBTaaAYvcoGnflLW8ewAy","privKey":"+Dst8d/FDpoCwlYjk8wxxJtJBjqTDedSGGTIY5SMsXg="},"lastRemoteEphemeralKey":"BU+ynyGy+qyhzGuuYYGmlDlrrDAsC00wXGTz+zdrW0oZ","previousCounter":0,"rootKey":"gnVAVxQ1oNm/S2UdP2m52RFB2QwU1M6+urQWZKMvj3A="},"indexInfo":{"baseKey":"BeefM3oVAU+VMEkt5iK1yktcXXoUdTe6V+3oxZ/oo/1U","baseKeyType":1,"closed":-1,"used":1708235709234,"created":1708235709234,"remoteIdentityKey":"BbnbbS3sIn7TbGAT4ckFXhWWZatsdJZ68tXp/Cpuznlj"},"_chains":{"BXKxx7pR0ojD2NMFXuT54PteBTaaAYvcoGnflLW8ewAy":{"chainKey":{"counter":1,"key":"/hP2m0E/DIBlbgtUcJz2XYYSsgXlGJTnnNLMaPRY0IM="},"chainType":1,"messageKeys":{}}},"pendingPreKey":{"signedKeyId":14,"baseKey":"BeefM3oVAU+VMEkt5iK1yktcXXoUdTe6V+3oxZ/oo/1U","preKeyId":13356522}}},"version":"v1"}