{"_sessions":{"Ba4CBeGKOT0BS+YyW4j3TlnZJDwg6zSdkiBhUUZeDOYx":{"registrationId":54119983,"currentRatchet":{"ephemeralKeyPair":{"pubKey":"BbBsAS3bFj4C0Q8C5JWa+LThCwH2xZ0Y91WOEAIN40hd","privKey":"qAlJo4eEwm08lLi0jcm07uXWSZqpnZrZDqpNZRGlwF0="},"lastRemoteEphemeralKey":"BdX75hSuBbdJJ3DWKZmDwZp1NvKQU3eh3VK0Rm/nU+t5","previousCounter":0,"rootKey":"LWHsOBOD/rIb1hPbC6bAKZvADofjp38Ugx7gkx+P/PQ="},"indexInfo":{"baseKey":"Ba4CBeGKOT0BS+YyW4j3TlnZJDwg6zSdkiBhUUZeDOYx","baseKeyType":1,"closed":-1,"used":1708235709924,"created":1708235709924,"remoteIdentityKey":"BSvuBzardmkWiJ4G25DZX5fg4wXtydKAQ0ii7v7h8nEL"},"_chains":{"BbBsAS3bFj4C0Q8C5JWa+LThCwH2xZ0Y91WOEAIN40hd":{"chainKey":{"counter":1,"key":"x7Zhz9TlzSpoH7NNzTyEOr9gs323MzEjD67RIgh+85M="},"chainType":1,"messageKeys":{}}},"pendingPreKey":{"signedKeyId":0,"baseKey":"Ba4CBeGKOT0BS+YyW4j3TlnZJDwg6zSdkiBhUUZeDOYx","preKeyId":9092401}}},"version":"v1"}