{"_sessions":{"BVr5Q78TAKEar6z1Nke+ldYrKmOh2qCtLflbhjiFefp3":{"registrationId":609231252,"currentRatchet":{"ephemeralKeyPair":{"pubKey":"BXs3O8ea2baVT7T+OnKOAKQE/ETi7krJU22eUNQlgupV","privKey":"QDa6wliEz9O2nvKilnTwtMRnYTQfucq4qu7w5clOFF4="},"lastRemoteEphemeralKey":"BRM+r9QpPOCpCJptaClXqh8Ysrhy5osTyVw90LKpVdss","previousCounter":0,"rootKey":"zFCTeVcewWI6Pr6T7dJj8wg2oz9oYRaIbssPsLjZ6+c="},"indexInfo":{"baseKey":"BVr5Q78TAKEar6z1Nke+ldYrKmOh2qCtLflbhjiFefp3","baseKeyType":1,"closed":-1,"used":1708235709577,"created":1708235709577,"remoteIdentityKey":"Bd2/MlLlGdU2o0AIjjRc3atp/G1lTZuAxkXRct77QBhC"},"_chains":{"BXs3O8ea2baVT7T+OnKOAKQE/ETi7krJU22eUNQlgupV":{"chainKey":{"counter":1,"key":"uamH5gIs8JpfMl2tqlyraylpDkRIIHYzPsRnffknlGs="},"chainType":1,"messageKeys":{}}},"pendingPreKey":{"signedKeyId":2,"baseKey":"BVr5Q78TAKEar6z1Nke+ldYrKmOh2qCtLflbhjiFefp3","preKeyId":11662507}}},"version":"v1"}