{"_sessions":{"BaieCD5J8bYGxWAKWmKxZAKvux2kTTfoVz1Fjhp8N50U":{"registrationId":924312184,"currentRatchet":{"ephemeralKeyPair":{"pubKey":"BXlUCafE4sdErixAgKZBU/o6rhZCbxuNuZW0wWIrdXI0","privKey":"8E9I1AKtnQMoILrIqCvfyzp6eShLYLa0W4G/L8xc+l0="},"lastRemoteEphemeralKey":"BTLas/y4sZXWlSstrgM8hurhUUfCwN90+PfntcpHd1cf","previousCounter":0,"rootKey":"3gO/XF5ek4xRl4IQ467MHSCCYbx0Xz78rbFj0lTQb7g="},"indexInfo":{"baseKey":"BaieCD5J8bYGxWAKWmKxZAKvux2kTTfoVz1Fjhp8N50U","baseKeyType":1,"closed":-1,"used":1708235709777,"created":1708235709777,"remoteIdentityKey":"BVsF8KZCy9e6OPXnmVF+NyvarTu6Cc+4/h+tP8k8lhYq"},"_chains":{"BXlUCafE4sdErixAgKZBU/o6rhZCbxuNuZW0wWIrdXI0":{"chainKey":{"counter":1,"key":"iCw7+aDoqlpubVRcwJcHykbc/zAK9jS/jkmecorwIjs="},"chainType":1,"messageKeys":{}}},"pendingPreKey":{"signedKeyId":9774383,"baseKey":"BaieCD5J8bYGxWAKWmKxZAKvux2kTTfoVz1Fjhp8N50U"}}},"version":"v1"}