{"_sessions":{"BbhmKYk0xSjpPwov10QV/tylaQTMhI7RAD40C2EfvD5t":{"registrationId":1373670212,"currentRatchet":{"ephemeralKeyPair":{"pubKey":"BZ9EeEITj9aeNEGqgytfOExU74gauLnnpwSKQ83NNzQ8","privKey":"+JW8k1Nkeht20hSjhs33UZVhbacN0i4K1YOslQ1g7E4="},"lastRemoteEphemeralKey":"BWZ1qlUfulrhpEUbEodo87XNtfLUEhaQhZ+NkB0Ed5ty","previousCounter":0,"rootKey":"NBCj5X/4Oim5p4zpjF2Sg+YpwE/gA5JA773GwC0+Sus="},"indexInfo":{"baseKey":"BbhmKYk0xSjpPwov10QV/tylaQTMhI7RAD40C2EfvD5t","baseKeyType":2,"closed":-1,"used":1708219520301,"created":1708219520301,"remoteIdentityKey":"BT2y6NorZf8R435vf67agJMPkdI5WCx2w6Vcl6sm0icU"},"_chains":{"BWZ1qlUfulrhpEUbEodo87XNtfLUEhaQhZ+NkB0Ed5ty":{"chainKey":{"counter":5,"key":"r7D45uGJ257b771t8JiyIwpQw+3OIMPizhKT5N+1jgY="},"chainType":2,"messageKeys":{}},"BZ9EeEITj9aeNEGqgytfOExU74gauLnnpwSKQ83NNzQ8":{"chainKey":{"counter":-1,"key":"BhoBei6mpO6m8tf7R+6i2W+QkY5s3Tl0NsUoN+Ih1bo="},"chainType":1,"messageKeys":{}}}}},"version":"v1"}