{"_sessions":{"Bb7vRyJljkj1ezC/VxhPkUtLiGkUFV7Q6DKbd/ot5CBM":{"registrationId":739603401,"currentRatchet":{"ephemeralKeyPair":{"pubKey":"BWAvg40yilApGfOg5k7jpiW1CuUnJNLkSubfQymZW1k3","privKey":"OHtesJzfcCD15WGvwApltFZajvenZQ4Bd4vU3sL7ZGU="},"lastRemoteEphemeralKey":"BffOrRd+qVABwHy6h3txsDaqMQqMyoz1L3PHAbA3XJ5d","previousCounter":0,"rootKey":"4HaGRfMrwxDqNfaDtMfvo8RArDKcP/nXd5N3TI1omVE="},"indexInfo":{"baseKey":"Bb7vRyJljkj1ezC/VxhPkUtLiGkUFV7Q6DKbd/ot5CBM","baseKeyType":1,"closed":-1,"used":1708235711428,"created":1708235711428,"remoteIdentityKey":"BduUurXLMzS0NG/+OeIWXiz4KJNTFCDgUnRgjG4LMShR"},"_chains":{"BWAvg40yilApGfOg5k7jpiW1CuUnJNLkSubfQymZW1k3":{"chainKey":{"counter":1,"key":"wiSz7cbGcH5ZUZgrGJ6ekNG/P1wPdInRo6m9M9kMoco="},"chainType":1,"messageKeys":{}}},"pendingPreKey":{"signedKeyId":0,"baseKey":"Bb7vRyJljkj1ezC/VxhPkUtLiGkUFV7Q6DKbd/ot5CBM","preKeyId":2200104}}},"version":"v1"}