{"_sessions":{"BdxmK9Tg53CSR5i2CdQPVwHIX0eLM5XEO/yubnIP1YQf":{"registrationId":1498533380,"currentRatchet":{"ephemeralKeyPair":{"pubKey":"BSJ2+I+ETXpN2imBGeDUsDtoXECh9KDNnTBUGhjQPRQl","privKey":"+KUPUg0zY8H/seyHOq6hX6S172+M4ll6NMqgKoxb+X0="},"lastRemoteEphemeralKey":"BRpLTDae4OH48PwO46KArQdYCiJJ0kpGvIW6E2/g4EEp","previousCounter":0,"rootKey":"SWUQ/VYanE/lQSrTYCkbq6g0NFqloqfItsSEjUpnsqU="},"indexInfo":{"baseKey":"BdxmK9Tg53CSR5i2CdQPVwHIX0eLM5XEO/yubnIP1YQf","baseKeyType":1,"closed":-1,"used":1708235712301,"created":1708235712301,"remoteIdentityKey":"BfBT9eQE5XuGNC42eZ6+UTI4/psLnYRiF5sLTEo6Ao8G"},"_chains":{"BSJ2+I+ETXpN2imBGeDUsDtoXECh9KDNnTBUGhjQPRQl":{"chainKey":{"counter":1,"key":"YnO0a8Xw8eOYLR/Kz25/7HM79k+JwrOzt3Ai8H1G30c="},"chainType":1,"messageKeys":{}}},"pendingPreKey":{"signedKeyId":2,"baseKey":"BdxmK9Tg53CSR5i2CdQPVwHIX0eLM5XEO/yubnIP1YQf","preKeyId":8247203}}},"version":"v1"}