{"_sessions":{"Bd7MDERouKDxCk3hNPN+HDKPhTpew4hvunH7uvX4hEZC":{"registrationId":1852818182,"currentRatchet":{"ephemeralKeyPair":{"pubKey":"BcICcK3+Q/a5jx8JpnoS7meQYPanQJdFsPeifbHQfs1u","privKey":"mD7FJ9PdzG89pqTNxnlEY1zA1lzFiL+pR39Fi08EDXE="},"lastRemoteEphemeralKey":"BZDnuD0bLcjJpqiZQAq7wO8XKHiEPvj9Wg7f88W//C81","previousCounter":1,"rootKey":"daPvi+ZtG6XgLzGFUJePgBJDtBeX5XZKkoJDvOMePuk="},"indexInfo":{"baseKey":"Bd7MDERouKDxCk3hNPN+HDKPhTpew4hvunH7uvX4hEZC","baseKeyType":2,"closed":-1,"used":1708278354155,"created":1708277311213,"remoteIdentityKey":"BTAaIwTzE9j82kSxdcu1Nw/kQFZau/0D0ZSMUtnSW2I3"},"_chains":{"BRUg0LhdIIHMvhm+0MJK9sriN/MuFbHEX3ijJ33N+MAa":{"chainKey":{"counter":2},"chainType":2,"messageKeys":{}},"BW3mASx10EK7mnvUceTrF9p919O/3gusV3eQkP6gLM1V":{"chainKey":{"counter":0},"chainType":2,"messageKeys":{}},"BY/jEE9y49aExT9JU5PJQHWKV2rrU5hPT+4TbZKdELY7":{"chainKey":{"counter":0},"chainType":2,"messageKeys":{}},"BYTCIiyTdmyegOCwzzDZ0HDQkYgTbmTeIVZgJJHU2cA6":{"chainKey":{"counter":0},"chainType":2,"messageKeys":{}},"BUHPsuP2F1MO0vPOICNIUBNCXDC4eWDVZQgiVqjhbcVe":{"chainKey":{"counter":0},"chainType":2,"messageKeys":{}},"BeboAzOn5TyQjaEq/doLJ/p2UyBWJLtuenPiT7VKEpxS":{"chainKey":{"counter":0},"chainType":2,"messageKeys":{}},"BSymRvsP1812PWX8IxuljqrmQLwPnyO34tsQ0aQB7iA5":{"chainKey":{"counter":0},"chainType":2,"messageKeys":{}},"BZpmLgVQ5Xnm8AoikzMfoIDFCN0Kx8RBx2FIx8hjTyYh":{"chainKey":{"counter":1},"chainType":2,"messageKeys":{}},"BY42iXN+7DkvIKqh2UjvHQYqs/6IG3OAKMngQvuYpNx7":{"chainKey":{"counter":0},"chainType":2,"messageKeys":{}},"Bf1A+V4Ylv/B//Ndib7C+CuCK0Q2cos+BUY4CyzXeEls":{"chainKey":{"counter":0},"chainType":2,"messageKeys":{}},"BVtdQJJNPyB5+8GZfjvHdYONwt0GGuqoD7bfpA+HWY5R":{"chainKey":{"counter":1},"chainType":2,"messageKeys":{}},"BYUTDBty+T0yxM3xFl24JNyVC7Y5aq23AXFkMADUQtBd":{"chainKey":{"counter":0},"chainType":2,"messageKeys":{}},"BYF2y3KPD+IIRYTuSpKB1Kr7/wfWQRuvokefyLJZ+BBT":{"chainKey":{"counter":0},"chainType":2,"messageKeys":{}},"BbJjvoTNo6/cqUSxtXClJ2YqqvYpQqKuT0zydgxzC+k3":{"chainKey":{"counter":0},"chainType":2,"messageKeys":{}},"BXldxVh9YWhXPFRnre8r4IO1gsPnA0P63YaPiXDnzyN5":{"chainKey":{"counter":0},"chainType":2,"messageKeys":{}},"BZDnuD0bLcjJpqiZQAq7wO8XKHiEPvj9Wg7f88W//C81":{"chainKey":{"counter":0,"key":"B05F5S5R+hF4adNyze28NNGUA0RlCtGXzj7ZJjCUwg0="},"chainType":2,"messageKeys":{}},"BcICcK3+Q/a5jx8JpnoS7meQYPanQJdFsPeifbHQfs1u":{"chainKey":{"counter":0,"key":"gAbOH48v53T8cb54Tnp0kdkEIW1f9gOaIgqfIgXaF7U="},"chainType":1,"messageKeys":{}}}}},"version":"v1"}