{"_sessions":{"BUF0ccu5oT+YnzEiLfWkAq9IyjhyOnBQV0E1QYnXjIcC":{"registrationId":37986491,"currentRatchet":{"ephemeralKeyPair":{"pubKey":"BYFIVau4sHtA1c21jYc8LCC3s4fd+HUYLO4Q6RO4Zjcu","privKey":"QOzTKy6UXTTzXZQNrivQu0R5vVgekPytDfKEZmcIOnY="},"lastRemoteEphemeralKey":"BeojsqbuxAJO4Hk+k/YjyWVFtltF7x583awN4OmWQr9F","previousCounter":0,"rootKey":"To5XmCe8B5ad2vU6ZqJFZQQL18ggzmicNhhlZRMZ1MA="},"indexInfo":{"baseKey":"BUF0ccu5oT+YnzEiLfWkAq9IyjhyOnBQV0E1QYnXjIcC","baseKeyType":1,"closed":-1,"used":1708235710742,"created":1708235710742,"remoteIdentityKey":"BSkoVlsJTzzt/KZ7XvWZSptlZHgdlBkdeeL/PwxvjRhJ"},"_chains":{"BYFIVau4sHtA1c21jYc8LCC3s4fd+HUYLO4Q6RO4Zjcu":{"chainKey":{"counter":1,"key":"2ruZJoCWX7uM0aVGNeUF5WIHiJ78hOQlV48R+WJ3Lko="},"chainType":1,"messageKeys":{}}},"pendingPreKey":{"signedKeyId":1,"baseKey":"BUF0ccu5oT+YnzEiLfWkAq9IyjhyOnBQV0E1QYnXjIcC","preKeyId":10674176}}},"version":"v1"}