{"_sessions":{"BTr+Yy9VVXVoKNTvk7yTkEdK07npaphSidHDkLgL/Noy":{"registrationId":1835921115,"currentRatchet":{"ephemeralKeyPair":{"pubKey":"BWmiR+heIwd1gsqCB1ctZoKgWY/6l8iNMpE6mWoUunoh","privKey":"GN2RsNsrYa/KnA2YCUZLegipu+A50uqG6AWxBRtL6Hk="},"lastRemoteEphemeralKey":"Bd9LCwZXcalhmO4GC+6Hpfx+j26LvuV7AKgZI6yshrc2","previousCounter":0,"rootKey":"13K0Dg0fUKVrSHM9Z89HGlKVxEio15G95lc/O74fVO0="},"indexInfo":{"baseKey":"BTr+Yy9VVXVoKNTvk7yTkEdK07npaphSidHDkLgL/Noy","baseKeyType":2,"closed":-1,"used":1708277273061,"created":1708277273061,"remoteIdentityKey":"BW4Glbk01DHLSXrvXvmbplOA6kL+tsDhv8EsJDQhbixT"},"_chains":{"Bd9LCwZXcalhmO4GC+6Hpfx+j26LvuV7AKgZI6yshrc2":{"chainKey":{"counter":3,"key":"xRlMOdXFvUaY44QApt5e3lKitywmF7c/z/NWqII9+UQ="},"chainType":2,"messageKeys":{}},"BWmiR+heIwd1gsqCB1ctZoKgWY/6l8iNMpE6mWoUunoh":{"chainKey":{"counter":-1,"key":"3+VxEg8rSqrN7OH28svj8F9KZ+Ipe0pzoVGbjmCvzNc="},"chainType":1,"messageKeys":{}}}}},"version":"v1"}