{"_sessions":{"BQ3M837OxXjkgZ+B33lEC4qB6BY1eUhQ9C8sCD6jv9FT":{"registrationId":1096814824,"currentRatchet":{"ephemeralKeyPair":{"pubKey":"BVXzK9xuIh2kJVEtdXBm8y+XprSNijS83UtGMs0e3N9H","privKey":"eGQlJWcCCwVRyRmcfMvS3/AhBKrsG/rCxjZ6SXnmY0Y="},"lastRemoteEphemeralKey":"BW4YvpUStdFh+q16mQZCDDHc/huEstGN6sKxlH54biMA","previousCounter":0,"rootKey":"QWEOv1jKGdeQllm0Yxz+ogyhhXJSfyjboq5fXoqLoDs="},"indexInfo":{"baseKey":"BQ3M837OxXjkgZ+B33lEC4qB6BY1eUhQ9C8sCD6jv9FT","baseKeyType":1,"closed":-1,"used":1708235708640,"created":1708235708640,"remoteIdentityKey":"BY5OPCNuyOnzUb8tNTQee1t38R9Q3fh8Kn9dPqO+GdNg"},"_chains":{"BVXzK9xuIh2kJVEtdXBm8y+XprSNijS83UtGMs0e3N9H":{"chainKey":{"counter":1,"key":"etvdku/F2wE4Ry322Csnk4y+ESRhpCm8hl4++KAHJWM="},"chainType":1,"messageKeys":{}}},"pendingPreKey":{"signedKeyId":0,"baseKey":"BQ3M837OxXjkgZ+B33lEC4qB6BY1eUhQ9C8sCD6jv9FT"}}},"version":"v1"}