{"_sessions":{"BbRUeZv/h3jlrP3y8V6xDDBg/lbM3xuSOsOO4isbggMl":{"registrationId":1533806521,"currentRatchet":{"ephemeralKeyPair":{"pubKey":"BVW1GFdONXa/UtGyL5BfP5nfX2XSkTGPUEs0AkXbm4IY","privKey":"2LKlJzy5G7Ps0jtfSVAogcVTyFdbbZtns8eiModEpWk="},"lastRemoteEphemeralKey":"BepAHYUx1sTF0quFuztzgJtTlOBxa/1g9RYmP9whaeBO","previousCounter":0,"rootKey":"ASNEQQXV7qkr/MP//pIKpqBkUaZAD8Uv39VIwP6a0S4="},"indexInfo":{"baseKey":"BbRUeZv/h3jlrP3y8V6xDDBg/lbM3xuSOsOO4isbggMl","baseKeyType":1,"closed":-1,"used":1708235710064,"created":1708235710064,"remoteIdentityKey":"BQXruDT83pMS8LvKlf2yd8NQouitIuhGcOAV1pzetqMW"},"_chains":{"BVW1GFdONXa/UtGyL5BfP5nfX2XSkTGPUEs0AkXbm4IY":{"chainKey":{"counter":1,"key":"2BQfNIts1zCujPxeyW8z2tYom6CelPPF8p055TAi3Cw="},"chainType":1,"messageKeys":{}}},"pendingPreKey":{"signedKeyId":1,"baseKey":"BbRUeZv/h3jlrP3y8V6xDDBg/lbM3xuSOsOO4isbggMl"}}},"version":"v1"}