{"_sessions":{"BY89MmjynRYut6WnTjyJ7fpPUIA9tXq9mX4UzUtMAHYB":{"registrationId":930658836,"currentRatchet":{"ephemeralKeyPair":{"pubKey":"BcWvTHpRlqroujXaifeCklGxlJrppDnctTsFv8VWbaAT","privKey":"eG3Wv4/bEvApjXPPlwOn3wYl4jAemREjU7eCLJk2PH8="},"lastRemoteEphemeralKey":"BYwddS5pYlv75vHIoWLH4ar/7dExkcr/QfCXFAfAN/km","previousCounter":0,"rootKey":"tzEk4CDAoimbNEB4t0n10wv+9khvAHivWTPTXN1D/WA="},"indexInfo":{"baseKey":"BY89MmjynRYut6WnTjyJ7fpPUIA9tXq9mX4UzUtMAHYB","baseKeyType":2,"closed":-1,"used":1708277282891,"created":1708277282891,"remoteIdentityKey":"BUqhdhdwQ+HC2DAvQpTuN3gIkSyJENaZhU3M954LS8g5"},"_chains":{"BYwddS5pYlv75vHIoWLH4ar/7dExkcr/QfCXFAfAN/km":{"chainKey":{"counter":1,"key":"mmh8eAeZ8NYRHrxq3GHta9TuQ+qlUeNpZ0OkeOs+sdo="},"chainType":2,"messageKeys":{}},"BcWvTHpRlqroujXaifeCklGxlJrppDnctTsFv8VWbaAT":{"chainKey":{"counter":-1,"key":"7pXaDEK1Nf1G/iKpjbRYTgNACkp0huH15pucDGxBOF8="},"chainType":1,"messageKeys":{}}}}},"version":"v1"}