{"_sessions":{"BXAIQgMGv7CJkniK7PlmoNkFXS4koMtiu29SbCZ3W4QV":{"registrationId":1767,"currentRatchet":{"ephemeralKeyPair":{"pubKey":"BYIkmTR7zrS/7yqpf4p9OjnH64i0QNF8AxJPKWAbPkRm","privKey":"oGVW6NeHPtuEi1k5CFdHu65P89aNWMFIS6JGJyu3ZlA="},"lastRemoteEphemeralKey":"BWPFnQGwgT6UZWMBL2d/4L3dpd6U3wPaH7AZAr/l2yVk","previousCounter":0,"rootKey":"FYDruK+fXfwPH2V5tGJ21XWSI+CPl+C0X8TyP3+uWUY="},"indexInfo":{"baseKey":"BXAIQgMGv7CJkniK7PlmoNkFXS4koMtiu29SbCZ3W4QV","baseKeyType":1,"closed":-1,"used":1708235708307,"created":1708235708307,"remoteIdentityKey":"BYPsmmFm6gAMeSf3/25uL9y7pPoeFrxPpIPXSI9Z/JFW"},"_chains":{"BYIkmTR7zrS/7yqpf4p9OjnH64i0QNF8AxJPKWAbPkRm":{"chainKey":{"counter":1,"key":"HcL/UDwtPO0T/c/3MZJLXQr66hcREk1Ay5onnZ6jC2A="},"chainType":1,"messageKeys":{}}},"pendingPreKey":{"signedKeyId":1,"baseKey":"BXAIQgMGv7CJkniK7PlmoNkFXS4koMtiu29SbCZ3W4QV","preKeyId":2297}}},"version":"v1"}