{"_sessions":{"BczosYKXxkKeAjGw6ROXokleX0au1/AQAeT9b27NAScy":{"registrationId":1195869282,"currentRatchet":{"ephemeralKeyPair":{"pubKey":"BQPXodBMimWd9K4Czbj/1b2jcRdGSAZxQ55khL7A6it/","privKey":"yDTAuzJ3CVUfwDnnvB69aGyokfFsjQ4+sXaUzMHHhno="},"lastRemoteEphemeralKey":"BTijJKj91g2phhzlchO7rfwIGi6cCTDLWZFGJ3EwDv4m","previousCounter":0,"rootKey":"H03Ugc23tpzCgAFTHoHbqR2X2JtGg3MIIpwKV++kDzM="},"indexInfo":{"baseKey":"BczosYKXxkKeAjGw6ROXokleX0au1/AQAeT9b27NAScy","baseKeyType":2,"closed":-1,"used":1708277887624,"created":1708277887624,"remoteIdentityKey":"BZGYTsN7LXB+ANsbXybYjF59j94iSqj71K2EBREZ3yQp"},"_chains":{"BTijJKj91g2phhzlchO7rfwIGi6cCTDLWZFGJ3EwDv4m":{"chainKey":{"counter":11,"key":"yfMo17Cy0CGRArSF8K6ykArxhYikbjNABF5LCD13LuA="},"chainType":2,"messageKeys":{}},"BQPXodBMimWd9K4Czbj/1b2jcRdGSAZxQ55khL7A6it/":{"chainKey":{"counter":-1,"key":"ESSb3FfaLqd0npB2fjGxMrbt7N50zlqBBhdkYGzLMgM="},"chainType":1,"messageKeys":{}}}}},"version":"v1"}