{"_sessions":{"Bf0FOwEU764mxzXsK7b/te0LSooICN3D5ATYKSsIV40h":{"registrationId":1339867866,"currentRatchet":{"ephemeralKeyPair":{"pubKey":"BdiHOJi9E8nohwlsnjBO9dccwWfsoFz+ALYsALiPOl4m","privKey":"QBd2na52l12CdWEMnY2jDNOejx3rlpamSjG8KLwS63U="},"lastRemoteEphemeralKey":"BTq/pDdVbXIvvaTRgPjelEkRDBQsF+fd451sn0a1rEln","previousCounter":0,"rootKey":"8oS8B6Yq7ncYixxQDwX/iZDwmaLXx4tvOts1f15ZC58="},"indexInfo":{"baseKey":"Bf0FOwEU764mxzXsK7b/te0LSooICN3D5ATYKSsIV40h","baseKeyType":2,"closed":-1,"used":1708220044108,"created":1708220044108,"remoteIdentityKey":"BfzDSC/AkLuQOVNjAYUtkF9NMPR0vZMYj45aJ77/NoEU"},"_chains":{"BTq/pDdVbXIvvaTRgPjelEkRDBQsF+fd451sn0a1rEln":{"chainKey":{"counter":2,"key":"JV/bg10eGneEzaYYWmPJT8ODu4Nwe+fGMZICza6k/qE="},"chainType":2,"messageKeys":{}},"BdiHOJi9E8nohwlsnjBO9dccwWfsoFz+ALYsALiPOl4m":{"chainKey":{"counter":-1,"key":"WMbji7pQM7vNOxSHcdEMrK9clWqb7d9zLkqYWItNQYI="},"chainType":1,"messageKeys":{}}}}},"version":"v1"}