{"_sessions":{"BSZJMpoGw5m7qVOqQO2M3TOrIebzeBLAsZSvdiGZdWAN":{"registrationId":201198125,"currentRatchet":{"ephemeralKeyPair":{"pubKey":"BfCLHtlxgrb7Nt66ho76M5YBiVRQhHbHYdpde97dqvtu","privKey":"UECY5pz4maQiRRz5gOGTJwg58LIaoTY88fYLXR6WFUg="},"lastRemoteEphemeralKey":"BYVLFjxozxUPfv9cfXfjQ5/0tkPGaxi0E7v0mngPRgdP","previousCounter":0,"rootKey":"qtoScNAq8aAuq0Yk0yKTWvHC46vOWsK8CUaAMNoE4gg="},"indexInfo":{"baseKey":"BSZJMpoGw5m7qVOqQO2M3TOrIebzeBLAsZSvdiGZdWAN","baseKeyType":1,"closed":-1,"used":1708235711544,"created":1708235711544,"remoteIdentityKey":"BXqud1pqv48zf1S5cOhsQbu7X90WsxzevIb6a0BLNDpj"},"_chains":{"BfCLHtlxgrb7Nt66ho76M5YBiVRQhHbHYdpde97dqvtu":{"chainKey":{"counter":1,"key":"+8/tPOvhR+IIi5H3yYavOWW8RJX8R3XunYlSZF0DncA="},"chainType":1,"messageKeys":{}}},"pendingPreKey":{"signedKeyId":2,"baseKey":"BSZJMpoGw5m7qVOqQO2M3TOrIebzeBLAsZSvdiGZdWAN","preKeyId":8658999}}},"version":"v1"}