{"_sessions":{"BVLwiqCgGktSMYgimKMX0WYQ0B1OFG7/5L0TB+McfuVY":{"registrationId":1347738562,"currentRatchet":{"ephemeralKeyPair":{"pubKey":"BdMmCOMgACZqCoySpEqztoqdppwxscHCHWhzV8FdHlNP","privKey":"+HP09Ita5gSYSpx/iB8fF6qWv4fS9WomyM65ba55u28="},"lastRemoteEphemeralKey":"BVzH5z8ygmvss5yN2HVPGfNn2uQE0kKATRIOGCD14idW","previousCounter":0,"rootKey":"ZlH3Gd2X8kqel5AOhhEEmlN9MpTOWv+qi1KgRTROibE="},"indexInfo":{"baseKey":"BVLwiqCgGktSMYgimKMX0WYQ0B1OFG7/5L0TB+McfuVY","baseKeyType":1,"closed":-1,"used":1708235710477,"created":1708235710477,"remoteIdentityKey":"BTKM0Hxf3w2v26Px+ioaU1c9wr/sUC2gcI1M0KyGxiFf"},"_chains":{"BdMmCOMgACZqCoySpEqztoqdppwxscHCHWhzV8FdHlNP":{"chainKey":{"counter":1,"key":"kAeO1BF58P1SVle3fyYSppYLXWuhaF3GrNjjeA2wIzY="},"chainType":1,"messageKeys":{}}},"pendingPreKey":{"signedKeyId":10,"baseKey":"BVLwiqCgGktSMYgimKMX0WYQ0B1OFG7/5L0TB+McfuVY"}}},"version":"v1"}