{"_sessions":{"BWyQiFtAJJS+1azWqxMUqcDxSvCsS2RpNDWxGzf2h2du":{"registrationId":1097446188,"currentRatchet":{"ephemeralKeyPair":{"pubKey":"BeakgTqSlGPiNsamxpp54k8332G9RpUQ4sMJW61lW0MS","privKey":"kPoEiWQQxAPj3m/n+xN6Gwl4KFDcxM8HUOgHyJBtbUU="},"lastRemoteEphemeralKey":"BZMj5MAvbYEaS6rhV1h6kHKEnDF1jZdzDQtsgtGosz1Z","previousCounter":0,"rootKey":"aDuQxikYREch3xAfJW578JkhbwFh4gUnlLxUrVgvAes="},"indexInfo":{"baseKey":"BWyQiFtAJJS+1azWqxMUqcDxSvCsS2RpNDWxGzf2h2du","baseKeyType":1,"closed":-1,"used":1708235710019,"created":1708235710019,"remoteIdentityKey":"Ba32XGNEF4i0q9Rfl/JRB5SCwfJDAn8pFbzv8bqcZQk9"},"_chains":{"BeakgTqSlGPiNsamxpp54k8332G9RpUQ4sMJW61lW0MS":{"chainKey":{"counter":1,"key":"Arm76CjL4JXjmjIgxtLXV3al9yX8Ie0AiwJfIjcBNPQ="},"chainType":1,"messageKeys":{}}},"pendingPreKey":{"signedKeyId":8930564,"baseKey":"BWyQiFtAJJS+1azWqxMUqcDxSvCsS2RpNDWxGzf2h2du"}}},"version":"v1"}