{"_sessions":{"Bc0bNAG/zRjCVw63o49jaXMBsmZAFCan0WanAYAGvZgX":{"registrationId":549339634,"currentRatchet":{"ephemeralKeyPair":{"pubKey":"BTs0EbMBPnlMwy1QGHG0FE/WJYr+gfE/72jdJ7ahUuQJ","privKey":"MNjytxJ/+vwXb5hq4+ZhYl7cdkf+fnvm0aZnBKXsQEE="},"lastRemoteEphemeralKey":"BTP6T68XwHbNdQR00Duy3h8YD0JW3z0SKHDQQ/dhg+Y4","previousCounter":0,"rootKey":"GFCcQpGPBDHXePwrjEfheRl235j/A7dLXQeuddLUquc="},"indexInfo":{"baseKey":"Bc0bNAG/zRjCVw63o49jaXMBsmZAFCan0WanAYAGvZgX","baseKeyType":1,"closed":-1,"used":1708235711773,"created":1708235711773,"remoteIdentityKey":"BaSx4hBuJ69Ri/3g6Sdnk+yAViJWLSyuHstZd1Kxfdc4"},"_chains":{"BTs0EbMBPnlMwy1QGHG0FE/WJYr+gfE/72jdJ7ahUuQJ":{"chainKey":{"counter":1,"key":"hysFJgqCu33K4j6y0UtiQtpggdify7OwhxYJTh4CqyQ="},"chainType":1,"messageKeys":{}}},"pendingPreKey":{"signedKeyId":3,"baseKey":"Bc0bNAG/zRjCVw63o49jaXMBsmZAFCan0WanAYAGvZgX","preKeyId":4916494}}},"version":"v1"}