{"_sessions":{"BfzRL6e75rDTRMU1NNuhpVYwiuJs2NfDPJCYzKPiLoQ8":{"registrationId":1729926983,"currentRatchet":{"ephemeralKeyPair":{"pubKey":"BQneeSv8tLz5td3IJDmUdgzuGcNLStPbZViZY+NMasNz","privKey":"aPQ2opNwKW8KRX1sRTUQgu5huEej/FHGre6X5oEaBEA="},"lastRemoteEphemeralKey":"BU84BDYWvHl9iNFSbVBA+wIRRcD6bsHg3CX8FEWRUqVM","previousCounter":0,"rootKey":"R+6aONk65BD+qq/YIFcZl8jdjGkcCkAhusJdtqtMxRY="},"indexInfo":{"baseKey":"BfzRL6e75rDTRMU1NNuhpVYwiuJs2NfDPJCYzKPiLoQ8","baseKeyType":1,"closed":-1,"used":1708235712448,"created":1708235712448,"remoteIdentityKey":"Be/6n95Syn8cSDS1iQLo6aW6cZlOlFILwv6c3uyMOT4S"},"_chains":{"BQneeSv8tLz5td3IJDmUdgzuGcNLStPbZViZY+NMasNz":{"chainKey":{"counter":1,"key":"RSGSlWm6yp35x4AR3CYCQfT9H2bCA8tTK2ma3GuDMAY="},"chainType":1,"messageKeys":{}}},"pendingPreKey":{"signedKeyId":1,"baseKey":"BfzRL6e75rDTRMU1NNuhpVYwiuJs2NfDPJCYzKPiLoQ8","preKeyId":12011883}}},"version":"v1"}