{"_sessions":{"BYvABTp3KwT+I7WYbCXjX6BzCPlz7UU0c/b/TIeHCasx":{"registrationId":514117863,"currentRatchet":{"ephemeralKeyPair":{"pubKey":"BRtGxFSLLnbMBUFdSEFDzXC30x1QbXJ6Uo9CW2Y8l8AX","privKey":"kE16C8UiquX4QJCd3LN8Sg80eBQbMS249FZXa5okO2Y="},"lastRemoteEphemeralKey":"BQKXlTuWFz3Mh3ajEmmgCCdo+MTSWPZTvTEnY+5SuosY","previousCounter":0,"rootKey":"6c21bqsiWCMQTcTpgkoqXFzu5x7QTqp8hxBP7E+8Z/o="},"indexInfo":{"baseKey":"BYvABTp3KwT+I7WYbCXjX6BzCPlz7UU0c/b/TIeHCasx","baseKeyType":1,"closed":-1,"used":1708235711661,"created":1708235711661,"remoteIdentityKey":"BZs7uCv/blhcBhp/pS3O1Es+c9bNy+Iv2FEGjyUmL1IE"},"_chains":{"BRtGxFSLLnbMBUFdSEFDzXC30x1QbXJ6Uo9CW2Y8l8AX":{"chainKey":{"counter":1,"key":"PRSHx/6H3O2DaK/YinKKdbtOaBTnn0H05v/yHWhek9U="},"chainType":1,"messageKeys":{}}},"pendingPreKey":{"signedKeyId":0,"baseKey":"BYvABTp3KwT+I7WYbCXjX6BzCPlz7UU0c/b/TIeHCasx","preKeyId":8401665}}},"version":"v1"}