{"_sessions":{"BcoLVf4BNb+M+A+O8LSak+rJjfKhAlDZAQRaS9A2nHZP":{"registrationId":1126278405,"currentRatchet":{"ephemeralKeyPair":{"pubKey":"BZaChrF+3wOqui8ki2tXTMLBoEWNizDBu0gO1irE24hm","privKey":"yKgec6g2zxnu6CvoS12vc4sfu8VEpBR9GCF//9BhfFc="},"lastRemoteEphemeralKey":"BeYZDtltxoscPvXnkFRCiVGesgWzg0OsLg4KLLbEZzgV","previousCounter":0,"rootKey":"RxH9+nifzCweQvqA6HWoaFa8dsLjS5b+gyvLNavemDY="},"indexInfo":{"baseKey":"BcoLVf4BNb+M+A+O8LSak+rJjfKhAlDZAQRaS9A2nHZP","baseKeyType":2,"closed":-1,"used":1708277498638,"created":1708277498638,"remoteIdentityKey":"Bbg6wO9FIs9mLuQbpWbIWrYEU3JeQa7OQVZ0P5asaEt8"},"_chains":{"BeYZDtltxoscPvXnkFRCiVGesgWzg0OsLg4KLLbEZzgV":{"chainKey":{"counter":4,"key":"Hlk246uogqshw0UwfQ7SW1PNxFl4JnQW+S9QExEVbK0="},"chainType":2,"messageKeys":{}},"BZaChrF+3wOqui8ki2tXTMLBoEWNizDBu0gO1irE24hm":{"chainKey":{"counter":-1,"key":"yjGQ5F8ymOHq4OWcFMhK5QPgZlOVWo9JN017Az9Jjes="},"chainType":1,"messageKeys":{}}}}},"version":"v1"}