{"_sessions":{"BXDOoL05AX30gDCP/Eqg4s4lN1KjMzWrVQ8kBqHWEbUt":{"registrationId":1641545198,"currentRatchet":{"ephemeralKeyPair":{"pubKey":"Bf8n/68yFLfKtbTMwXp9m4BDDmzNdPlRhcVgRnIAbUsR","privKey":"sITr+Tz7QpuAehCGSWv9xEkPrco6m42mOI2AMScNv3Q="},"lastRemoteEphemeralKey":"BWY2WHE6F0GjmkEbiY70YKOTBBwtR9Vxa5R24NfNOsUh","previousCounter":0,"rootKey":"TT4C0YYHwmVzzIThiYvQ03BeTGxxDKknwuF1GYIfLwA="},"indexInfo":{"baseKey":"BXDOoL05AX30gDCP/Eqg4s4lN1KjMzWrVQ8kBqHWEbUt","baseKeyType":2,"closed":-1,"used":1708222458485,"created":1708222458485,"remoteIdentityKey":"BZSHZDXtSo9y6cRbjOShSquLtB2brepEvYvD18gsEZkP"},"_chains":{"BWY2WHE6F0GjmkEbiY70YKOTBBwtR9Vxa5R24NfNOsUh":{"chainKey":{"counter":2,"key":"nJWsVE/itqOL9iIBczT7X5GV2w3lFLp+sW/fQhnQK1I="},"chainType":2,"messageKeys":{}},"Bf8n/68yFLfKtbTMwXp9m4BDDmzNdPlRhcVgRnIAbUsR":{"chainKey":{"counter":-1,"key":"r8Xdab+QfIJNCzvFNAGlfy5vxVIL6LD90bhdbDbUb2s="},"chainType":1,"messageKeys":{}}}}},"version":"v1"}