{"_sessions":{"Bb0kxu6H7SROUWx++TPHCS64UvuVGfdAx1WVinWiVWIG":{"registrationId":1393613152,"currentRatchet":{"ephemeralKeyPair":{"pubKey":"BY7euXN2+XuL96qo4DmI9hHIT3Gi+RjsVmLFufRFw1kp","privKey":"MHVAoW4ItsMXIJtFBnsfP77o93Smyae68iEjC30eGXU="},"lastRemoteEphemeralKey":"BazoFLFwPeAXL6FN9GB2a2xzy6cnFRhha1WfG+Kxx2gB","previousCounter":0,"rootKey":"nIFQkQzgFeGyK5IGOJhHKcjy+Oip00x7jqKXJXJTrFI="},"indexInfo":{"baseKey":"Bb0kxu6H7SROUWx++TPHCS64UvuVGfdAx1WVinWiVWIG","baseKeyType":1,"closed":-1,"used":1708235710586,"created":1708235710586,"remoteIdentityKey":"BcMJ/qpvA4F839OApTvtcFti9EM6UuS3zZZwpcMeoepj"},"_chains":{"BY7euXN2+XuL96qo4DmI9hHIT3Gi+RjsVmLFufRFw1kp":{"chainKey":{"counter":1,"key":"C5fXzX1NHV10pQql2lWOskV8lxfHt9CjPyB6FWw+GkA="},"chainType":1,"messageKeys":{}}},"pendingPreKey":{"signedKeyId":6,"baseKey":"Bb0kxu6H7SROUWx++TPHCS64UvuVGfdAx1WVinWiVWIG","preKeyId":4535661}}},"version":"v1"}