{"_sessions":{"BU3vAlyIozmAjLe6/1ha+GctiQJeWn/hxEXWOOWKL8oa":{"registrationId":1143136762,"currentRatchet":{"ephemeralKeyPair":{"pubKey":"BZ2YyH++NssBunda7fi93USt8lMYAg8VITOzZF5cg1Jr","privKey":"aFUQPiAOZT8FlS1GPfNL1qBlxFVKf7uN4OLfauLFoF8="},"lastRemoteEphemeralKey":"Bf0XQXRMhMKuX2GLImOBIOvFyv5lJWVnek94ZR5MVE55","previousCounter":0,"rootKey":"UfVUca8YQlEXlXKejId+CwImBWAjUKSmiwyUKD/uieQ="},"indexInfo":{"baseKey":"BU3vAlyIozmAjLe6/1ha+GctiQJeWn/hxEXWOOWKL8oa","baseKeyType":2,"closed":-1,"used":1708277277382,"created":1708277277382,"remoteIdentityKey":"Bedv5ZDQAUshBdiLMG6YqdBIeZcWYXzyNnC+w4CubqUr"},"_chains":{"Bf0XQXRMhMKuX2GLImOBIOvFyv5lJWVnek94ZR5MVE55":{"chainKey":{"counter":0,"key":"9X7VbuedlWQyLtmrHEh2pQ5A2ppG+QdSOinK4hp9or0="},"chainType":2,"messageKeys":{}},"BZ2YyH++NssBunda7fi93USt8lMYAg8VITOzZF5cg1Jr":{"chainKey":{"counter":-1,"key":"BgsKDh7O6XUgHE/rSrbseNITlrBAq1/SyyYvWmbwyAo="},"chainType":1,"messageKeys":{}}}}},"version":"v1"}