{"_sessions":{"BfPWR3roA5BWTdhvVO5pkyW4qGfXbti21PgHUWdWqqg+":{"registrationId":122799197,"currentRatchet":{"ephemeralKeyPair":{"pubKey":"BQL4ybjWmliEBNZ8N4U9+htFXCetydN4JGGDA9xfZ3gh","privKey":"IFjU4D84QuR3hK6CvIcANYc9vVWi486YzcnH3jjgY3g="},"lastRemoteEphemeralKey":"BRa9DvTty7STquzb3+i7Lc79lEL4it7yLh5A/61eMWYw","previousCounter":0,"rootKey":"zuHFrXk/FKjCoq/xtMddifCgfHqG/Rgpv2P4oezrT0Q="},"indexInfo":{"baseKey":"BfPWR3roA5BWTdhvVO5pkyW4qGfXbti21PgHUWdWqqg+","baseKeyType":1,"closed":-1,"used":1708235712844,"created":1708235712844,"remoteIdentityKey":"BdHpBWuWQCPI/xCTu9gZ7/Xpk3VRzRhFR5oIJp4nC0RB"},"_chains":{"BQL4ybjWmliEBNZ8N4U9+htFXCetydN4JGGDA9xfZ3gh":{"chainKey":{"counter":1,"key":"392phFIDDhhWacFwa9j73TltuN6dARPt1xQVwgXxrz4="},"chainType":1,"messageKeys":{}}},"pendingPreKey":{"signedKeyId":2,"baseKey":"BfPWR3roA5BWTdhvVO5pkyW4qGfXbti21PgHUWdWqqg+","preKeyId":3757304}}},"version":"v1"}