{"_sessions":{"BZ0+zck44Nlyejss7temzYI//uaxgObPsqkJE689sro5":{"registrationId":268063896,"currentRatchet":{"ephemeralKeyPair":{"pubKey":"BWjbIckv5/KNxmahhH+838dr58KGP+r33nLzkFg4MM9n","privKey":"QPTisJbpAabQMixiqj0IhTw5omlnrZj/9picw2InaEU="},"lastRemoteEphemeralKey":"BXgPcXZ0OUj8uFZNjbUwVxQ8PNr/hQyub25VaKiWWgBC","previousCounter":0,"rootKey":"hGr4sUWbK58ymvW3YcJ9MCxe1gndKDM/qtDmgwtZa+U="},"indexInfo":{"baseKey":"BZ0+zck44Nlyejss7temzYI//uaxgObPsqkJE689sro5","baseKeyType":2,"closed":-1,"used":1708230693696,"created":1708230693696,"remoteIdentityKey":"BaGIkqdHu0fuDprUAvr7cOnmPPUhY//M64D0Wf+kkGpk"},"_chains":{"BXgPcXZ0OUj8uFZNjbUwVxQ8PNr/hQyub25VaKiWWgBC":{"chainKey":{"counter":18,"key":"qroMCzG45EUHtdrB0PEZdmG5LGYs4LWfw+deVSEbG5g="},"chainType":2,"messageKeys":{}},"BWjbIckv5/KNxmahhH+838dr58KGP+r33nLzkFg4MM9n":{"chainKey":{"counter":-1,"key":"PbysTwoKUKesoYce1BC974kmZLmb0pKtzPtnzC9ivog="},"chainType":1,"messageKeys":{}}}}},"version":"v1"}