{"_sessions":{"BeeiE5OOD58DW/Vxl7YEQEFu7GqmnFJEPSumBvRAcTNH":{"registrationId":1280705556,"currentRatchet":{"ephemeralKeyPair":{"pubKey":"BXWsOWQ0T69zeF8YoEUZtXgVXHy97Ffkh1ZIBPiWdTso","privKey":"CI2QiOdVk9ez4ANrgsaCGGMX7eHR+EoOV7FkkSEn6F8="},"lastRemoteEphemeralKey":"Ba3houL1qWVvthT2XV8EgErOCVypb3fbryj2mU4/mXIz","previousCounter":0,"rootKey":"oBtBjETKFwoQGFlGDsUtYqB3YG7kZQOgjSSHM/SPtm8="},"indexInfo":{"baseKey":"BeeiE5OOD58DW/Vxl7YEQEFu7GqmnFJEPSumBvRAcTNH","baseKeyType":1,"closed":-1,"used":1708235708036,"created":1708235708036,"remoteIdentityKey":"BdIPGtyPXUukHhErHFBjLVmzBCnw287ekDHg/i5lb2NH"},"_chains":{"BXWsOWQ0T69zeF8YoEUZtXgVXHy97Ffkh1ZIBPiWdTso":{"chainKey":{"counter":1,"key":"FrZ9goYu3mzM8jk+BS3+2LuF+L0RmFusHTsbDWMDCtU="},"chainType":1,"messageKeys":{}}},"pendingPreKey":{"signedKeyId":0,"baseKey":"BeeiE5OOD58DW/Vxl7YEQEFu7GqmnFJEPSumBvRAcTNH"}}},"version":"v1"}