{"_sessions":{"BUENvU24yc6SZsGDoqA6NtS6Wza+Xuu5BWGxX/dFjl5C":{"registrationId":275768822,"currentRatchet":{"ephemeralKeyPair":{"pubKey":"BY1cxhJ3GaLyjtIG9HnlEONltwddJDdlSLCIj2LMHn4D","privKey":"6JOdmJqYSWbPoGUKO/taVe9c2iSqJFlaDQ9wsEdaGVk="},"lastRemoteEphemeralKey":"BbeAQX1RM7Z6jvjxVD/JfVo6q0hyKaqH7L9LHCOmgzl8","previousCounter":0,"rootKey":"9pZ6Ndw6aCtp74CiaXVerk/eLM7D8PRczGUe06axJLY="},"indexInfo":{"baseKey":"BUENvU24yc6SZsGDoqA6NtS6Wza+Xuu5BWGxX/dFjl5C","baseKeyType":2,"closed":-1,"used":1708284206791,"created":1708284206791,"remoteIdentityKey":"Ba+Ry6aKRdFiCif/TSCAiDa9qK3lTHkuOjrEdhAZ3EQ/"},"_chains":{"BbeAQX1RM7Z6jvjxVD/JfVo6q0hyKaqH7L9LHCOmgzl8":{"chainKey":{"counter":0,"key":"60RyimKA17e6uZ9r0s3CkzNlKmi4pnBMX69KBCQ8uBw="},"chainType":2,"messageKeys":{}},"BY1cxhJ3GaLyjtIG9HnlEONltwddJDdlSLCIj2LMHn4D":{"chainKey":{"counter":-1,"key":"X4guv4+9eeNv5Q+B/iJ//cdc7PZFIiQDOjHoWQeCkCM="},"chainType":1,"messageKeys":{}}}}},"version":"v1"}