{"_sessions":{"BVql1uwa64z3nNxaUo2G9nFFUBfAPUeIXci8FFgJpucu":{"registrationId":1084730001,"currentRatchet":{"ephemeralKeyPair":{"pubKey":"BYFB2PUhF7zQEijoALgICMeoHnSE32+fz5pjwCpWmDxk","privKey":"GBayOJkMFNlNsN3Bp7Y2YzDjPqIAC1QMt8fDgzY5zX4="},"lastRemoteEphemeralKey":"BfsrSNSjwuexU6D/06OKexCq4M82BFARw+bEixFpfo5k","previousCounter":0,"rootKey":"YCaF1NR8qCtfYAjSH2B/MuIqgAZeSHtXuaj0wEJMo54="},"indexInfo":{"baseKey":"BVql1uwa64z3nNxaUo2G9nFFUBfAPUeIXci8FFgJpucu","baseKeyType":2,"closed":-1,"used":1708284301587,"created":1708284301587,"remoteIdentityKey":"BQlyVzuun82aU5+JmhVDS9DAwx9SP2gZWuOa95ZSCS9y"},"_chains":{"BfsrSNSjwuexU6D/06OKexCq4M82BFARw+bEixFpfo5k":{"chainKey":{"counter":1,"key":"y6b37FeUL5E3bAsGbod3dJPieRyUUyM/O8AYIfQndSs="},"chainType":2,"messageKeys":{}},"BYFB2PUhF7zQEijoALgICMeoHnSE32+fz5pjwCpWmDxk":{"chainKey":{"counter":-1,"key":"aRhAfBznAYUfsyCFXNIBZRt05aVnkExYT3V7kY71gYc="},"chainType":1,"messageKeys":{}}}}},"version":"v1"}