{"_sessions":{"BfAg4qqBJV9Ayod3Be4FnCzH3WO1zDwC2nbbKl4VapJ7":{"registrationId":1150666272,"currentRatchet":{"ephemeralKeyPair":{"pubKey":"BVPkdRsBkXKC4+KRgWon7iIj1m+zXMoiVGguZsbwT4RV","privKey":"gPGIRaVdbAfpPtdEcWNiSuzfV1KkWiAbVhBimYr+glY="},"lastRemoteEphemeralKey":"BbBuOMrJi4FQzshZdtwaRFi8d+gCC7iQrkTH4jOLUNJK","previousCounter":0,"rootKey":"SpeU4dJ6U0YzkQSVHxv/HqPfM+UP2DjFg+P1eb2qbck="},"indexInfo":{"baseKey":"BfAg4qqBJV9Ayod3Be4FnCzH3WO1zDwC2nbbKl4VapJ7","baseKeyType":2,"closed":-1,"used":1708223845852,"created":1708223845852,"remoteIdentityKey":"BazGNkNa+179qrIUKVY/U2rs5czyi0hY4YRklVvk5dlZ"},"_chains":{"BbBuOMrJi4FQzshZdtwaRFi8d+gCC7iQrkTH4jOLUNJK":{"chainKey":{"counter":25,"key":"x6nqK3tf0aclVdQMKf6ZbkIJALHoy/oNB022/6pb80Y="},"chainType":2,"messageKeys":{"4":"+ThBg5zzhFYNL6hblEi43QCbJUjhqiiyMIWNV1KU4JY=","5":"JVDHA1hqZTVXtx6cYrHE7dGV/9VjPk6YTWk9tnHdICA=","13":"w2gQDBhe6YOaJZ8Wilw6fLsacyZNQ8GDWi9PuWJZv60=","14":"nBAwlCsqG6TOtROqnYJBfpA9z1j8WO9hzKxgddSmjqE=","15":"OrIqgE45S1CIogosuZodZgLxpU4yg+oxIqfxBDnAw5I=","16":"jQxtJeApTpnTubsH3jYQxIFkf0wIB8djJWV9c6xMF3M=","17":"vceKlgtsIe94tapM2yZVFy1oB9nz3fsui/nq42bkC3E=","18":"FpY2FnkYpH1ojcxv9mfq34gjOnjZyTqg7gvw59+lbBk=","19":"7JkaedtH/0s6yqCXvIEvlqMBb0dPwAegKFh6Wcyrfgk=","20":"mSbChjF/U6yru2TNtXQVFXs5U0NcUhoE8xesYbTZZEM=","21":"myF3jPrxt/SSkBZLdpEQAGKMPWV0bDVOakGkHlKPgwo=","22":"hPjZ3+jdsDx0LM21ZjVEEcvOhuzngpGJk+qlPcd293o=","23":"I/fUKm5XRyUpcKwtidlQ9bGnuYKgPlGLYePxUZipOFc=","24":"JxclYzCivkfl8Xo2qU3k/KHAECKvclY0J0jrQql2hVY="}},"BVPkdRsBkXKC4+KRgWon7iIj1m+zXMoiVGguZsbwT4RV":{"chainKey":{"counter":-1,"key":"zD5kfo5lHwJt4SXRFrYDej7DyUuORUOJF/rNteBWVvM="},"chainType":1,"messageKeys":{}}}}},"version":"v1"}