{"_sessions":{"BbbH1zG0FcFfa7VNVB0iE9pPCuOZ3izgP1HJWUeykBh/":{"registrationId":96438366,"currentRatchet":{"ephemeralKeyPair":{"pubKey":"BdZU40akL0LUpUw9UxI2iysOCV+1NPbq561bPYPUwGhp","privKey":"WJMNhwYtdWhG9Dbe07Bh51fWhBiLRId8vd3o3IfRsFE="},"lastRemoteEphemeralKey":"BanLgl5I6qNlFzY2c8hxJYl9caozqPOsoSx3f+wEOeED","previousCounter":0,"rootKey":"4LPgQQUE2BxRCA+m7qqU7MUKGX45qmn0CvcA8aHBqIc="},"indexInfo":{"baseKey":"BbbH1zG0FcFfa7VNVB0iE9pPCuOZ3izgP1HJWUeykBh/","baseKeyType":2,"closed":-1,"used":1708222463481,"created":1708222463481,"remoteIdentityKey":"BX9y/Pol9CEWRWTmDT5muxkqAMMtrHgGNHg/lhWysZ5k"},"_chains":{"BanLgl5I6qNlFzY2c8hxJYl9caozqPOsoSx3f+wEOeED":{"chainKey":{"counter":10,"key":"FREhrObr7CEabTxuCrTB3lrVm5TbSkLCh0eixakbeqs="},"chainType":2,"messageKeys":{"7":"XuleYxdxF4dKSNSHd7kkFugYlAaW/bWptvNAN+/MEok="}},"BdZU40akL0LUpUw9UxI2iysOCV+1NPbq561bPYPUwGhp":{"chainKey":{"counter":-1,"key":"0jig5SRWdxwxNBERWYedWxbwet1PjKDToWcbt7fB1bM="},"chainType":1,"messageKeys":{}}}}},"version":"v1"}