{"_sessions":{"BUiwAEON5b691Nil80GGXOOtdUd+YlvaZ1FEcFzL2gd6":{"registrationId":1407301389,"currentRatchet":{"ephemeralKeyPair":{"pubKey":"BSxTVIY59SoAX6AlNNFBp+3n36C9xvO+5BhKy9P53nk4","privKey":"sHLJPKJuiWL8R+iKiFklENQK8/73jwNz7RN7MUmqXUk="},"lastRemoteEphemeralKey":"BYuQ/cEYPp+p1fKDhMAfwjk1Hx8s65rt0SYVO25NamhI","previousCounter":0,"rootKey":"C0FqGmb75l14lTnc7MJAoOJYIRM0ilnYBvmBmE9A0jk="},"indexInfo":{"baseKey":"BUiwAEON5b691Nil80GGXOOtdUd+YlvaZ1FEcFzL2gd6","baseKeyType":1,"closed":-1,"used":1708235710434,"created":1708235710434,"remoteIdentityKey":"Bd4SkmZK4kNrnJ0ZOx+azqIP7ek0ugaaN2fTs5n8EpFK"},"_chains":{"BSxTVIY59SoAX6AlNNFBp+3n36C9xvO+5BhKy9P53nk4":{"chainKey":{"counter":1,"key":"eB3CjqjJMnE0oomYM6UFVmIZkiELYPv+pWVA7c/GNlo="},"chainType":1,"messageKeys":{}}},"pendingPreKey":{"signedKeyId":2,"baseKey":"BUiwAEON5b691Nil80GGXOOtdUd+YlvaZ1FEcFzL2gd6","preKeyId":11881757}}},"version":"v1"}