{"_sessions":{"BWlbnJiCQubati7M4xo0xCWTx+xjabpQW2JUSGNScLV9":{"registrationId":8939,"currentRatchet":{"ephemeralKeyPair":{"pubKey":"BTNXl526uHssNaSfNVNd//5xHIfINfRM2nBaD4tX1rIi","privKey":"ODl55kwQPSLgvuGrfCQ5K4E1NNs9hdPJgdJJvY2P2GA="},"lastRemoteEphemeralKey":"BeVbRFfAoHwvMvlegp3gKbthZRj+VsPNKMxFqAD5LdRL","previousCounter":0,"rootKey":"k2Cv+X2/YGgiD9mvDyO4R/FXVcbI4E48KwIbaPVBwdY="},"indexInfo":{"baseKey":"BWlbnJiCQubati7M4xo0xCWTx+xjabpQW2JUSGNScLV9","baseKeyType":1,"closed":-1,"used":1708235707691,"created":1708235707691,"remoteIdentityKey":"BePO4DTrS/FBO2VnIZxluXsE/A2e8/XxFNiKW4aUEeFa"},"_chains":{"BTNXl526uHssNaSfNVNd//5xHIfINfRM2nBaD4tX1rIi":{"chainKey":{"counter":1,"key":"E/DD7AcrTjumA6K5FJGrmpV71WZngAoYjgPSn4dbt/Q="},"chainType":1,"messageKeys":{}}},"pendingPreKey":{"signedKeyId":1,"baseKey":"BWlbnJiCQubati7M4xo0xCWTx+xjabpQW2JUSGNScLV9"}}},"version":"v1"}