{"_sessions":{"BTfyvYiJHS6rQFqbpovbM1NrIni38mNFpEDDfxhcTkVS":{"registrationId":1323997911,"currentRatchet":{"ephemeralKeyPair":{"pubKey":"BaiGQVti9RP+AvR8FAY9mxi66l/XbweyglTIMjx8RAYO","privKey":"CFNUFXY5UBbc/96Wl+KfuQE7Z0S0pBU++8IOla+ks3A="},"lastRemoteEphemeralKey":"BfswROx83vtmpjGax+vfBPo8jkbp3rCIF26P3++A42M7","previousCounter":0,"rootKey":"wbDzf3jVkfrWNhsvnddhqExcRGwWkbqLsFjJypkfGIE="},"indexInfo":{"baseKey":"BTfyvYiJHS6rQFqbpovbM1NrIni38mNFpEDDfxhcTkVS","baseKeyType":1,"closed":-1,"used":1708235712792,"created":1708235712792,"remoteIdentityKey":"BbVyjLI+6DXvdbjg/idn9IIGOCW9ORLM0aJBIQLYSQ9d"},"_chains":{"BaiGQVti9RP+AvR8FAY9mxi66l/XbweyglTIMjx8RAYO":{"chainKey":{"counter":1,"key":"uUplab5hCFSIUjrfp7BEnvo9J0O9EmZ3xRqcfSEkdkQ="},"chainType":1,"messageKeys":{}}},"pendingPreKey":{"signedKeyId":7,"baseKey":"BTfyvYiJHS6rQFqbpovbM1NrIni38mNFpEDDfxhcTkVS","preKeyId":11115303}}},"version":"v1"}