{"_sessions":{"BVp2zqGBMoWD2rz3g2EFF4ZtFcDK6sLTCP/t4oyxRwIo":{"registrationId":235445529,"currentRatchet":{"ephemeralKeyPair":{"pubKey":"BU6i7Jihc5ZgkyMRk4MvYd2WdzUt2o4AYhRSI5QlMN9/","privKey":"6PvTQo4LOSf0cYHu1uxJiCFYcN6+k/Ez2IMM4VU5ckg="},"lastRemoteEphemeralKey":"BVmVir6BiZEZvUZgeJJ0gwezeiiZYJISi8/rOPS8+BU5","previousCounter":0,"rootKey":"qv6BEWq+AoZSYdeJDljc4ahwFVgKt+3WIhL4HcUW6ck="},"indexInfo":{"baseKey":"BVp2zqGBMoWD2rz3g2EFF4ZtFcDK6sLTCP/t4oyxRwIo","baseKeyType":2,"closed":-1,"used":1708234391455,"created":1708234391455,"remoteIdentityKey":"BRb9lZ9RP5Mg7PpnVrEMSvU9bUDi3RueHr2k+RZy8NFR"},"_chains":{"BVmVir6BiZEZvUZgeJJ0gwezeiiZYJISi8/rOPS8+BU5":{"chainKey":{"counter":16,"key":"b0fIezbjuVAks9p3Y0HVZn63fFwasAfP/tstkdfk0ks="},"chainType":2,"messageKeys":{}},"BU6i7Jihc5ZgkyMRk4MvYd2WdzUt2o4AYhRSI5QlMN9/":{"chainKey":{"counter":-1,"key":"Zl5tSkUor53WTPy9jNelI8Dm7PbVpLnalVqXCytjjbA="},"chainType":1,"messageKeys":{}}}}},"version":"v1"}