{"_sessions":{"BblPW6IYm+s5aklquakuC+QvTcJTaX6gT2DzeZ7GcUgS":{"registrationId":2091433888,"currentRatchet":{"ephemeralKeyPair":{"pubKey":"BQ7QIXJNE4nYSMk4AuH+Gy26cCqpSezNT3OMhsdZQcQT","privKey":"cGrV6MnT8lEE2t+9qUU2hAwmWJFwow4dtDZ7odlhE38="},"lastRemoteEphemeralKey":"BfGqzgoPsMGuiw8u0esZk3Qg5UsZ6+9BlvB8rbyCvL9E","previousCounter":0,"rootKey":"MuHWNE5CCD+DnBxcJrJ/NN6QaqCeFMTRsL+2EtrWFtA="},"indexInfo":{"baseKey":"BblPW6IYm+s5aklquakuC+QvTcJTaX6gT2DzeZ7GcUgS","baseKeyType":1,"closed":-1,"used":1708235710837,"created":1708235710837,"remoteIdentityKey":"BW9y7wdqs0EQBeVf2OSw+Cenr7OtdSB47FXXx+QVFLg8"},"_chains":{"BQ7QIXJNE4nYSMk4AuH+Gy26cCqpSezNT3OMhsdZQcQT":{"chainKey":{"counter":1,"key":"d7uDLc9mgKnBklxBJD9JYAVakG+tdaln8Y4yg+wGtmE="},"chainType":1,"messageKeys":{}}},"pendingPreKey":{"signedKeyId":1,"baseKey":"BblPW6IYm+s5aklquakuC+QvTcJTaX6gT2DzeZ7GcUgS","preKeyId":3287234}}},"version":"v1"}