{"_sessions":{"BTfyc/sZ2WuYKdpk3oqdsbTpklwrC/ozvkre5UHEAosD":{"registrationId":285542370,"currentRatchet":{"ephemeralKeyPair":{"pubKey":"BWeeqD7w12lheMKHEKGVRz/H1nl4nqst6dbWq2oqbGZq","privKey":"2HKJoAFwMhuBphSYT5TinqfHxz+HuK0XsJJyPukS2X4="},"lastRemoteEphemeralKey":"BQTpvQbM99BmARDuoyN5Kr31M/FC25Kj9KmVQyn3cuF7","previousCounter":0,"rootKey":"+96O7XqCwps/1qSU+EEH8sN0X+gda+vjWyamxOOwDvE="},"indexInfo":{"baseKey":"BTfyc/sZ2WuYKdpk3oqdsbTpklwrC/ozvkre5UHEAosD","baseKeyType":2,"closed":1708277294148,"used":1708277288508,"created":1708277288508,"remoteIdentityKey":"BU0/vPLvfaRQ0E3rOYSq/tdGjOMuTn9Rjvk0ksfs6Isx"},"_chains":{"BQTpvQbM99BmARDuoyN5Kr31M/FC25Kj9KmVQyn3cuF7":{"chainKey":{"counter":0,"key":"goMEsOl5McymnKa4Tfy5sUJLZdkKayupZHBtj9vky7s="},"chainType":2,"messageKeys":{}},"BWeeqD7w12lheMKHEKGVRz/H1nl4nqst6dbWq2oqbGZq":{"chainKey":{"counter":-1,"key":"ZGbICu4O+40ujVTyLO33jORZzuA//5GSIYRfP8RJBdI="},"chainType":1,"messageKeys":{}}}},"BcGBjNzk9nm5YqMrIPpN/nmaldJ3IrIvw2JDaDYPU1xT":{"registrationId":1930959099,"currentRatchet":{"ephemeralKeyPair":{"pubKey":"BWvi4yYavb+io+uJptICO+otAI2v7So91VYCwvNHyOke","privKey":"kF3WUTZLkamezvNhjv7ooJbtCGu85pEMtGjZzxjXO3Y="},"lastRemoteEphemeralKey":"BTJA+oOYLMzRsysJ6F9nq/ybLJK99hGrg0CbvCEsiDQd","previousCounter":0,"rootKey":"6u0WrWrL4x4KR810lODtTd8pj+JZU/9q2MXl4t/JIc4="},"indexInfo":{"baseKey":"BcGBjNzk9nm5YqMrIPpN/nmaldJ3IrIvw2JDaDYPU1xT","baseKeyType":2,"closed":-1,"used":1708277294175,"created":1708277294175,"remoteIdentityKey":"BRQ0rrXQMSl+Mp8tvCLhiNUEWPzFPwBRAQ/5LLx+694R"},"_chains":{"BTJA+oOYLMzRsysJ6F9nq/ybLJK99hGrg0CbvCEsiDQd":{"chainKey":{"counter":6,"key":"RZlH1IlJAsHw8oqZFsaJyB63r0YhtpgpDR83KG2TLIU="},"chainType":2,"messageKeys":{}},"BWvi4yYavb+io+uJptICO+otAI2v7So91VYCwvNHyOke":{"chainKey":{"counter":-1,"key":"WZfYsR+XU6O5di7mFgWu7UD23SEUrkcS/Ca9PQPYufM="},"chainType":1,"messageKeys":{}}}}},"version":"v1"}