{"_sessions":{"Bf8Oh3VOJcU5kPALX1V+KMdcDC+FTDue5MmL7yuRrY84":{"registrationId":5746,"currentRatchet":{"ephemeralKeyPair":{"pubKey":"BYlQ+7DGvxVf79U1tKBGr6R1gApoYKLGW8GaIT21yvNh","privKey":"SLDzMBZkdYpn6tKCUo1UimpeYHlgcm4JEB+e8b97/GE="},"lastRemoteEphemeralKey":"BYvMu+POQrZyzbO/r6hOr5M8RkQz3F+aNET2vWhLYHAA","previousCounter":0,"rootKey":"v8TyQoE0+lz4b+ELhRyZYmhnhRWIVAEYmfJKHvdhGZw="},"indexInfo":{"baseKey":"Bf8Oh3VOJcU5kPALX1V+KMdcDC+FTDue5MmL7yuRrY84","baseKeyType":1,"closed":-1,"used":1708235708424,"created":1708235708424,"remoteIdentityKey":"BeARzLRD0HmR4IiCKLjbv7nG5uxHuth2YF+831C9BsgZ"},"_chains":{"BYlQ+7DGvxVf79U1tKBGr6R1gApoYKLGW8GaIT21yvNh":{"chainKey":{"counter":1,"key":"5hGyT9fc6El6SuxZ1t9aKrywUtCHiL9dhE3IHm3MRME="},"chainType":1,"messageKeys":{}}},"pendingPreKey":{"signedKeyId":2,"baseKey":"Bf8Oh3VOJcU5kPALX1V+KMdcDC+FTDue5MmL7yuRrY84","preKeyId":715}}},"version":"v1"}