{"_sessions":{"Bd07iK4rm/VY5HeAcES/lHn/BjSnDv8Tyr6RwYoj2bN/":{"registrationId":1575326338,"currentRatchet":{"ephemeralKeyPair":{"pubKey":"BYWSPe8nfGcg/2sA4ooktMwhZROeBfNP+rqUJC0OxqIf","privKey":"WOHC3atVue1SL/H9oBTZXkI8eBlpCml51ytzXllWj2w="},"lastRemoteEphemeralKey":"BVKHzme3nb/cPIWpnTUiAKpkkNbptXHVGkTPm6Hr9R1B","previousCounter":0,"rootKey":"mCW2Ibe/GLnJma2o0PDt9Esxm41Qkdx0t7D5aHizqq8="},"indexInfo":{"baseKey":"Bd07iK4rm/VY5HeAcES/lHn/BjSnDv8Tyr6RwYoj2bN/","baseKeyType":1,"closed":-1,"used":1708235709181,"created":1708235709181,"remoteIdentityKey":"BT9JuxaYj2yKGvVjFrSqUKc52Tpjl+qrOE9WTKYSVzhE"},"_chains":{"BYWSPe8nfGcg/2sA4ooktMwhZROeBfNP+rqUJC0OxqIf":{"chainKey":{"counter":1,"key":"BX3+LoeZpgE6uCvk8rOldBZyo4DWD9zIL53webWMfjU="},"chainType":1,"messageKeys":{}}},"pendingPreKey":{"signedKeyId":2,"baseKey":"Bd07iK4rm/VY5HeAcES/lHn/BjSnDv8Tyr6RwYoj2bN/","preKeyId":8952193}}},"version":"v1"}