{"_sessions":{"BfHhjpnEd7eNn+ic7OfVcCGiB2OeRdd0LHw995zQxc9Q":{"registrationId":754668878,"currentRatchet":{"ephemeralKeyPair":{"pubKey":"BYNX3bDjmTJ+OmZYil6Uaeh1h6TRYCyO5waK89mvrkxz","privKey":"YEdbZhypO8MJlq9VkMyBHJQVs00nTGYxJRIK+t1CsE4="},"lastRemoteEphemeralKey":"BaIR01n3e7Jp0os49oB/SJNyPXJ/S0/V2F5hP83QLxMq","previousCounter":0,"rootKey":"Mebi95Whmxsvlq+eW+veAuVTnIbiK6D3LBkn0WeeE5A="},"indexInfo":{"baseKey":"BfHhjpnEd7eNn+ic7OfVcCGiB2OeRdd0LHw995zQxc9Q","baseKeyType":1,"closed":-1,"used":1708235709075,"created":1708235709075,"remoteIdentityKey":"BTBAtEXTtZO4hmqNd4pSKtCKVv8OSEeLbF7/78P6FdwD"},"_chains":{"BYNX3bDjmTJ+OmZYil6Uaeh1h6TRYCyO5waK89mvrkxz":{"chainKey":{"counter":1,"key":"Mp5315yaj99i/bDk25aVMCOPNIvRZj3ZsvQHnSXVJgg="},"chainType":1,"messageKeys":{}}},"pendingPreKey":{"signedKeyId":1866284,"baseKey":"BfHhjpnEd7eNn+ic7OfVcCGiB2OeRdd0LHw995zQxc9Q","preKeyId":4773}}},"version":"v1"}