{"_sessions":{"BVA4cTnrn92xOFetX2YyFK6N7HgjkyUG9WWmJJG2PCs5":{"registrationId":1135177979,"currentRatchet":{"ephemeralKeyPair":{"pubKey":"BVmyEK81wJxUZZm8gqB8ClR38yD+r2fWWKTlTFnjY8Mg","privKey":"EJ/ocSIqOrFw6E7F6Se6opQwLWjg88kyj0+tO8Kc3UY="},"lastRemoteEphemeralKey":"BQKDlDqS7jX0oNctl0LuTUfM3aYiOt+tZL8rMG1FRnET","previousCounter":0,"rootKey":"mBfsWW/wNQXHOt9apmMzBqis69OxjGZYVSzfdtyboxg="},"indexInfo":{"baseKey":"BVA4cTnrn92xOFetX2YyFK6N7HgjkyUG9WWmJJG2PCs5","baseKeyType":1,"closed":-1,"used":1708235711036,"created":1708235711036,"remoteIdentityKey":"BXpALzVBNU9090fk5U0jqvXFLoi7pZuHGB7SAqyZ8gBO"},"_chains":{"BVmyEK81wJxUZZm8gqB8ClR38yD+r2fWWKTlTFnjY8Mg":{"chainKey":{"counter":1,"key":"4fuxElRTb53eBqil96Mvg7Cqix3FWTVmzs4zdb0Omvk="},"chainType":1,"messageKeys":{}}},"pendingPreKey":{"signedKeyId":0,"baseKey":"BVA4cTnrn92xOFetX2YyFK6N7HgjkyUG9WWmJJG2PCs5","preKeyId":16667618}}},"version":"v1"}