{"_sessions":{"BS5ZKAShl+OhT+xj9KyRpVpw+Swc9JKjCtzmBayoZAwp":{"registrationId":1801215359,"currentRatchet":{"ephemeralKeyPair":{"pubKey":"BUcx9Gx1bEOumhVaJZiU66rglG2A2/g0/8etNiLAvVIN","privKey":"QPe33M6qIqIg0ztE1lBxDa9/s5AmI0b3v0qFA1hubl0="},"lastRemoteEphemeralKey":"Bfp3uYwFE+SVGwxu6ah7poQp8zPfRAawbsdEqqvqyMNZ","previousCounter":0,"rootKey":"CdvYwl1nrSNxZw5SzZUOHt2g/EgLQ8NVxZICzoe/tHE="},"indexInfo":{"baseKey":"BS5ZKAShl+OhT+xj9KyRpVpw+Swc9JKjCtzmBayoZAwp","baseKeyType":1,"closed":-1,"used":1708235708908,"created":1708235708908,"remoteIdentityKey":"BaHPLMq/HX+dXAJPKMxk/SaTmvwQDCaa99rjeuciHMJk"},"_chains":{"BUcx9Gx1bEOumhVaJZiU66rglG2A2/g0/8etNiLAvVIN":{"chainKey":{"counter":1,"key":"IxK6U5NsJJ45JTpBlX1VzLOau0UHO0gJDFpVkesa7UY="},"chainType":1,"messageKeys":{}}},"pendingPreKey":{"signedKeyId":11,"baseKey":"BS5ZKAShl+OhT+xj9KyRpVpw+Swc9JKjCtzmBayoZAwp","preKeyId":9615595}}},"version":"v1"}