{"_sessions":{"BUUgLbeipeOZNDvbCaryZQNWWZH5vxFthxxZabXxJstv":{"registrationId":1862262797,"currentRatchet":{"ephemeralKeyPair":{"pubKey":"BcdyYTYkcvxIPy1qd3pXFFhmXRZjeyN/S4ojkgFqXyNB","privKey":"MJ1d7Eik3SzwTc+QPgUf3vVZTZ6hQP6yaYDCSs9tKFs="},"lastRemoteEphemeralKey":"Bb38oN6fxRJqIo95VO9r/ujLwKJfMvT4Y855JI7bQGoo","previousCounter":0,"rootKey":"TUluicG2UK5HzHdFjzgO690SIOr+Jhc7frnlWkp8L7k="},"indexInfo":{"baseKey":"BUUgLbeipeOZNDvbCaryZQNWWZH5vxFthxxZabXxJstv","baseKeyType":2,"closed":-1,"used":1708288148547,"created":1708288148547,"remoteIdentityKey":"Ba9nGbPsmXnwxkZ9p4OXkUh5bT3yqw+iicnZ11PRkuBf"},"_chains":{"Bb38oN6fxRJqIo95VO9r/ujLwKJfMvT4Y855JI7bQGoo":{"chainKey":{"counter":1,"key":"wWTyo/hs+jmcTPdlxigNT/EOl70rDp3ABxR0R6J8CZo="},"chainType":2,"messageKeys":{}},"BcdyYTYkcvxIPy1qd3pXFFhmXRZjeyN/S4ojkgFqXyNB":{"chainKey":{"counter":-1,"key":"mP6IL2AhmjGWbJQzJ5TwJvx1d1PzPXSDBZRqJBl+3Xs="},"chainType":1,"messageKeys":{}}}}},"version":"v1"}