{"_sessions":{"BfyRBEDHekSg6FDUkqT8FrBekgXKkWXGMmLqXPIAN2pL":{"registrationId":739192480,"currentRatchet":{"ephemeralKeyPair":{"pubKey":"BdweDq3y8TUE5JxAiUztoMRcWwu0eKJNvkQCo+/T1Zks","privKey":"UBmHYBzf0vEZ3xdLN74Ykea/HqYlI718rE2QZ8ucqHs="},"lastRemoteEphemeralKey":"BW4+L80GaGj6B8YcOTWOMx8EedYzB+4Xp4ep8BMhj4Ya","previousCounter":0,"rootKey":"DAtUbdXMX8OmPhboUJD84g/odQgWkTumgcZ8EvTBnaI="},"indexInfo":{"baseKey":"BfyRBEDHekSg6FDUkqT8FrBekgXKkWXGMmLqXPIAN2pL","baseKeyType":2,"closed":-1,"used":1708234861177,"created":1708234861177,"remoteIdentityKey":"BQd2b6h1oBRBjufbYfsvNloCQedO5bys/IzMhuY6KWJ3"},"_chains":{"BW4+L80GaGj6B8YcOTWOMx8EedYzB+4Xp4ep8BMhj4Ya":{"chainKey":{"counter":6,"key":"xgW4jvii6GKqFyeahGS/SGQxEKGDFxPbPq8zL8/up9A="},"chainType":2,"messageKeys":{}},"BdweDq3y8TUE5JxAiUztoMRcWwu0eKJNvkQCo+/T1Zks":{"chainKey":{"counter":-1,"key":"FCXlOX8z2biXgdxfIZRjBBFrTJ6bpzdIJrpXgxfpsEk="},"chainType":1,"messageKeys":{}}}}},"version":"v1"}