{"_sessions":{"BZH3NWsmTvO1ZZ2JnXTAEv1HEGcRozikDby4723w5eF6":{"registrationId":1808957495,"currentRatchet":{"ephemeralKeyPair":{"pubKey":"BZhYpJ8qp5SUldtOTuvnkW/5b+7r6TyjluMOOehL6TNr","privKey":"GCpC3H3zDa1S3tyP6WoHCfyraynszprQXyC77/rCEWA="},"lastRemoteEphemeralKey":"BZA+Qoj5i+Hfq3FU1UOq1X8lzH6jrXDEmq54tVOeMUps","previousCounter":0,"rootKey":"BYa8j34z7azKLJ95AsDFgcOZcIhsYYgVnA2LcFh/vX4="},"indexInfo":{"baseKey":"BZH3NWsmTvO1ZZ2JnXTAEv1HEGcRozikDby4723w5eF6","baseKeyType":2,"closed":-1,"used":1708219461126,"created":1708219461126,"remoteIdentityKey":"BZXpvBEaB0KbdqIbg2wGezFsnVCf9+eOy57ovUGXsntR"},"_chains":{"BZA+Qoj5i+Hfq3FU1UOq1X8lzH6jrXDEmq54tVOeMUps":{"chainKey":{"counter":29,"key":"Bn4YuMXXKkPjxTmDH4JoUrq1jnWu3sn4zQ80v5nsDcA="},"chainType":2,"messageKeys":{}},"BZhYpJ8qp5SUldtOTuvnkW/5b+7r6TyjluMOOehL6TNr":{"chainKey":{"counter":-1,"key":"RxzR9Ms4Zsx2b5hbk+eQNfoF1Ddj9qrBBEg/tzM9P2E="},"chainType":1,"messageKeys":{}}}}},"version":"v1"}