{"_sessions":{"BeVVHLmtmESXLzqTnXi5fOOiLcJIzPq3slOMILpGAOVy":{"registrationId":882094358,"currentRatchet":{"ephemeralKeyPair":{"pubKey":"Beb8m4rxQ+b9mgMXKYA6kqL8KuL1l7dnAaaNGZDN5/lp","privKey":"OA1eFHplIsJA6KZZX7m/h6ywHTZgHF7D9ensuepnCGI="},"lastRemoteEphemeralKey":"BfUK3agfLj5pA6QZUO5kTf6CX7XNs04Q3b8Evw7sVY8f","previousCounter":0,"rootKey":"nqC1jn19RX33nimCXafCxSQI4RnJ8/QmxNA6i5BQTSM="},"indexInfo":{"baseKey":"BeVVHLmtmESXLzqTnXi5fOOiLcJIzPq3slOMILpGAOVy","baseKeyType":2,"closed":-1,"used":1708288205949,"created":1708288205949,"remoteIdentityKey":"BcBm7PSUaLU4zGpTYY8UY8B+g59CT6PBREnaOy+R7rUG"},"_chains":{"BfUK3agfLj5pA6QZUO5kTf6CX7XNs04Q3b8Evw7sVY8f":{"chainKey":{"counter":2,"key":"fDQEf8oC63EP7ZGhvwBxjyxSs7do1nNZDhFi2BTGC78="},"chainType":2,"messageKeys":{"0":"Equ1sfawvfoy85wc6S0hlXT1ScGM+Dg7CvN0s5GJgHQ="}},"Beb8m4rxQ+b9mgMXKYA6kqL8KuL1l7dnAaaNGZDN5/lp":{"chainKey":{"counter":-1,"key":"xup+bopKbIOk4N6SXUBN+dLfAvEG5vUgctGW87O4caM="},"chainType":1,"messageKeys":{}}}}},"version":"v1"}