{"_sessions":{"BRarKfqopw5NNefPZhlPZJ3xO/uqYkwCFRRzHfWwecFn":{"registrationId":1753395592,"currentRatchet":{"ephemeralKeyPair":{"pubKey":"Bb9u3o0RNV3vclKQYgIm4BIucOHcy8OKcgqDDNFqWGAZ","privKey":"UNcVP29e9t88zAmqmWlQVgxXU2L7pVehQsLx4x+Ac0Y="},"lastRemoteEphemeralKey":"BZXvf/Pl7bhN0rDc3gDhfJTCcF69uVIRDtQqtY8PSz0+","previousCounter":0,"rootKey":"BeuVPRivDw7c2lCWgyyPUREl+I5xGO6ggNn5nzCoSBs="},"indexInfo":{"baseKey":"BRarKfqopw5NNefPZhlPZJ3xO/uqYkwCFRRzHfWwecFn","baseKeyType":1,"closed":-1,"used":1708235709283,"created":1708235709283,"remoteIdentityKey":"BesWdH117sX5UWjwzsDPC2JK7j2cmX6bUsiQTcGmFZgb"},"_chains":{"Bb9u3o0RNV3vclKQYgIm4BIucOHcy8OKcgqDDNFqWGAZ":{"chainKey":{"counter":1,"key":"BziE+SXX/MkBEj2A4V4332j/NOdiwNSUGahu3H1D5Ys="},"chainType":1,"messageKeys":{}}},"pendingPreKey":{"signedKeyId":0,"baseKey":"BRarKfqopw5NNefPZhlPZJ3xO/uqYkwCFRRzHfWwecFn"}}},"version":"v1"}