{"_sessions":{"BXkYCW/mcvxZRLro4Q+GD1Yyr2kGlXjoGrlbtaTiYKhn":{"registrationId":1787725674,"currentRatchet":{"ephemeralKeyPair":{"pubKey":"BfODMDyEHh2nLy/t/HfyYZvMsYbrdA7m9VMVf3JyC6EF","privKey":"2Lk8USCZ0NeHP+NBT/tZUDgQUpj2nXezPsahdd4dqGY="},"lastRemoteEphemeralKey":"BSOrItwXM26tJeC6+P8K4LnVWDspoqCCyErgp/9BotoK","previousCounter":0,"rootKey":"eUgNKDKEjEQI5kpWEsuuWZfLkn0CRQDu84k8SPAnWfg="},"indexInfo":{"baseKey":"BXkYCW/mcvxZRLro4Q+GD1Yyr2kGlXjoGrlbtaTiYKhn","baseKeyType":1,"closed":-1,"used":1708235710274,"created":1708235710274,"remoteIdentityKey":"BbZq2zD+sWL04uSeaeLlgWlOhfyN9t9gZvZZ/Soh9nFv"},"_chains":{"BfODMDyEHh2nLy/t/HfyYZvMsYbrdA7m9VMVf3JyC6EF":{"chainKey":{"counter":1,"key":"djMC8ARHeJOCS6uFqqbxEqKLu4KcJi/oOX7+NZQmKck="},"chainType":1,"messageKeys":{}}},"pendingPreKey":{"signedKeyId":1,"baseKey":"BXkYCW/mcvxZRLro4Q+GD1Yyr2kGlXjoGrlbtaTiYKhn","preKeyId":10800418}}},"version":"v1"}