{"_sessions":{"BYXjuY0OwyKQVrj3kGVBSNsZp21Om3hWB9j3LxVrKE5+":{"registrationId":1657279533,"currentRatchet":{"ephemeralKeyPair":{"pubKey":"BVo3PnjaBu5DnSKFPRVaRUt1Zq79LD8y8sxP7AtNAog2","privKey":"aNsr0ulky5hD1jSimzhdGBlfl0+0VYSnh8+Am7bIiHg="},"lastRemoteEphemeralKey":"BSAV8QHrP14WHjBtOiVTmA2pF+xjl5JyqwYXA+PsXk1e","previousCounter":0,"rootKey":"btxwrLmcmgdnwNFxT5RcdeKZ/kslC9qwNoOIYKYy3j4="},"indexInfo":{"baseKey":"BYXjuY0OwyKQVrj3kGVBSNsZp21Om3hWB9j3LxVrKE5+","baseKeyType":1,"closed":-1,"used":1708235710880,"created":1708235710880,"remoteIdentityKey":"BTc8M4CDwrYatK6UFODSPaEIdEEa2MhulJ8BOFOq780m"},"_chains":{"BVo3PnjaBu5DnSKFPRVaRUt1Zq79LD8y8sxP7AtNAog2":{"chainKey":{"counter":1,"key":"ceR6fn2BkRAG//eUl1n4rS2SUPJigXaSK8xRHd5W7eM="},"chainType":1,"messageKeys":{}}},"pendingPreKey":{"signedKeyId":12526726,"baseKey":"BYXjuY0OwyKQVrj3kGVBSNsZp21Om3hWB9j3LxVrKE5+"}}},"version":"v1"}