{"_sessions":{"BcLJa/0RH8W4aB6iTwUNVbl9OMYqoVHpi0JJ3xaFSvdV":{"registrationId":237938431,"currentRatchet":{"ephemeralKeyPair":{"pubKey":"BdzRH5GlGW429fc0pHW64kxWpXU2MP5FqLfu2cy4ZEBI","privKey":"MBalKinN+CA7FLbe2Rw2pacRSfW1wJM12FzSTuG5hkw="},"lastRemoteEphemeralKey":"BcRoHN2V77NUkDyac6t9S0mNy0myZBReyO9y8yihSHQF","previousCounter":0,"rootKey":"CYz14ZwQ/knO9uauwuES6rBciCjBseeLuGY7uqmRqyU="},"indexInfo":{"baseKey":"BcLJa/0RH8W4aB6iTwUNVbl9OMYqoVHpi0JJ3xaFSvdV","baseKeyType":2,"closed":-1,"used":1708230704260,"created":1708230704260,"remoteIdentityKey":"BTy38DiLv42VQmJdjypS4hWFDVMyRZ6cseOH4fLEAaRp"},"_chains":{"BcRoHN2V77NUkDyac6t9S0mNy0myZBReyO9y8yihSHQF":{"chainKey":{"counter":0,"key":"S6OIqOfnfgE5SPy+ZqUXzT4gp+XodMLD8ze+Is3pgNY="},"chainType":2,"messageKeys":{}},"BdzRH5GlGW429fc0pHW64kxWpXU2MP5FqLfu2cy4ZEBI":{"chainKey":{"counter":-1,"key":"cKDVOpRu+vurNJonagDvkI+gybnQWsJpOplVJG3dXGc="},"chainType":1,"messageKeys":{}}}}},"version":"v1"}