{"_sessions":{"BcLEg0yeFBsqqGmdvYnJmoh6bHilsAouXjpxW5utR51H":{"registrationId":704271279,"currentRatchet":{"ephemeralKeyPair":{"pubKey":"BZp+kYXG5C11VNR8xMGRZRmP/C5o23aSw4OKUmc1Otlo","privKey":"MOXmNv4XU6+8jsKKtJ1Rn4dQjV7f56fV/Lh+hTJyQHg="},"lastRemoteEphemeralKey":"BaXeyCtHB0G4sLMFsJFzM1ftWqOyVTEX5PIazp8mV70i","previousCounter":0,"rootKey":"HMWfzA6W1+Lptx7yQTHXyYj7d55lBeO0u/exmF5JnLM="},"indexInfo":{"baseKey":"BcLEg0yeFBsqqGmdvYnJmoh6bHilsAouXjpxW5utR51H","baseKeyType":1,"closed":-1,"used":1708235712654,"created":1708235712654,"remoteIdentityKey":"BdZUehSHQmwgX5jxAK4UVC78O0G07GE7h70+xI8yueAT"},"_chains":{"BZp+kYXG5C11VNR8xMGRZRmP/C5o23aSw4OKUmc1Otlo":{"chainKey":{"counter":1,"key":"Lk5FMPOc9bUlfNXdWdeBmM36XVkG3NubsWo+lRNGUZE="},"chainType":1,"messageKeys":{}}},"pendingPreKey":{"signedKeyId":14,"baseKey":"BcLEg0yeFBsqqGmdvYnJmoh6bHilsAouXjpxW5utR51H","preKeyId":237437}}},"version":"v1"}