{"_sessions":{"BaJZXsICQe6mfZplK+oJEbDUITmWwjQRF7wYNM7Z9b0v":{"registrationId":9936,"currentRatchet":{"ephemeralKeyPair":{"pubKey":"BVIWayWXM86TstnQo0JU/ssCt6Aw9/BQBcnScmxAOfxf","privKey":"oGCm4Zr24ToCxpIqcUnmB1M9j3KXi+EcMTnSTlSdn2k="},"lastRemoteEphemeralKey":"BUf6K3jGDRkZOYbqSRhCAm9+T/ox+JUQ8XFgn/D+h3EL","previousCounter":0,"rootKey":"qBffEgBN6V4rTUa5NZV+9PmUu+3bCD7vx6EM+UDleg0="},"indexInfo":{"baseKey":"BaJZXsICQe6mfZplK+oJEbDUITmWwjQRF7wYNM7Z9b0v","baseKeyType":1,"closed":-1,"used":1708235707891,"created":1708235707891,"remoteIdentityKey":"BQ6NF0Om/uHEjD2P2WEPOij2HhEeIfMbwGTNQwrO/MUN"},"_chains":{"BVIWayWXM86TstnQo0JU/ssCt6Aw9/BQBcnScmxAOfxf":{"chainKey":{"counter":1,"key":"5DvdlPz1zOecEX1HjuYK+U0cQLe623X6A/S9pbZeUKk="},"chainType":1,"messageKeys":{}}},"pendingPreKey":{"signedKeyId":1,"baseKey":"BaJZXsICQe6mfZplK+oJEbDUITmWwjQRF7wYNM7Z9b0v"}}},"version":"v1"}