{"_sessions":{"Bc780XZk4vZm5km0vXTYNn6x3O+yi2QFgPNHn6r+L6cT":{"registrationId":2045841797,"currentRatchet":{"ephemeralKeyPair":{"pubKey":"BfIK3Yk2mamUjr16k0c5zJ2eAxqMFa1feJmZli0mqosx","privKey":"oMNwcI6Rr25je5lXZbB202AK0aWIS2nUak3/e6FRLnc="},"lastRemoteEphemeralKey":"BQH5WccI7St/QJD4T4wtv5UP2fqX0XPOh3MM4MQPvvJw","previousCounter":0,"rootKey":"XBHi2mSb5ybAqvsjVvnLFjo/y7gCN1VDTnQtPYgUEog="},"indexInfo":{"baseKey":"Bc780XZk4vZm5km0vXTYNn6x3O+yi2QFgPNHn6r+L6cT","baseKeyType":2,"closed":-1,"used":1708284206195,"created":1708284206195,"remoteIdentityKey":"BXFGc1Wuf8RHK93Vt+SS4Eke30BjsoL9ZoPllk0zHKxI"},"_chains":{"BQH5WccI7St/QJD4T4wtv5UP2fqX0XPOh3MM4MQPvvJw":{"chainKey":{"counter":0,"key":"l1CuzNPjD33sAH7OBqfAufK0OlIkKmJIuSLUt5bBXYc="},"chainType":2,"messageKeys":{}},"BfIK3Yk2mamUjr16k0c5zJ2eAxqMFa1feJmZli0mqosx":{"chainKey":{"counter":-1,"key":"4b7ym4bDspCl5Eh7QmLIuX4vDzLAJuk2xdP3jN47wbA="},"chainType":1,"messageKeys":{}}}}},"version":"v1"}