{"_sessions":{"BfJF0VyuUXghcpAaydtBdGiF9GitzP+hqVVgJnXWlUhU":{"registrationId":1858280350,"currentRatchet":{"ephemeralKeyPair":{"pubKey":"BViHk+bn4qdgPjIRJ6ATiSpwpWLtlCIgoj5kkobYoRlU","privKey":"IN40lFsDlP8SbPObn8v8QFr+32VLiht45csPJg0mG2k="},"lastRemoteEphemeralKey":"BZJ0u+muG0Mru+ryyPROQ6g10l9DN1frVnZ3FQ/2faZC","previousCounter":0,"rootKey":"etLmjZzOoRmqVktGpyrgp1wlnl+Oip4fScWQVNOzjJM="},"indexInfo":{"baseKey":"BfJF0VyuUXghcpAaydtBdGiF9GitzP+hqVVgJnXWlUhU","baseKeyType":1,"closed":-1,"used":1708235708849,"created":1708235708849,"remoteIdentityKey":"BUwFueNlIpEkoWexaoUnpNFR4xYR4mZdPMkn5xuncmt0"},"_chains":{"BViHk+bn4qdgPjIRJ6ATiSpwpWLtlCIgoj5kkobYoRlU":{"chainKey":{"counter":1,"key":"uJ3YfPB/ZQp95pXt+5AERDFL4aEkpMtZNRX8dZNrMmA="},"chainType":1,"messageKeys":{}}},"pendingPreKey":{"signedKeyId":0,"baseKey":"BfJF0VyuUXghcpAaydtBdGiF9GitzP+hqVVgJnXWlUhU","preKeyId":11828957}}},"version":"v1"}