{"_sessions":{"BU1vnbFUvKksYfLE+F/KUoLztX6nK1QzhWOP6KVUJC8r":{"registrationId":2939,"currentRatchet":{"ephemeralKeyPair":{"pubKey":"BaJGGwkGjVu+kDd2bDTC4j0bpKwwFH7W9k8XaOZLG65F","privKey":"eM1zn8lb0kZX0d7t+86/8X3LPwZNTH297HhU/+XJonY="},"lastRemoteEphemeralKey":"Bf9SPZfYiN3EMvBYeeAgL0gMIRo+/FRKI0e5CW7tYKFH","previousCounter":0,"rootKey":"NxgATDaPEvlw4Dpgeh67DRfiOAqxPbhEYGsKVUpxgNo="},"indexInfo":{"baseKey":"BU1vnbFUvKksYfLE+F/KUoLztX6nK1QzhWOP6KVUJC8r","baseKeyType":1,"closed":-1,"used":1708235708141,"created":1708235708141,"remoteIdentityKey":"BacUcGSlfXfVNh4CA6m6LvMqhB181HB7o3cjoiTp1GQ4"},"_chains":{"BaJGGwkGjVu+kDd2bDTC4j0bpKwwFH7W9k8XaOZLG65F":{"chainKey":{"counter":1,"key":"EuYPYXErcTqPyF9gtBhBL3ahbKx8XM99QnappI49XIs="},"chainType":1,"messageKeys":{}}},"pendingPreKey":{"signedKeyId":1,"baseKey":"BU1vnbFUvKksYfLE+F/KUoLztX6nK1QzhWOP6KVUJC8r"}}},"version":"v1"}