{"_sessions":{"BaRvfFx2gwHEPtHxO83eOr3Z/JaIfsqh0iTnBAtBZTVC":{"registrationId":1488941607,"currentRatchet":{"ephemeralKeyPair":{"pubKey":"BQXCOBOxcFf9ZwaxgdEEwm4kmMsJxbgGU7wg0wBuZvxW","privKey":"mJQqnWjsgZ4LFwPMrKkd4V29PmE1Tvse7OAH9UzuQmY="},"lastRemoteEphemeralKey":"BZ4q1pMWgLWsD4z/zaMVzbp3p2oRi5xzZ6GVBG+3Vfk1","previousCounter":0,"rootKey":"2xx/sDMs6k7OqT/itODmuDtXUFW4e5KyPhE2Qffb10w="},"indexInfo":{"baseKey":"BaRvfFx2gwHEPtHxO83eOr3Z/JaIfsqh0iTnBAtBZTVC","baseKeyType":2,"closed":-1,"used":1708230692749,"created":1708230692749,"remoteIdentityKey":"Be04SEaK56dEjkp5VSeBE1RmQOKenapuEjyRREBRHu46"},"_chains":{"BZ4q1pMWgLWsD4z/zaMVzbp3p2oRi5xzZ6GVBG+3Vfk1":{"chainKey":{"counter":5,"key":"17ICkmtbrxijaXxmdo3Neoo9dqZabkhBI5ngvratG1o="},"chainType":2,"messageKeys":{}},"BQXCOBOxcFf9ZwaxgdEEwm4kmMsJxbgGU7wg0wBuZvxW":{"chainKey":{"counter":-1,"key":"0D298x8jvcC/0XuPTq/dugLDLU6urVXjNLR8rQJ0Qnk="},"chainType":1,"messageKeys":{}}}}},"version":"v1"}