{"_sessions":{"BQdZYOLYG3tZAukh0LbvwFJYYIyvcCVq9gzwNYLO/25x":{"registrationId":1829327611,"currentRatchet":{"ephemeralKeyPair":{"pubKey":"Bc4SOUJavfQHcztCKyzsms2iuVQwvNbbDGK7TMJ5/BEI","privKey":"QPHasy3dmD5X6YDRTKTMujoF3S2mBaX7qpgB8Tw0hmc="},"lastRemoteEphemeralKey":"Bc1FU/I2tepCt5JEhE4uyKlZkqucMM4C4OPlxekp+jB5","previousCounter":0,"rootKey":"s24yXlLoCVhYUtRVMY9qv4Ucr+vcPq91mG3gDjmsESM="},"indexInfo":{"baseKey":"BQdZYOLYG3tZAukh0LbvwFJYYIyvcCVq9gzwNYLO/25x","baseKeyType":1,"closed":-1,"used":1708235711233,"created":1708235711233,"remoteIdentityKey":"BZ5/yRsYoDowyDJDqGSt27zC5uDTC12vK1cq0rtXaFp/"},"_chains":{"Bc4SOUJavfQHcztCKyzsms2iuVQwvNbbDGK7TMJ5/BEI":{"chainKey":{"counter":1,"key":"X8k3fjf8ofTq56iWoDQm2q5fW6P/KkkRN71HwlFthJg="},"chainType":1,"messageKeys":{}}},"pendingPreKey":{"signedKeyId":1,"baseKey":"BQdZYOLYG3tZAukh0LbvwFJYYIyvcCVq9gzwNYLO/25x","preKeyId":9312881}}},"version":"v1"}