{"_sessions":{"BQGrNVgfXYZS2+fJZey2FQgH4sONJvJV99DbiqpGj8UO":{"registrationId":10273,"currentRatchet":{"ephemeralKeyPair":{"pubKey":"BTO7rnYJYPq7L/ENOtmHRTxqYXs6rGr6VtZq76NEe/xs","privKey":"0Bti4JJ7AC3fi3LzDCnhqTgKATqpt0VaCHUb50rhSWY="},"lastRemoteEphemeralKey":"BTT1l/hmknZIoqNqXjMy1ep+SAmui8EfbKh8LwNqnJU1","previousCounter":0,"rootKey":"RBRfxP7lJ0Ak9miB1YMdcvlhPmR8uNBs23zCjS406a0="},"indexInfo":{"baseKey":"BQGrNVgfXYZS2+fJZey2FQgH4sONJvJV99DbiqpGj8UO","baseKeyType":1,"closed":-1,"used":1708235707483,"created":1708235707483,"remoteIdentityKey":"BVJoRoldZEHbbuxrYge7ehwPDZ/iBOAncL7xuX4zpSx8"},"_chains":{"BTO7rnYJYPq7L/ENOtmHRTxqYXs6rGr6VtZq76NEe/xs":{"chainKey":{"counter":1,"key":"j7g6QFgtcIMJUkSq4/k3w95tI21dLl7SgCnPzewNuLU="},"chainType":1,"messageKeys":{}}},"pendingPreKey":{"signedKeyId":1,"baseKey":"BQGrNVgfXYZS2+fJZey2FQgH4sONJvJV99DbiqpGj8UO","preKeyId":2046}}},"version":"v1"}