{"_sessions":{"BWcwf+4W9vPjCGUMUniiii3fpEVGiGLCakTrRzLMgPFu":{"registrationId":161959421,"currentRatchet":{"ephemeralKeyPair":{"pubKey":"BUpvaaBIiEYsWh0wbIWr6w9XYzwGnCkeT8DV2hRBukkQ","privKey":"2Dgz9g2ArRicqtONyhcuPLJEGfma5Q2fMPT9xbhE1FY="},"lastRemoteEphemeralKey":"BRX9KZsMKFsvWpsCqvgOOHzRVGf8n2b4ny5ioO4as31R","previousCounter":0,"rootKey":"hPZox5RMWdu0ahvagMJhuyvTSa77H8b4KF8w2g6/f0k="},"indexInfo":{"baseKey":"BWcwf+4W9vPjCGUMUniiii3fpEVGiGLCakTrRzLMgPFu","baseKeyType":2,"closed":-1,"used":1708222371853,"created":1708222371853,"remoteIdentityKey":"BcaPufOhYcUlanRn64qRrMqZb/1D2wkqpWX5/HS9UbtG"},"_chains":{"BRX9KZsMKFsvWpsCqvgOOHzRVGf8n2b4ny5ioO4as31R":{"chainKey":{"counter":3,"key":"/u7gkH3XWkofGeGJvxruVQrLIYMNitu15bz64OhYLfw="},"chainType":2,"messageKeys":{"2":"j9RTLHsfenG2oBQlYWqCipjo+HrPrXSEKhGq4EKFT0E="}},"BUpvaaBIiEYsWh0wbIWr6w9XYzwGnCkeT8DV2hRBukkQ":{"chainKey":{"counter":-1,"key":"z73xXFre6HA8J21Dg1GlrYYXw+kJkPgg/RdLYnSke8M="},"chainType":1,"messageKeys":{}}}}},"version":"v1"}