{"_sessions":{"BQT4U30v4G5W5Mq7cWtVo72r2PX88MYYX/D10OxTRnEA":{"registrationId":1794412031,"currentRatchet":{"ephemeralKeyPair":{"pubKey":"BVUxKCCCrWtRCcRdoYDRAwigTG1wu5mF5te0RwvvwqB9","privKey":"IJy3py/8AqStK18UuTeM/TwpKztwJmVfCqH6QfpgRmY="},"lastRemoteEphemeralKey":"BT3bIIu54//RPiaGpSwC6U7csBqpvvCOOnlHEuSK+Wta","previousCounter":0,"rootKey":"QWOz1u2/XlSg/FHfNZiuKuqDSzjuURcLEwygWKdvo48="},"indexInfo":{"baseKey":"BQT4U30v4G5W5Mq7cWtVo72r2PX88MYYX/D10OxTRnEA","baseKeyType":1,"closed":-1,"used":1708235711377,"created":1708235711377,"remoteIdentityKey":"BTCiZ3IMxUdSZVMAz2IGAx3nRk7ND+YJAGeVCNb7e3F8"},"_chains":{"BVUxKCCCrWtRCcRdoYDRAwigTG1wu5mF5te0RwvvwqB9":{"chainKey":{"counter":1,"key":"Q6IuiT3eihy+UswABPqByYEvmv83h+UV5DDXsYzkcMc="},"chainType":1,"messageKeys":{}}},"pendingPreKey":{"signedKeyId":2,"baseKey":"BQT4U30v4G5W5Mq7cWtVo72r2PX88MYYX/D10OxTRnEA","preKeyId":15821723}}},"version":"v1"}