{"_sessions":{"BX7eQVWHQlc4YD2aAky5Q+e1Chl8Amc7uJ7Y7iKa4H8r":{"registrationId":1621904933,"currentRatchet":{"ephemeralKeyPair":{"pubKey":"BUNIj7mix65+kAGLPfjNuY1bg7jCXHf73sdwbvK4B90u","privKey":"IPNFGtiTmv1yHiGAUERhS04riMoux/B48yOP2W0kgVI="},"lastRemoteEphemeralKey":"BUqLIBxBpuMy+cikIBBbkVXCxb4tXY5aimdMnnLl4ZYe","previousCounter":0,"rootKey":"rgQfpTnz748QpetCShG9YFA910bPQnbmOo0Y7YT6EPI="},"indexInfo":{"baseKey":"BX7eQVWHQlc4YD2aAky5Q+e1Chl8Amc7uJ7Y7iKa4H8r","baseKeyType":1,"closed":-1,"used":1708235709013,"created":1708235709013,"remoteIdentityKey":"BTas1+tLiIjRstHWSozFHNZj598fCHOEP+767O54E2UT"},"_chains":{"BUNIj7mix65+kAGLPfjNuY1bg7jCXHf73sdwbvK4B90u":{"chainKey":{"counter":1,"key":"BMBi1WqvGOJCZ5P1Kfh0lwszIMurNVaUg7lgeAuMolk="},"chainType":1,"messageKeys":{}}},"pendingPreKey":{"signedKeyId":5,"baseKey":"BX7eQVWHQlc4YD2aAky5Q+e1Chl8Amc7uJ7Y7iKa4H8r"}}},"version":"v1"}