{"_sessions":{"BVRmRUOkqUU+Oec7GEzSeAufLLuNbZQx/cOd5BSxArcV":{"registrationId":2143474063,"currentRatchet":{"ephemeralKeyPair":{"pubKey":"BWEaGHOeoldh/naHRNvzdnHSLOymjO1zcwm7eeGdC5IO","privKey":"sNmp7PRwFz8rDDZ2dn7SGjazzAYUHxhfPTaPdqKg5VM="},"lastRemoteEphemeralKey":"BaOHFX3KEsXKaH4XPCtn4ZOYzr/c8xeQBa9KWBVH+eNr","previousCounter":0,"rootKey":"fbcCrEUThKZxjWIYxbSdzjxfFHwq5YRqkKfbe+eNlL8="},"indexInfo":{"baseKey":"BVRmRUOkqUU+Oec7GEzSeAufLLuNbZQx/cOd5BSxArcV","baseKeyType":1,"closed":-1,"used":1708235711915,"created":1708235711915,"remoteIdentityKey":"BXq45cM566Y+I8iD/zA1UEhGcAGn0eYSLB7iDEWPt7VD"},"_chains":{"BWEaGHOeoldh/naHRNvzdnHSLOymjO1zcwm7eeGdC5IO":{"chainKey":{"counter":1,"key":"JCRs+PxTIAFQsuqOFr5stoyuFxhiHJfP0wXPKESjDUE="},"chainType":1,"messageKeys":{}}},"pendingPreKey":{"signedKeyId":13,"baseKey":"BVRmRUOkqUU+Oec7GEzSeAufLLuNbZQx/cOd5BSxArcV"}}},"version":"v1"}