{"_sessions":{"BcEohQybcR/Et4j9T7pXSigTUlWIULBwZaQ6vg/SKQlL":{"registrationId":214858008,"currentRatchet":{"ephemeralKeyPair":{"pubKey":"BQ+3lWltUfK/TU7HULxehlfrNg26QzlxyozGMq3nejEV","privKey":"yElEcD5Wgld4TseUX7WFMm7ttXgShWaNlREg9S4tY0A="},"lastRemoteEphemeralKey":"BXSGz4hNYApyR1+V5jiBgEn22ekiCFSXjyReDzhc1JRL","previousCounter":0,"rootKey":"ZAA+qSxoBMc28Es/fqQmuZCFnTAs17p3be5zIQPLTM0="},"indexInfo":{"baseKey":"BcEohQybcR/Et4j9T7pXSigTUlWIULBwZaQ6vg/SKQlL","baseKeyType":2,"closed":-1,"used":1708220911919,"created":1708220911919,"remoteIdentityKey":"BS2ecCYtW90gBfi2xRyClcdg8l4Mr915P2+X0tSrkUAs"},"_chains":{"BXSGz4hNYApyR1+V5jiBgEn22ekiCFSXjyReDzhc1JRL":{"chainKey":{"counter":4,"key":"V7O9473qPMjJytkuxE4pD/jHULDxjBwTAkMRcyIIfg4="},"chainType":2,"messageKeys":{}},"BQ+3lWltUfK/TU7HULxehlfrNg26QzlxyozGMq3nejEV":{"chainKey":{"counter":-1,"key":"YNwoXAJZ8tfW+p2iqsmW2WMTbng78TCVTxLbox3wVeM="},"chainType":1,"messageKeys":{}}}}},"version":"v1"}