{"_sessions":{"BackfNXPRbzmZvQ7ZwhKXn4TqY/WMP5S53MseNbipwlc":{"registrationId":316152970,"currentRatchet":{"ephemeralKeyPair":{"pubKey":"BdIL8nLcaKTwJj6nESkyjgEKpM+O235nYrnpLz8j+E5J","privKey":"qChkweZ33FqjtQ79CPlnwiudhhxD21rqqGlrB+gnLVU="},"lastRemoteEphemeralKey":"BZWaD94miZSLkfzrrRq5UBQlsYp4DfdfB42VYlD5KzRq","previousCounter":0,"rootKey":"1sqnNaGt3ok5d6cyjoCFbMUnmpbtKf4ZYolH1rTqqsA="},"indexInfo":{"baseKey":"BackfNXPRbzmZvQ7ZwhKXn4TqY/WMP5S53MseNbipwlc","baseKeyType":1,"closed":-1,"used":1708235709524,"created":1708235709524,"remoteIdentityKey":"BY5FyfREYIdtv7fszMzL8XH60DdWC9xS9ADC9jCkHrRV"},"_chains":{"BdIL8nLcaKTwJj6nESkyjgEKpM+O235nYrnpLz8j+E5J":{"chainKey":{"counter":1,"key":"TmuUtbjNrM9zrEMEs0+o9z/AhqJ9+4bpP8t6vzKh5rM="},"chainType":1,"messageKeys":{}}},"pendingPreKey":{"signedKeyId":2,"baseKey":"BackfNXPRbzmZvQ7ZwhKXn4TqY/WMP5S53MseNbipwlc","preKeyId":8274417}}},"version":"v1"}