{"_sessions":{"BeEhm3frYJ3afUeS/znS96AStex1TTXgYt/e7IvIGfAB":{"registrationId":1123694540,"currentRatchet":{"ephemeralKeyPair":{"pubKey":"BbhCGFfUmdog45KYKDfKMRdkAIgjaupYZ58aTnEBFe47","privKey":"EFvlrIakhJMFDUKAX134giZuzWfUKcnSxWJU09VvmXs="},"lastRemoteEphemeralKey":"BaT5Q20zKUOfWuntRXPkCdYB75ZiS2oGhO6w6slUR3ts","previousCounter":0,"rootKey":"q6H/t09KSXcZj4/5JCVENqc/jD3f233znSItzbcx4sc="},"indexInfo":{"baseKey":"BeEhm3frYJ3afUeS/znS96AStex1TTXgYt/e7IvIGfAB","baseKeyType":1,"closed":-1,"used":1708235708473,"created":1708235708473,"remoteIdentityKey":"BaVYLgs/G78gbS67/qze7GWI05cXzwRwn40674wquRFb"},"_chains":{"BbhCGFfUmdog45KYKDfKMRdkAIgjaupYZ58aTnEBFe47":{"chainKey":{"counter":1,"key":"dmGms+8LFg+eQfIurGO2kXaKLHcisYO3gsdQIrzA5gU="},"chainType":1,"messageKeys":{}}},"pendingPreKey":{"signedKeyId":9,"baseKey":"BeEhm3frYJ3afUeS/znS96AStex1TTXgYt/e7IvIGfAB"}}},"version":"v1"}