{"_sessions":{"BTBCfMhibjEmLNduuPptmK+TiFWBg42UN2IVCVFYuZNy":{"registrationId":189060828,"currentRatchet":{"ephemeralKeyPair":{"pubKey":"BWCfnVsyL/M/mDc1XoGmmLuvclNHumWEw0Z2Ie3UlPo9","privKey":"+D9SXpBawiXlek+Y9M5bC+F9DVdiLJLl40BlMz+3c0w="},"lastRemoteEphemeralKey":"BYdmSqj57WUuwzsbvNQN/T5A8lY+0ynmPenCOQ2q6odg","previousCounter":0,"rootKey":"D4kHhl0NZ1A+ckWbydy5rTvtqE21XYcVmAneCKS9Jng="},"indexInfo":{"baseKey":"BTBCfMhibjEmLNduuPptmK+TiFWBg42UN2IVCVFYuZNy","baseKeyType":1,"closed":-1,"used":1708235711817,"created":1708235711817,"remoteIdentityKey":"BWBqNFKjbuYjF+/Jj5d3Ee20zDXIEj/Y7h6Piu8WlHs6"},"_chains":{"BWCfnVsyL/M/mDc1XoGmmLuvclNHumWEw0Z2Ie3UlPo9":{"chainKey":{"counter":1,"key":"/t34xRRcR1ReUwls42SSP+sotrVN7tZvd5kUZoYZQeY="},"chainType":1,"messageKeys":{}}},"pendingPreKey":{"signedKeyId":2,"baseKey":"BTBCfMhibjEmLNduuPptmK+TiFWBg42UN2IVCVFYuZNy"}}},"version":"v1"}