{"_sessions":{"BbHIlYnrGsfOyeR/sE5Fd+2J5RyM07/NCyCulqlMgq1E":{"registrationId":1456286733,"currentRatchet":{"ephemeralKeyPair":{"pubKey":"Bd+NVacxV4RKPG6O2rkjvTs6IPaCWRSjIGOusLyQtYsb","privKey":"iPOUwtHUvl5S566Vipb/XkeJhcrOFv6t8zUJZw40wko="},"lastRemoteEphemeralKey":"BQ/KviJaF/ZdMnK9PXAjew0bWADzq9rI7W/m4X6dUNVJ","previousCounter":0,"rootKey":"yIVU3SyhlP/raUJVXFrRBZ5d90HLKG4W76WJ+0sN2Nw="},"indexInfo":{"baseKey":"BbHIlYnrGsfOyeR/sE5Fd+2J5RyM07/NCyCulqlMgq1E","baseKeyType":1,"closed":-1,"used":1708235712346,"created":1708235712346,"remoteIdentityKey":"BY8dbpo2/MK+zSE1CshbGGZI19UJuYJn9CnAqarIY5gD"},"_chains":{"Bd+NVacxV4RKPG6O2rkjvTs6IPaCWRSjIGOusLyQtYsb":{"chainKey":{"counter":1,"key":"EIkHjt9iB7y1fFOP1Z1tr4w4VMtXCQ+3OYorx1zBTec="},"chainType":1,"messageKeys":{}}},"pendingPreKey":{"signedKeyId":7,"baseKey":"BbHIlYnrGsfOyeR/sE5Fd+2J5RyM07/NCyCulqlMgq1E"}}},"version":"v1"}