{"_sessions":{"BTX7NFAK+TF7gEAf2hUFPLRp1LFSm0+rh95kK0bVvC0M":{"registrationId":2119374210,"currentRatchet":{"ephemeralKeyPair":{"pubKey":"BS5EkXZwwYKHE2ghvgK3XbZdoXywIr2tv4I0dz55/4gR","privKey":"EHrdzHNkuAK0k73O7LZnqT+KD78dO6HK0VTYM1zkaEA="},"lastRemoteEphemeralKey":"Be4mFltPZbnF5uM8g3Llp77Ea9M35lumgpU9bhMDW6UB","previousCounter":0,"rootKey":"wrncf1pIi2bqgp1AL1yokPq7kj37ZUW6UmA4OWtI+bc="},"indexInfo":{"baseKey":"BTX7NFAK+TF7gEAf2hUFPLRp1LFSm0+rh95kK0bVvC0M","baseKeyType":2,"closed":-1,"used":1708277305228,"created":1708277305228,"remoteIdentityKey":"BTrmHQETcmn12rhfLxnVbjkVgZCfeJCincJnW/VDoJ5D"},"_chains":{"Be4mFltPZbnF5uM8g3Llp77Ea9M35lumgpU9bhMDW6UB":{"chainKey":{"counter":2,"key":"+GAewia8PLLYxHLG4IArl2D/OUrL3vjrUtNKAkWAdTg="},"chainType":2,"messageKeys":{}},"BS5EkXZwwYKHE2ghvgK3XbZdoXywIr2tv4I0dz55/4gR":{"chainKey":{"counter":-1,"key":"1e8fo0sFviRzF75qklqJlxHi2zounhHhhw2dSCTdmuU="},"chainType":1,"messageKeys":{}}}}},"version":"v1"}