{"_sessions":{"BVZi7kIOiR+Z65sl+8JGV9U3gj0dyQS0H/9Rh3RJ1ZYJ":{"registrationId":1408414566,"currentRatchet":{"ephemeralKeyPair":{"pubKey":"BUkLgpHftCwewFyexZ5HEr/MKq+oKXygADp/AwLiPsYZ","privKey":"eI3QIE9qHim/CK6RVGNI6bCBxPQWXlAJotXMjQyQx0A="},"lastRemoteEphemeralKey":"BfnpCOuu0i52lkBRLO0sLsQXQ+bGCzdh6roEQJfKPlp0","previousCounter":0,"rootKey":"spSy0nRFH3bdb6epMk8IZX8Vz1yHalLRbOR2gTxIQF0="},"indexInfo":{"baseKey":"BVZi7kIOiR+Z65sl+8JGV9U3gj0dyQS0H/9Rh3RJ1ZYJ","baseKeyType":2,"closed":-1,"used":1708225547911,"created":1708225547911,"remoteIdentityKey":"BRtsyOto4/p38TFGpsP0dHxS+R2zESuRJh5nY+DbIOIt"},"_chains":{"BfnpCOuu0i52lkBRLO0sLsQXQ+bGCzdh6roEQJfKPlp0":{"chainKey":{"counter":11,"key":"h2lwaL3fpfLKHdainuj7hwJG6VZ+opJ8LocYS1KlPWQ="},"chainType":2,"messageKeys":{"9":"/t+u/IPD6fixDAQEmiKzYbcKq1kdzTBnpsTDPcr67XM="}},"BUkLgpHftCwewFyexZ5HEr/MKq+oKXygADp/AwLiPsYZ":{"chainKey":{"counter":-1,"key":"PH/j0eCs51mUzXm6ZnZMIl+JlZX7MORbqWSPHMf65io="},"chainType":1,"messageKeys":{}}}}},"version":"v1"}