{"_sessions":{"BdSVmcU1+rK5xewvJGsOfVtScMe9ialARFMWQCcbTg8X":{"registrationId":1257421817,"currentRatchet":{"ephemeralKeyPair":{"pubKey":"BeS+L40/hRWfgbbn56MGyv9lHfF+bR+HTX/jn3jjVooA","privKey":"yBZkr3aOoGM0JI6klZnLtp2HuaFILSgpq/u/u9KZYFY="},"lastRemoteEphemeralKey":"BbQq4lpM2n/86kSQ2sIpv1pUmSCZkViZHw3+vtAmr6gS","previousCounter":0,"rootKey":"TJ53GnHsuEHUAY1PK+yUif3rpq9e41CvLZ1JOO+sFzs="},"indexInfo":{"baseKey":"BdSVmcU1+rK5xewvJGsOfVtScMe9ialARFMWQCcbTg8X","baseKeyType":2,"closed":-1,"used":1708220553819,"created":1708220553819,"remoteIdentityKey":"BUT24LhOeRFcdyHmnGq/BTN5Jn2OOI8Qy7NMS00E0mRF"},"_chains":{"BbQq4lpM2n/86kSQ2sIpv1pUmSCZkViZHw3+vtAmr6gS":{"chainKey":{"counter":4,"key":"DJUNcO6uN/5JHdxNoQOMr3P/dNBadThLXwiP4KZYUf8="},"chainType":2,"messageKeys":{}},"BeS+L40/hRWfgbbn56MGyv9lHfF+bR+HTX/jn3jjVooA":{"chainKey":{"counter":-1,"key":"aW7xGpU5Ww1AFyzL95T2KqOHqF6CDMzIV3CUaK1iQVU="},"chainType":1,"messageKeys":{}}}}},"version":"v1"}