{"_sessions":{"BVhGrd42s9uV2cbRAt7+5jPtRCuGUhYWuAVpomh676xh":{"registrationId":1118890874,"currentRatchet":{"ephemeralKeyPair":{"pubKey":"BXPemA6zw25mYv0y9B9U5nPtWlZe3xZMUAQj5E1CaXoa","privKey":"6C6whSALzLiT9rtcu5v7VGzR4v42lbqeSWaLaWenLU8="},"lastRemoteEphemeralKey":"Be2IsUvuNx6RCmU1GzILO7HRHr8tUGTxMgcTIKs5224Q","previousCounter":0,"rootKey":"52UFoqHODWEakJwS+1KXcRiZhZ3PH2TSH3VsgsGhNyg="},"indexInfo":{"baseKey":"BVhGrd42s9uV2cbRAt7+5jPtRCuGUhYWuAVpomh676xh","baseKeyType":2,"closed":-1,"used":1708277752310,"created":1708277752310,"remoteIdentityKey":"Bcapch4CBHC0iTMIgH4ARnqTDkdqDIZznPfrCNjAJtse"},"_chains":{"Be2IsUvuNx6RCmU1GzILO7HRHr8tUGTxMgcTIKs5224Q":{"chainKey":{"counter":4,"key":"52l/TT6XLXCTd+PxqPpS2hW7cqOOGC4e+B8nGWPXUnA="},"chainType":2,"messageKeys":{}},"BXPemA6zw25mYv0y9B9U5nPtWlZe3xZMUAQj5E1CaXoa":{"chainKey":{"counter":-1,"key":"IHu0Fv65cdD9WZE8Vg0Yr7oCmXxUDN5om8TL40Ch1Bc="},"chainType":1,"messageKeys":{}}}}},"version":"v1"}