{"_sessions":{"BTRZRXWaR5+TXA9nkFr3pMJBwDNRmY9O+whcDHurBu9m":{"registrationId":3794,"currentRatchet":{"ephemeralKeyPair":{"pubKey":"BR8FADJIgSJOPs1vNPI8DNqCboE2yQjxbVZz4LDPTN5U","privKey":"QLYbSilYWEBCMxl9QnSvE+3fnFj04t9cat9x2yhglnk="},"lastRemoteEphemeralKey":"BYGAbJ5sZ1T/cvB/hkGPH+SGqkUefq0LBEHnajWmJDJ3","previousCounter":0,"rootKey":"md13CVrwMlrJSgrmxM+Ds21PcfMQkoRvqZQ5Aj4YMdI="},"indexInfo":{"baseKey":"BTRZRXWaR5+TXA9nkFr3pMJBwDNRmY9O+whcDHurBu9m","baseKeyType":1,"closed":-1,"used":1708235707743,"created":1708235707743,"remoteIdentityKey":"BQNs5/LsXRZ76X8w/sVta6fqIGoWtY/JTZ9keMARjKRX"},"_chains":{"BR8FADJIgSJOPs1vNPI8DNqCboE2yQjxbVZz4LDPTN5U":{"chainKey":{"counter":1,"key":"9OQcfwzRCBwZ/+h56scf10Z5RLno1Xz8eWr+7UytYbo="},"chainType":1,"messageKeys":{}}},"pendingPreKey":{"signedKeyId":1,"baseKey":"BTRZRXWaR5+TXA9nkFr3pMJBwDNRmY9O+whcDHurBu9m","preKeyId":779}}},"version":"v1"}