{"_sessions":{"BWnthh3sLGRSJS/S3Y1RBlW81mmc5AHK/nYx0YYdw5BR":{"registrationId":407726974,"currentRatchet":{"ephemeralKeyPair":{"pubKey":"BU0B0/kbq1QFhfNzQEHSpg2loWvp6xNS3ckQ8Rf1CeYI","privKey":"gGsuSOFTSxhiY4GtZlqRprb/LmMMFKG/rO5ps+S5FFM="},"lastRemoteEphemeralKey":"BZaMtE3kWZ/Z0tGFQMvhr8v7PgZOygazmN01pQcZ2YJc","previousCounter":0,"rootKey":"cowGSQnO09czurcpcEVoN/X2DIxMDHf6Mmp1kSOWkCA="},"indexInfo":{"baseKey":"BWnthh3sLGRSJS/S3Y1RBlW81mmc5AHK/nYx0YYdw5BR","baseKeyType":1,"closed":-1,"used":1708235711326,"created":1708235711326,"remoteIdentityKey":"BdvoQ9wkkdPXDRznDI0RTHcAynzm4DYOD0fbc+yogzBL"},"_chains":{"BU0B0/kbq1QFhfNzQEHSpg2loWvp6xNS3ckQ8Rf1CeYI":{"chainKey":{"counter":1,"key":"NQJ/IvO3XIJr6VeiKfZTtA+G9ZuV6Pqn7mCjS4XI4n4="},"chainType":1,"messageKeys":{}}},"pendingPreKey":{"signedKeyId":1,"baseKey":"BWnthh3sLGRSJS/S3Y1RBlW81mmc5AHK/nYx0YYdw5BR","preKeyId":2729393}}},"version":"v1"}