{"_sessions":{"BfVzxLhzqnFz1RYP9ZZoxWuCz/duMBQZAcSJURxZsolC":{"registrationId":209688128,"currentRatchet":{"ephemeralKeyPair":{"pubKey":"BbmbR7payZtev2yZqDI2bslDaXf3PnnCbqLddWmJwTYo","privKey":"2OoWSQ+veWNA/YIoHQTm+LmQTeZIgrbLey0llmClhEo="},"lastRemoteEphemeralKey":"BQ/dXhcxZvqAXP06PmoP2x+43uQKH3H0FBsyy+T/Ojx4","previousCounter":0,"rootKey":"umIn5law33QJcc7AOvUu/6tiC+IsDwLlqlJSRjTdU4Y="},"indexInfo":{"baseKey":"BfVzxLhzqnFz1RYP9ZZoxWuCz/duMBQZAcSJURxZsolC","baseKeyType":1,"closed":-1,"used":1708235711969,"created":1708235711969,"remoteIdentityKey":"BdotSY8lLToe0KJp39s7iXHOCiDFzVl7pg1oFTFECLRK"},"_chains":{"BbmbR7payZtev2yZqDI2bslDaXf3PnnCbqLddWmJwTYo":{"chainKey":{"counter":1,"key":"1FSDOrK9fcSeELthX1ERA9OW4riqtctfVRVFzbBZQB8="},"chainType":1,"messageKeys":{}}},"pendingPreKey":{"signedKeyId":0,"baseKey":"BfVzxLhzqnFz1RYP9ZZoxWuCz/duMBQZAcSJURxZsolC","preKeyId":5093306}}},"version":"v1"}