{"_sessions":{"Ba6Yo+MLeEkZQ6kacFbAkUgAJo7ATvQCnVwlwu4M8b58":{"registrationId":11655,"currentRatchet":{"ephemeralKeyPair":{"pubKey":"BUcNYFGHHJI58Un3VQuRaR69ivMv2nD/zABnP36jF4Fi","privKey":"SO/EyG54/hM16BiFwvmMWl4uB2NqbiLvHcEnfQ3s0EI="},"lastRemoteEphemeralKey":"BdP+pOgjlHTRi0Cy2GktkWYdhOGyJ1f+oBDuoUQxCdJN","previousCounter":0,"rootKey":"Z64fYmRH/uSBTIX4PoGoeJ90WAx+wTJdsUkucseEulI="},"indexInfo":{"baseKey":"Ba6Yo+MLeEkZQ6kacFbAkUgAJo7ATvQCnVwlwu4M8b58","baseKeyType":1,"closed":-1,"used":1708235708190,"created":1708235708190,"remoteIdentityKey":"BYwkDXcBayC+7BWr9uVkqH0T5oGHH72qC1atTjslCy1d"},"_chains":{"BUcNYFGHHJI58Un3VQuRaR69ivMv2nD/zABnP36jF4Fi":{"chainKey":{"counter":1,"key":"gJn65926B5KNmYtt7PRlC8L8i3vv8tDfBnS9o7FwKLU="},"chainType":1,"messageKeys":{}}},"pendingPreKey":{"signedKeyId":1,"baseKey":"Ba6Yo+MLeEkZQ6kacFbAkUgAJo7ATvQCnVwlwu4M8b58"}}},"version":"v1"}