{"_sessions":{"BRrkcff2nl6G+qd9Zf/RqRIp55zMk67Q8Yj05Svg+K4C":{"registrationId":11068,"currentRatchet":{"ephemeralKeyPair":{"pubKey":"BVZeSR98ICbI7aLoSlZV9mYnhVuB1ANrJx4zB75Wu0sq","privKey":"ON1/6EF+lwa14VJmG5jU4UlYYahSGC9G9W2Fd0GvaHg="},"lastRemoteEphemeralKey":"BaFnRWxPZ7YwbD9ckp/ZA7F/HOob4uAQfVSYp5UbCSsF","previousCounter":0,"rootKey":"09MQ+aSua0di3vGkPpArvun7ALtvmbXEAVSCduWbmSE="},"indexInfo":{"baseKey":"BRrkcff2nl6G+qd9Zf/RqRIp55zMk67Q8Yj05Svg+K4C","baseKeyType":1,"closed":-1,"used":1708284322243,"created":1708284322243,"remoteIdentityKey":"BU+ZsR//pS6sr1IZ4z7oMg9C4KC5o5UWjE60jxosfiZV"},"_chains":{"BVZeSR98ICbI7aLoSlZV9mYnhVuB1ANrJx4zB75Wu0sq":{"chainKey":{"counter":1,"key":"SBgf9QFLnKHr7IeF8H9erh0xDm2ybQwRtDWlicw4R54="},"chainType":1,"messageKeys":{}}},"pendingPreKey":{"signedKeyId":1,"baseKey":"BRrkcff2nl6G+qd9Zf/RqRIp55zMk67Q8Yj05Svg+K4C"}}},"version":"v1"}