{"_sessions":{"BYZ6TH274XrB8SQlarnd7/limMxP79PSjOnZpDErzHYk":{"registrationId":1327845633,"currentRatchet":{"ephemeralKeyPair":{"pubKey":"BXrtgm+5XMT/qC5cWfQ57baiarIxeeqF4NUWIQ85d0Bf","privKey":"WLArpvlDvq2RCFYQg5OQ8Rua8cNevBXA5KKR6q149U8="},"lastRemoteEphemeralKey":"BS1bsiI3K4gk9np07FLfQik/ggRtk0Ub0LgVXWfzJbUn","previousCounter":0,"rootKey":"VkQ4U1gK3NOsbDIquVZeXZ5FBl/EI8mRXBZF5zhHVCw="},"indexInfo":{"baseKey":"BYZ6TH274XrB8SQlarnd7/limMxP79PSjOnZpDErzHYk","baseKeyType":2,"closed":-1,"used":1708277273363,"created":1708277273363,"remoteIdentityKey":"BYAEzP4AOI+A6EKE46IgJV4Tf/0hY56aR9c2o12Jtwxh"},"_chains":{"BS1bsiI3K4gk9np07FLfQik/ggRtk0Ub0LgVXWfzJbUn":{"chainKey":{"counter":1,"key":"nL8IwD2wasJQ1AVZENxspiAtrGLPqUFJC1WLJVBwaOM="},"chainType":2,"messageKeys":{}},"BXrtgm+5XMT/qC5cWfQ57baiarIxeeqF4NUWIQ85d0Bf":{"chainKey":{"counter":-1,"key":"ngqKt9XrUBUFMVUFJqxnvnbJYSmz8FzyMP927+4a6f8="},"chainType":1,"messageKeys":{}}}}},"version":"v1"}