{"_sessions":{"BdVxRc6amRyhy1n1JoXItz6tK9exOXODgzVAMZLQNRkB":{"registrationId":1160196593,"currentRatchet":{"ephemeralKeyPair":{"pubKey":"BUlC7nwY8WgdEiYXz+wTq/c+TRp+Mb01EztZ9hrtKYle","privKey":"kP4HJDk4U4ExTjbZvC0DYGgDEUzAhhlVY833lvC9rFA="},"lastRemoteEphemeralKey":"BVYYBd40HUeZyz/FXD8N2FGv66FKx0KSG6zOJScAOwEm","previousCounter":0,"rootKey":"da30x/Wpzt1LycgT1OFIMpdXaUctxp4M29G9EKrVL0Q="},"indexInfo":{"baseKey":"BdVxRc6amRyhy1n1JoXItz6tK9exOXODgzVAMZLQNRkB","baseKeyType":2,"closed":-1,"used":1708230694106,"created":1708230694106,"remoteIdentityKey":"BZLfI+4xN8Cw1NIVtOiD8v36Z/W3o8HKCVThIlxQFu9E"},"_chains":{"BVYYBd40HUeZyz/FXD8N2FGv66FKx0KSG6zOJScAOwEm":{"chainKey":{"counter":1,"key":"v2/k0cjZpL5whQGFuz0RhKrRY1ED/SG9GpLlI+J79hs="},"chainType":2,"messageKeys":{}},"BUlC7nwY8WgdEiYXz+wTq/c+TRp+Mb01EztZ9hrtKYle":{"chainKey":{"counter":-1,"key":"ndXap7xAdmzfSdhR19YCsZd9qPaCj99v7+ScC0vb7aQ="},"chainType":1,"messageKeys":{}}}}},"version":"v1"}