{"_sessions":{"BVyIJtjakd1mpkcG/AoMWVl6ih1dWEzynohiPYo8S+gu":{"registrationId":1856284110,"currentRatchet":{"ephemeralKeyPair":{"pubKey":"Bb2Ht/PcWwQcn9yILrDnS6fPqbpIEqFwPFy1pAJOsOQ9","privKey":"2LHaDbnAPoXVT5O53qDnGe1zoc9fNk9a2nEusXbCcXI="},"lastRemoteEphemeralKey":"BXCfn6bgHjnPXgYjTPIQkd8Go7Rj9XGgs1VHYBcsWjQs","previousCounter":0,"rootKey":"w08GGT80/YKjT0Lk6nQa/uycX2ygfUQ29cP+f3/K8s4="},"indexInfo":{"baseKey":"BVyIJtjakd1mpkcG/AoMWVl6ih1dWEzynohiPYo8S+gu","baseKeyType":2,"closed":-1,"used":1708284205824,"created":1708284205824,"remoteIdentityKey":"BWx4j0qsRw0VjaoTTaMK1gtEoeiBysH1ta+Y8dlSAcpk"},"_chains":{"BXCfn6bgHjnPXgYjTPIQkd8Go7Rj9XGgs1VHYBcsWjQs":{"chainKey":{"counter":1,"key":"ShdpP8r6tU7V7AvknrjMcG27+EOo+nL2o8q4EYeWHjI="},"chainType":2,"messageKeys":{}},"Bb2Ht/PcWwQcn9yILrDnS6fPqbpIEqFwPFy1pAJOsOQ9":{"chainKey":{"counter":-1,"key":"TQnKSBahcvKNcYpOp3/Bc29StVzTPKCoG5vZOc8GOsU="},"chainType":1,"messageKeys":{}}}}},"version":"v1"}