{"_sessions":{"Bae4OKMX6KDbBD+Rkd0fPZRkoVA957bWI1fJ1vghNx0/":{"registrationId":827672028,"currentRatchet":{"ephemeralKeyPair":{"pubKey":"BWIV+3iUQJJ/cSp/NpWQg18g1mFmhMNaMptER/zcfDwY","privKey":"oO/MFk/wRSv1JEnHFUMrpENA0FvDrTfAdokcNCAtuX8="},"lastRemoteEphemeralKey":"BbRggtX81BXftoahNGq3caAfXSE3DkzTs1UnSlur4Vgp","previousCounter":0,"rootKey":"u4joJzmItDXNyFV46Ut/I+tyYL/u9y4eLkCUc4T4jwU="},"indexInfo":{"baseKey":"Bae4OKMX6KDbBD+Rkd0fPZRkoVA957bWI1fJ1vghNx0/","baseKeyType":1,"closed":-1,"used":1708235712739,"created":1708235712739,"remoteIdentityKey":"BddNcMoxc08sV/QxCSYLSH0PvvX/sU9I/DM1+igapLkK"},"_chains":{"BWIV+3iUQJJ/cSp/NpWQg18g1mFmhMNaMptER/zcfDwY":{"chainKey":{"counter":1,"key":"7zmcwyteXsBv1bm2L+ClHW6r67bIcy6WC/IN8jBIBVY="},"chainType":1,"messageKeys":{}}},"pendingPreKey":{"signedKeyId":0,"baseKey":"Bae4OKMX6KDbBD+Rkd0fPZRkoVA957bWI1fJ1vghNx0/"}}},"version":"v1"}