{"_sessions":{"BTsKlQSKBkn0Fp71erxbMxMa5iPDSMcN8KI82BHTTw4G":{"registrationId":1570354764,"currentRatchet":{"ephemeralKeyPair":{"pubKey":"BeucMWIiogOz5SRDb3dO+N9mGhhhB0Q7V/uMgQwmx5hC","privKey":"ADtXegHFM+fqncaXjz0u9XBAt2FjcYKgiD6ksgqQ5lc="},"lastRemoteEphemeralKey":"BQiSi1heJZdcgXPC6v9W8FHWoxKC/BpRvntc/01Qz7UW","previousCounter":0,"rootKey":"Gdqe0UWuHGghxPYfBQky15Dcv2QFPZVj+aUUbZmdP9E="},"indexInfo":{"baseKey":"BTsKlQSKBkn0Fp71erxbMxMa5iPDSMcN8KI82BHTTw4G","baseKeyType":1,"closed":-1,"used":1708235711871,"created":1708235711871,"remoteIdentityKey":"BaG9IenvoYS1aKdmndnqhJipmTcRcn2xzRCdswYiqMN0"},"_chains":{"BeucMWIiogOz5SRDb3dO+N9mGhhhB0Q7V/uMgQwmx5hC":{"chainKey":{"counter":1,"key":"8/auTdSSfBqYQl7+cSH2iK+EAFKv442sLxYZUVA2PXw="},"chainType":1,"messageKeys":{}}},"pendingPreKey":{"signedKeyId":27,"baseKey":"BTsKlQSKBkn0Fp71erxbMxMa5iPDSMcN8KI82BHTTw4G","preKeyId":7996314}}},"version":"v1"}