{"_sessions":{"Bd3FnREQF/1zB2IB9FHkSSyThaq9l/kClXq23iWdw2Ju":{"registrationId":1412524843,"currentRatchet":{"ephemeralKeyPair":{"pubKey":"BaZyb8Fl3i2a1MEKov8g9JneIppcbAKzuIONXR8X/8RD","privKey":"aIQqJH63jWocf7kV25CYKH7hE32LmUzbI1Z4sT0QQ2k="},"lastRemoteEphemeralKey":"BWB8AVsoS3Vr+nIgmoY5OA5ahyXph6ykRjMb1KYSoVlX","previousCounter":0,"rootKey":"hWd1OAphff+IeNC+Qhe+NFw1j3egYgH8lBYQ5bOXa+g="},"indexInfo":{"baseKey":"Bd3FnREQF/1zB2IB9FHkSSyThaq9l/kClXq23iWdw2Ju","baseKeyType":1,"closed":-1,"used":1708235712499,"created":1708235712499,"remoteIdentityKey":"BSDJCguyiL5ml4ddzqLa7HDr6JqqsQI2yWPc4gDLz2IP"},"_chains":{"BaZyb8Fl3i2a1MEKov8g9JneIppcbAKzuIONXR8X/8RD":{"chainKey":{"counter":1,"key":"htktHMftV4TGBlE0HTyfEuQD2O3y3srzJJ2lKuCpjIw="},"chainType":1,"messageKeys":{}}},"pendingPreKey":{"signedKeyId":2,"baseKey":"Bd3FnREQF/1zB2IB9FHkSSyThaq9l/kClXq23iWdw2Ju","preKeyId":6149271}}},"version":"v1"}