{"_sessions":{"BdtCAlOI9lKebldPFPsTtqV7HOYffDwkRhgIurefc4tA":{"registrationId":848629727,"currentRatchet":{"ephemeralKeyPair":{"pubKey":"BQ43HE+89OUPdFkx4dH/J8tSHR0Srtntq4KvBnA0MSJ3","privKey":"YBheFalsLlpLO7WayNoCRN0cwR7IDWtBw+VKykyGLkc="},"lastRemoteEphemeralKey":"BRtp3hFaJln8oCn/ABJhJJOwWrblsSU4cDnuj9w8pVgu","previousCounter":0,"rootKey":"gtaQpnYKC6u9SssubZURa3oL94V43GAgwRfH5uuu2T0="},"indexInfo":{"baseKey":"BdtCAlOI9lKebldPFPsTtqV7HOYffDwkRhgIurefc4tA","baseKeyType":2,"closed":-1,"used":1708223669536,"created":1708223669536,"remoteIdentityKey":"Batqi4CsU4DtuDg1RWvfuWlRSyJaclSXqzOQzXwGw/4w"},"_chains":{"BRtp3hFaJln8oCn/ABJhJJOwWrblsSU4cDnuj9w8pVgu":{"chainKey":{"counter":147,"key":"CWtcBrE73zbIabIUKrGy9sKkBi1QGeUYpEJVWDyJhI0="},"chainType":2,"messageKeys":{"1":"ndQmv4j1iVDsVBz1lI8PCmXYM8wYbExdyxhlxIabWPQ=","10":"o+HngS9A+1x2yC/ub5y1NGH/rOiR0XbUlVob6aaq0dM=","11":"Xgx1847P+qZBBWAZ27+fI/kuTb1P9/ynAxZlkoaCVfQ=","12":"vEdAaIcRS6SAAPQuhisC2uMsXyZUNchkaCEL4P3SkEc=","13":"W7rRj2ecmPuBS0yMRyQIl2N4fuy7XoGwIOS2T6wx0IY=","14":"tteeQhl8pFGQbevyEUh+QwWwh3ugGMZGVeVOUJZ/pbQ=","15":"a6bDcgPJJz+s53+kdMgkPliZgx/L3DCciiJxCiUK9BM=","16":"+iVsgWMIWBSEZVap5Mpg8i2wTr8+RtfTP4WtMgn6qHk=","17":"iXRl3OwjvavUtHJldPV6AbmQ75xX+Yd2p8JU51DeDFA=","18":"OuI1SW/Edj7lTGNm6hK2Eqbm6bx2eU++ZD8ayxxzXk0=","19":"2OVDuHW8iDdwHzxcdFO9oWzVqeGifNgY9ZMIzhWQ/Ro=","20":"aRE0x6DFbo3Ql2IiThB7SXTnHUrL6qRkI8CTHWWhDCg=","21":"o7Rq23RxWk0BCqCEIxImeRrBrfmDeTGhwImxBF3jssY=","22":"5wJczm1myn4gL+YZRXs6keAhJ4TH0zmi8W/193z+ywU=","23":"sCgZVsIhd85tyAH2RkIUkMsNPWnvUuntcEXnY7bliWU=","24":"NeD1j27JLDPOmMFUmlMmRBdJEaGgAQhfPFbYkxBycec=","25":"HI0n9FEtCvrCLNPYpbYVlJGyUqMIybUf1vdeSgIaWGs=","26":"5JqcsB2ghw7LTe6ATmYzAnxjLyqs0KPwX4y9t5ohzFI=","27":"BwHmMvrUpBfZ+ZgAdhUwhlHt5NQzpejsQYvUYOE4c6A=","28":"s1+cpwVQiQ6HVaTl6ZR7pEZTc48YUzSZi73lTQ09uto=","29":"tkjJgjfdmQyuxe2WX3Hc7E5hNo8ksf/Ai4cQ4KntE2A=","30":"hGtXqf9tnp/aSS0+StaizkagMPlL84fMR94D3zoOwEo=","31":"9yQvp9JZoH1NjNw2z7pkpCLWqDjXBP4bl5RvOfYONaU=","32":"Agzazjp1WF69LHWWqEHD43KOhcwtuy+56GmQJi0S8Jo=","33":"ASJLRkNySWOmS0VU13W/WKBur/t/oc2wrCBejSJ+cBI=","34":"9LTsTunLp0OAzld3aEt2+JgGpBg1rceRvr8WJ5D+rhQ=","35":"vXNn78Vf4mmqTc3HWU5c0erleCmSXUXyJxfJ2hzBm48=","36":"vcUi8qxX8NWG02l0yUjTomyf33B4F0eSjInx3pbfwbM=","37":"Ygg3+AMesemEyWjVOXmFyU/SzgRv/xqG4AdMNXr7eTc=","38":"KN3R8jJgwlj8cgsgWhEiVXQBR0PUGlmAx0TPrOQhRlw=","39":"X2bVThd5/XICwvhUcpwrvvv6gJZCUQG6X+3zWXbOVoY=","40":"hRpzwyQpLkxhyT2Msxg06u57DRbQVGjYL7wbeenpTiU=","41":"h5N8yo+Ghlr8zidEbCv9BL+doIE6/1w2MI9EUYdaiPM=","42":"Y1413Eg6TfGLNiQb3svmRzd5dhwE+BFmAHRgJvKkRwY=","43":"oNbMnfIQZaGeDEMaQvY1ipOzHK2CA3AsWkMHbQJqZbg=","44":"ywfDByT7Iv0dZFdAkswHF7xqZLXrScBwqZQlephT9hI=","45":"B12iukegX7oeBw1m8JSEvGdaTcJ/RzrZGazOCJUqWKw=","46":"bq3SmYYO9gcnzLrDue2KCyU7K3qMuGYDa2Pr8bM4cTQ=","47":"WwlZsr9HcuesABQlYFoy215ECiRlEyteD01ZCaViCFg=","48":"QFmENwEyJjduNa/O5k3tvzAMXOsLCJ1o2/jk8C3QEKM=","49":"rLGAZBoR/93Kga+KjuMmfWR8keBGaFzKZT296KnF680=","50":"v4PS6NdBKczvcX11PXYBQXiL3USJsIlv3BtkfNpUTZY=","51":"X5ReYxSzxYV5qQAKGonVSreVdHexJzA9kzpx2rLwyhw=","52":"ovduNnI5G4FSb0Hgmvc1gq72JUSr7eYu7IvRs9Y7IVI=","53":"QmiIlehweEy/vhgaGBG+0r1NRdbmJswSM964V8W1+PQ=","54":"r/uLKLvxe9eWiLyqfrqTcBeI8I5t4TIa2pZK63p1xuw=","55":"WTBpXmy1vvf9vcXb7hOi9QI9atVd5DLO4/xumwfLm/Y=","56":"YaupCyCFjINUaafp0AhGQINx5Ckpmp8aqa9dKw7QBII=","57":"fnMVxmiCm+v02G3vk2KjEC7R32vY/2geY2kfDLGoynM=","58":"GEfyh/D/yzQCuOpzq4PXXvnApa2195QahZVaZHRVU0E=","59":"7DqaOZE/4OkWqUyEfjJsY316uyqfPNn0OhW0sPKmcYY=","60":"23AxAADX4HpZQ1Y9+RrqBs8b9kgD3ZurX7HuNMYVS3I=","61":"32rdW9M+h64L2UpT/dGQ2FkYDyI5nGpplV+I81MPAp0=","62":"W5Hw1bUsZCwXdxEJCQCbRv1rKhdF75ezalYHImxDiz8=","63":"liSFwCGE2On4DWN3vzOWomvUM6RQjBAAEi99ExTll14=","64":"qXa+NzTWKgeeCYwiXYWnYEJQjg7CKFiRlRYKgqZv4Qg=","65":"ntONtJSoN2Ry3n52QMRr+RqRXS0PSrk56N5Z+OrxCTY=","66":"2Kx91cXlmDB+Rhtd5QslwZ8I62F3eMNv9y/h8Ua9UPo=","67":"hfFPOVoTtgEfipkCpvrJ4pyGkDv5zsffze9Q+3dCMqQ=","68":"9k3ZutONAvBA96zi2uq9DJDCv/roVdMM4RTRGjIUTi4=","69":"4HcNwQ9doocrPsLHJUC97GKi7+hfodMam7+4zGi8opM=","70":"VlzNNrJHIu52a2nagLsAl0BCf+L4iqfJcMphSai+0SU=","71":"uh1l0Lu+4ctFbmfx6twLw+MBJVvhN/ugcPemJEh/X3E=","72":"MTRS2nrOeOQ2bGVe2rNs+vkSgkhIQu/Nmq+1N+3Ofug=","73":"pqEZYoXxqUhJfw5+B0/Dfm1TMQ4RuDxbdmT7QOifXJ8=","74":"8vlvrKul7s0EXvoU85tQh1IE4mvIuPrHLo9gmjJyuIY=","75":"f4WP+DsVm5lX7fZ6qP81Lula7oLwfAv0kOkBTHCy6C0=","76":"WT5FdJuhdRscMYsoMa77uFTB1f0LjVrxsZoIBD9HJCI=","77":"oLFg8lmiRF5Xr+yNWBdSY+D3Do6DDZekKRawH1PQo3s=","78":"qfloFHHm11hgp+2ph8OOqbMCE4Hy2IvL6GN5hKTwVA0=","79":"dwX6aLQm64blCgrhtqZggjLsnwKMFIUdMUFsZsdTTI0=","80":"cG+AjxB2Bw+rioymeD78NQTKPpdvmG9zwjC4yKVcCRI=","81":"NKt5IWOLheD91opojquyH+GHXG/NCs+2TCEgV6REX/s=","82":"IlvyHf+/3qT6rreoCyI5xVvV2QEcmfQg+7gyy9G74/g=","83":"01V7K13KbhnAgNYqVXWsEPgOYWTg7LsuUv+XiiDN9hA=","84":"imi9qCYp7z0NqvyOxrhYWWoStG7Q6osmL7qPL/GqHt0=","85":"Zu2CfhYLwF0qNbkAI6WvwZWr4npMpdvPVNjHC9kjI0c=","86":"q6naqICI2H7RMyEgEvcLuCxAez9Mdp6Jdg45Yd2/KV0=","87":"oBfv9R01ZIbWS9+BSjbTfqDL7S8JqUVTnOhWZm9qQUo=","88":"rCU5n8QujQyp+kWpn6UaU3fQr4osZP/P8TYAwi71Kek=","89":"aYsCQH8bA/ofj4hUgjJEJVzvnN1DoJ7BbUp4CPjBtuQ=","90":"TfCndKxx3gL7Z4bCpJbBRG0N40EWSdsCeOKhC8rh2VE=","91":"C1YYARRvn25Gx5DRf6JGuwqWJML3dNXKC5pYULjb3Ww=","92":"Y7jyburM02BKRTPDf3VRtHC1f+yBAwtX5XlfKeXue64=","93":"Mlc5S7KDvbIHFAFNNFr7l3RiEUqHEiIOd1XUzEahGyQ=","94":"2eHGj9UcOlKgsQ+JCAVEUh089TUR0FWvDgnA8NuImLU=","95":"h+zYd81LdrGchNvAYZH9MaPeiweHj6a71pGyhTyR39g=","96":"NogvGBeMAZX/mFm6nXujc2rllUKOeXsEqHvhu/0SDps=","97":"YxfzcFUk7DI8GcoG42M8TJsYuu7eypfQ5lnAu+9KE9E=","98":"ifHRovrkbnbm6iWqJpNgYWBTNLTZPgGp2MONpTNb+Ug=","99":"wjY9l2TYwzYmgS48BTiUUfBSl7t9y3y+hi0tdzNEZMw=","100":"CIkOZz5iK6rTRj0AjW8V0ZQP4Hy0+RSKOVQdyx/aikE=","101":"cvHIspAQVcKA5xpWNWXuieHYwF9475RTXXpb4a8NWTo=","102":"+i9BXJR9ovyAbo7AE5xKxWp8tcyKAYIArKi9wbGN/JQ=","103":"2p0dvLPhjMdD2JibiK2AO9Nlb7/b08FX7498j4Vzmzs=","104":"snCjA2nOAEBZKzIb3s2UNte1xejX7UGSbUmAa8eOpeU=","105":"TrN95PQ3fm+Q262hEUeS3K8AhtH4h3kwS90BvCofxaQ=","106":"wRwX0iJkasUYCONQwloncXrYrlx/8SNYTRd+ek/cmP4=","107":"8MEZ/3/bepW7O3KnIuH8dL1NkGb256aNn1tv6lvfVRY=","108":"KqWuIN8KmeD8BQ0q/uXAI+sHZMC5GGbBq2N6JgSHNbs=","109":"zpGAWIYdLr3nyxkWK+VvGTIQ8d1HkuKj6AdOmpCu5uY=","110":"MHlLyu6EADfvpNq52uem72Aa9eauC5vU3BnJyUXPVM8=","111":"j8XDNVh96R6+6QeQUbjBnXA16+NPA/Y7HULsD0A6jF4=","112":"j0whrsxR0lgJkAp+OidvLkpfPcUF1cZlhHD8jC2FvSY=","113":"FkkRGVDwEc2HgcivFTSCAjUjq0zlU22Vk+XdR0NGJbQ=","114":"NbJMZYPojF5R+doin/nWEBj0BG8cHvWBCAefRuMXXB0=","115":"AfKGvIs0+orPuKMhs3Vlz+fRBmF+roDuz3G+s+k4Bgg=","116":"zLO16sYR8tfB/zo2woxxVlUvptw+ASqrZvfsO3uRhUs=","117":"c40ouUD4cbUK6+L0jNmodZ0p7xH/j6EVNtHUkXQs/Xo=","118":"rTfI5h5Jsgvp/VJdDPts9W4NKoGdKaTfqfYGqtUTUvM=","119":"xW5hLcO2sHlpNleQ6R296Vl0IITjT9jHePmuoYinwMA=","120":"FFDa5qi3PJNQYiAbbBfYPAuQN60h/BX7r82rLWegnQ0=","121":"W2WmJi/hYv0kLWM+pSYPh0oa5OyOoxHpTmMYJ1vczBA=","122":"/dtJzNCDClb81sfXxOxmMchTqucj8S/Y58FM7vOCBoo=","123":"9SSSFyy00XT6jxshcrxS6DgRal61OBnc7mctyczl34I=","124":"uzKwNG45v3Glm33/mkFEynap23VZFNnsPRDUog9k+3c=","125":"PYnpNnnlmZBrb2VmJmIca+X7DdfVgeEBziq8NQoIiYI=","126":"NTy8wizs3FsEf8Mrv+y8VWGBd/Vq9krcaKSXI6dQSqk=","127":"DV+jPqxkSIHm3AbcFp7x+cAe04a5Px8s/pZg+kL7vAI=","128":"g7zBnw3Y2e2DJxj0VixKQNxXB7D/aL/Fu1ean0y65UY=","129":"VorQWpVMtFMtmmjTkE3f0WyFNNqkKpo09TvEbw+CtEg=","130":"NpVVnzCBp3Q7VT9nkSKKdmRSLMAHsF2S1yyx3k4xLv0=","131":"rCKbyV61WRSGWe15+JImXG0k5xR9ltevP+PtC/HhGj4=","132":"l4VVlO1HfPQ18M2cmftNtRE0AMsLbBh337+bIam0Wvs=","133":"lllzEamRWn3JUTH/r8R9+989KqZsr6vBpc3pcXzuU+A=","134":"Su9FW+sCUbb7PodCnki8FjEegfWGOYM70oIHAFcmZhA=","135":"bGJh1/XHtbDF9OXM3LL/10xWO/2bjXrBsh+BsjGWRK4=","136":"NvJLkm9jblxwf2l9+BgqJs25n7ZwQIi3LifkNghKk5c=","137":"qZqh/8ShDPLV2cPUTnq186KdTjumign/KV+iZl1FofA=","138":"lXtmdgwdkQPHElE/bXIRGGicKPHg2X6n5Gl6ka9Ho6M="}},"BQ43HE+89OUPdFkx4dH/J8tSHR0Srtntq4KvBnA0MSJ3":{"chainKey":{"counter":-1,"key":"rYAivOfWe14lT0CA5eEWg4/nt8kjEWcjqroNxZ2tQwY="},"chainType":1,"messageKeys":{}}}}},"version":"v1"}