{"_sessions":{"BTY7CPXmxDlxQqfmoI9CZ3DOmnbedsvsKLqgxH1HpQQe":{"registrationId":522009602,"currentRatchet":{"ephemeralKeyPair":{"pubKey":"BQwWtilMo2TGIbPmXPWcMu1+xqLEYbLNVy1obdPMOSRE","privKey":"wKIRalYYkad9TqnwkxHf49/n5jJ9irMyB/guCXL1ZFE="},"lastRemoteEphemeralKey":"Bdo+cs5gAOjsRc3Gk/u4NOBirgtb2be9cMY1UyYV9hpA","previousCounter":0,"rootKey":"K1kAaTZQgdy0sBrmN1HFdB3993R5k5zRNXK7KWFbzqg="},"indexInfo":{"baseKey":"BTY7CPXmxDlxQqfmoI9CZ3DOmnbedsvsKLqgxH1HpQQe","baseKeyType":1,"closed":-1,"used":1708235708737,"created":1708235708737,"remoteIdentityKey":"Bcv2irddSAERPGQrYV0eDuNGXSbO+TyB8G1aaxZb/F43"},"_chains":{"BQwWtilMo2TGIbPmXPWcMu1+xqLEYbLNVy1obdPMOSRE":{"chainKey":{"counter":1,"key":"OXEuvQTd4vLLxPgHW5bR2RAcA4zpDy8ZQelpVx5+aPY="},"chainType":1,"messageKeys":{}}},"pendingPreKey":{"signedKeyId":1,"baseKey":"BTY7CPXmxDlxQqfmoI9CZ3DOmnbedsvsKLqgxH1HpQQe"}}},"version":"v1"}