{"_sessions":{"BdAxyiJK6up6IeV1qfpjaEaCFxeXEkWPSol/QwEpNdg9":{"registrationId":18510953,"currentRatchet":{"ephemeralKeyPair":{"pubKey":"BTjIJsoYhPZeiklGKhcmlhT0dZT79b/0WK+4rwnf8Yd6","privKey":"oHi2/6MCmgi5+La5TT2iXY1pEjgtaSZ2YqRkO8YMRnU="},"lastRemoteEphemeralKey":"BT3XmxU6I3AfGa0nphKV9lMaSEMg4GXRiS/h8yfs9TF/","previousCounter":0,"rootKey":"uDNRvUWCXk9pU/jbPEJvAVTpIUyJzs9a1oqBuxeHAH4="},"indexInfo":{"baseKey":"BdAxyiJK6up6IeV1qfpjaEaCFxeXEkWPSol/QwEpNdg9","baseKeyType":1,"closed":-1,"used":1708235709127,"created":1708235709127,"remoteIdentityKey":"BYXQbagZTc5ThZB2NzlOH1T+TFTYjhX5XTeP2ZE4c6I6"},"_chains":{"BTjIJsoYhPZeiklGKhcmlhT0dZT79b/0WK+4rwnf8Yd6":{"chainKey":{"counter":1,"key":"+RSPLkqcaRQP+sKgcgYeKDCLC7dDwxiJe07ZMw2RlfU="},"chainType":1,"messageKeys":{}}},"pendingPreKey":{"signedKeyId":2,"baseKey":"BdAxyiJK6up6IeV1qfpjaEaCFxeXEkWPSol/QwEpNdg9","preKeyId":6511463}}},"version":"v1"}