{"_sessions":{"BSyoev3ymsnU4ibRNcnWLmtV7wnGwLN/MQ78OG8zcK5A":{"registrationId":718152391,"currentRatchet":{"ephemeralKeyPair":{"pubKey":"BYhpHDPzm8xoxUkF08I3fDfYBhHCeB+kpng7DOmdzgMX","privKey":"uPw+CoNk4po7jAsuEPLloDkwdraRz92vLWHoPVlUcmE="},"lastRemoteEphemeralKey":"BZ3Hl7mZQ0Kan9jWVBahpQk577mJpQXtR/YPaCwAE7FE","previousCounter":0,"rootKey":"PCCGw5GvyQ0NI5SYiExvu+Go/iQ2b3mP31ibEmRJgFk="},"indexInfo":{"baseKey":"BSyoev3ymsnU4ibRNcnWLmtV7wnGwLN/MQ78OG8zcK5A","baseKeyType":2,"closed":-1,"used":1708277310151,"created":1708277310151,"remoteIdentityKey":"BXc696qkVtbK82GLwH9G/aa0/4mZDk9lQ+Z+O6ALHDc/"},"_chains":{"BZ3Hl7mZQ0Kan9jWVBahpQk577mJpQXtR/YPaCwAE7FE":{"chainKey":{"counter":0,"key":"B1XNMOaYX9RDEFRNtYyeKtUW7h/8dZzZfGT7a0QqHBI="},"chainType":2,"messageKeys":{}},"BYhpHDPzm8xoxUkF08I3fDfYBhHCeB+kpng7DOmdzgMX":{"chainKey":{"counter":-1,"key":"E8821RP10+5zNQp4C3NF5uhQOrYWFm2ozneHtmKoZnM="},"chainType":1,"messageKeys":{}}}}},"version":"v1"}