{"_sessions":{"BeZJ8hJZXoGKmZ72nawdi5XSovj1IVXXDcC08JWosOEU":{"registrationId":815753950,"currentRatchet":{"ephemeralKeyPair":{"pubKey":"BR2+Qjk4Ry5Np+NCw60A6UsXlHGF75Fq4EJNHXh379se","privKey":"mN1mm5VqkREExGd/kjQi1YYR0Sk2Z7089i//cHBxiUY="},"lastRemoteEphemeralKey":"BZZlgnq3V+NzhnI2pdN8ymhIG3Caxegx/rOgCi4AiGoc","previousCounter":0,"rootKey":"JPcozHBk3L+5NBeoMY+SldBO//GpE1E8OaUMPg7kOCk="},"indexInfo":{"baseKey":"BeZJ8hJZXoGKmZ72nawdi5XSovj1IVXXDcC08JWosOEU","baseKeyType":1,"closed":-1,"used":1708235710218,"created":1708235710218,"remoteIdentityKey":"BT6eyKSctVUYC1uejNfuAGVpM9orggZRZg8ySmiLRu8F"},"_chains":{"BR2+Qjk4Ry5Np+NCw60A6UsXlHGF75Fq4EJNHXh379se":{"chainKey":{"counter":1,"key":"h462/PH9AzFzo+uiugxql3EG2Ue1E9RYZfrkZ+HT+yc="},"chainType":1,"messageKeys":{}}},"pendingPreKey":{"signedKeyId":60,"baseKey":"BeZJ8hJZXoGKmZ72nawdi5XSovj1IVXXDcC08JWosOEU","preKeyId":8381199}}},"version":"v1"}