{"_sessions":{"BdSaCFCUyaqk9CkZ/74CTjImYwRT5MlECRQ14TDjF20i":{"registrationId":1699403212,"currentRatchet":{"ephemeralKeyPair":{"pubKey":"BaKfjwR6BDVtAO1WuGXU9b6XWFniY2RO1zAEeZn/mLVT","privKey":"WCSP3NbNBcZej28STfNV5E2H0CPjIkbgxrC7C0aAEXA="},"lastRemoteEphemeralKey":"BWlriAK5dRMp9SClzVHDApHbOMdANaAjpuX/YGARV/Qn","previousCounter":0,"rootKey":"XP6/yCOcimjTNjllAj34xEUNyMkt0MpVruf7N0CTvMo="},"indexInfo":{"baseKey":"BdSaCFCUyaqk9CkZ/74CTjImYwRT5MlECRQ14TDjF20i","baseKeyType":1,"closed":-1,"used":1708235709326,"created":1708235709326,"remoteIdentityKey":"BW5zrs4KYwTLGUbKeIUWD7hmf5rRfsWAQxz/MTcdMG1L"},"_chains":{"BaKfjwR6BDVtAO1WuGXU9b6XWFniY2RO1zAEeZn/mLVT":{"chainKey":{"counter":1,"key":"YXaPY+KQgVY3I1jaI5ug1JKYa/aRE1D/KzZY/GX38RE="},"chainType":1,"messageKeys":{}}},"pendingPreKey":{"signedKeyId":11,"baseKey":"BdSaCFCUyaqk9CkZ/74CTjImYwRT5MlECRQ14TDjF20i"}}},"version":"v1"}