{"_sessions":{"BZihLmdej1IM0kDzhizxlv7VBVf3pze5E1ghYWbeeR57":{"registrationId":4026,"currentRatchet":{"ephemeralKeyPair":{"pubKey":"BaLhfE9FWKaYEf5n9Mct4rDuvHfsOkjFllIv3j7lUHc5","privKey":"+C+2/y77124AxltgquCDDefgBCgdeKBShtjPwlIK21c="},"lastRemoteEphemeralKey":"BWt7qizvuSXys3MUJHUUKcMQsav+FDEzreMwFwpEUwld","previousCounter":0,"rootKey":"o4+0VpH9KUPPRvu+DfpeikG3JJ7xMhjogvw/Grd8deQ="},"indexInfo":{"baseKey":"BZihLmdej1IM0kDzhizxlv7VBVf3pze5E1ghYWbeeR57","baseKeyType":1,"closed":-1,"used":1708235707946,"created":1708235707946,"remoteIdentityKey":"BeYC5XHVHyLMu9SIaj2lH2TMsx1dqwAgOouyAA8YWP1N"},"_chains":{"BaLhfE9FWKaYEf5n9Mct4rDuvHfsOkjFllIv3j7lUHc5":{"chainKey":{"counter":1,"key":"SsAh4IeEURpwpwWghCD0+wdQDXcOp54O5eUMQMM8kZM="},"chainType":1,"messageKeys":{}}},"pendingPreKey":{"signedKeyId":2,"baseKey":"BZihLmdej1IM0kDzhizxlv7VBVf3pze5E1ghYWbeeR57","preKeyId":3496}}},"version":"v1"}