{"_sessions":{"BbScNO3b9zGjRxuXNms0q4xpXXYgRU1ei1eB/y8P41Bb":{"registrationId":329444560,"currentRatchet":{"ephemeralKeyPair":{"pubKey":"BcVvTYZyoIZqHbiVOUYAnyUUHnT5WTCo3l8NPWNLR+JZ","privKey":"SM8K4sCRyvN1LLohHELZ+SgYHtOu7Jr3K30yi2EtfkA="},"lastRemoteEphemeralKey":"BQe3u0dff3wyrsYEKNJE5dBSvvYu73WdTechl5BcZThr","previousCounter":0,"rootKey":"Us0dczMJtWHaQvGp3Os4epFgklbKYT3hQ2TF2SIiZIQ="},"indexInfo":{"baseKey":"BbScNO3b9zGjRxuXNms0q4xpXXYgRU1ei1eB/y8P41Bb","baseKeyType":1,"closed":-1,"used":1708235712191,"created":1708235712191,"remoteIdentityKey":"BeHUO0qC1LcrNSM6Lnms23A80CK8uWgmpJljTQM8IuRS"},"_chains":{"BcVvTYZyoIZqHbiVOUYAnyUUHnT5WTCo3l8NPWNLR+JZ":{"chainKey":{"counter":1,"key":"fezzQdnhlg4o5z1I0tKYtk33wxesuocNWh7QP2jEPYE="},"chainType":1,"messageKeys":{}}},"pendingPreKey":{"signedKeyId":9154387,"baseKey":"BbScNO3b9zGjRxuXNms0q4xpXXYgRU1ei1eB/y8P41Bb","preKeyId":707}}},"version":"v1"}