{"_sessions":{"BXMnE3ljaJ9YFFpo4l5DVdzTog7rGwpHiK88RtxUpgR/":{"registrationId":712603377,"currentRatchet":{"ephemeralKeyPair":{"pubKey":"BcqTHrYF/fZGVb73aLXWFac47SdGIQDK3cluoua1j+pq","privKey":"iJo2gY+zetWXwbnVNrRNkNSu3/cYXScFNejjI4fIGWY="},"lastRemoteEphemeralKey":"BYYaXkAPX8RrdbrJGOQ4FcCpYNHZDjAewvZzPndIDPc1","previousCounter":0,"rootKey":"eAu2SznRn6D9jyI9GsDZ8AXUEVFaQUEvhZH4D4Y5nb8="},"indexInfo":{"baseKey":"BXMnE3ljaJ9YFFpo4l5DVdzTog7rGwpHiK88RtxUpgR/","baseKeyType":2,"closed":-1,"used":1708219855038,"created":1708219855038,"remoteIdentityKey":"BXblDoirm1zDHPh2ti9B8PNMQtejfRY2tqk5DUlqFLgG"},"_chains":{"BYYaXkAPX8RrdbrJGOQ4FcCpYNHZDjAewvZzPndIDPc1":{"chainKey":{"counter":5,"key":"20Y45/vdCv7ZRCDsF7PKMYyGn4XeQtEoO3vPma/P2Ag="},"chainType":2,"messageKeys":{}},"BcqTHrYF/fZGVb73aLXWFac47SdGIQDK3cluoua1j+pq":{"chainKey":{"counter":-1,"key":"G+8lvo4g+z0YMLfs63Vv1glgeM3VpfyiXlg+QxkMaVY="},"chainType":1,"messageKeys":{}}}}},"version":"v1"}