{"_sessions":{"BXHBRLWUv6TDR3q1ppwFtbsNu0pXc7ipxgamY5ceYkFm":{"registrationId":1162142331,"currentRatchet":{"ephemeralKeyPair":{"pubKey":"Bejw/QuJOfCAvmbUqpd8ayZT0dRg9K9epeNdvyYnUSg3","privKey":"mN/9vn1XFIaFwA3kiq+o3CWGStRHHWMsTGgGKE6McW8="},"lastRemoteEphemeralKey":"BTf+REQxjUcyWkueCZNMggrds++kMMGKZeSoh71knpZs","previousCounter":0,"rootKey":"PazsZWBlMLekCnxo/bE4ThwsvC8O+inulXovfIft/1U="},"indexInfo":{"baseKey":"BXHBRLWUv6TDR3q1ppwFtbsNu0pXc7ipxgamY5ceYkFm","baseKeyType":2,"closed":-1,"used":1708230694836,"created":1708230694836,"remoteIdentityKey":"BR/XQAkqSM/P+nOFTgAj62kAHhvervXvojW5L0w5EjJ6"},"_chains":{"BTf+REQxjUcyWkueCZNMggrds++kMMGKZeSoh71knpZs":{"chainKey":{"counter":7,"key":"thPOysL+5QMDvLoGEURUSoPRaitXTAhy0SmizP9QX8g="},"chainType":2,"messageKeys":{}},"Bejw/QuJOfCAvmbUqpd8ayZT0dRg9K9epeNdvyYnUSg3":{"chainKey":{"counter":-1,"key":"V3+nSk8E6f2U4edu/EV0XqW4Xvm2NtZl6GBIjBoHc2w="},"chainType":1,"messageKeys":{}}}}},"version":"v1"}