{"_sessions":{"Bf7+rmFf0QOU+QOyfZAWKkgb+o+SYAeRXLYT+Wu3o1cA":{"registrationId":744085455,"currentRatchet":{"ephemeralKeyPair":{"pubKey":"Ba89a8wCJVyqKxTUaSIyX63QO23c0Bx5ktISCKODESl3","privKey":"0Fao3P+KIdVI/1nbe6KIvt8O/zAHWGEmDerIs9hf4Wk="},"lastRemoteEphemeralKey":"BUtLfKaaoStm+T1357ShZFGvJtG1MO7GZ4hCuG00JvdN","previousCounter":0,"rootKey":"sB0fRUdxwen0jeqCtw/GIs4wsmq4JSVNc5SUC7rDa7M="},"indexInfo":{"baseKey":"Bf7+rmFf0QOU+QOyfZAWKkgb+o+SYAeRXLYT+Wu3o1cA","baseKeyType":2,"closed":-1,"used":1708219609504,"created":1708219609504,"remoteIdentityKey":"BVgpggyTnvhLApz2lWLDGnxeUSwsEV/vnBy3Ap+MCdNV"},"_chains":{"BUtLfKaaoStm+T1357ShZFGvJtG1MO7GZ4hCuG00JvdN":{"chainKey":{"counter":5,"key":"k36R+e+CkmuPLJlph7BSJqdSsj5gjKupxvYvIk71/WM="},"chainType":2,"messageKeys":{}},"Ba89a8wCJVyqKxTUaSIyX63QO23c0Bx5ktISCKODESl3":{"chainKey":{"counter":-1,"key":"uxQeEeR2wo1OmJ1wGTXCsqnwK53gbGuuSsnhfFKWtEk="},"chainType":1,"messageKeys":{}}}}},"version":"v1"}