{"_sessions":{"BZXQ/gtVN/yeXBBigAPsmnCSbrJ4ogN8gwIGxUcGERdP":{"registrationId":1881765328,"currentRatchet":{"ephemeralKeyPair":{"pubKey":"BaIogUfy/e5yo3tiYXf3tv1EOMm39a+ejEPXfeawA8lt","privKey":"WH+ecO9J7L49c3zybW823PcWdxB5UhDkRZ4x/iEZvUM="},"lastRemoteEphemeralKey":"BeQ1dwMYWQz6NuX8CLclCItmbrRhAc1VTzMYv1vqYjUn","previousCounter":0,"rootKey":"1AOtkA1I5FCSN0tsx/iB5jh3c1HJxgpMBvdyYisZ8/A="},"indexInfo":{"baseKey":"BZXQ/gtVN/yeXBBigAPsmnCSbrJ4ogN8gwIGxUcGERdP","baseKeyType":1,"closed":-1,"used":1708235710640,"created":1708235710640,"remoteIdentityKey":"BefLuZAI5CdvnyPJo3PjSJmgQXrolygZWj+agJwFEzgL"},"_chains":{"BaIogUfy/e5yo3tiYXf3tv1EOMm39a+ejEPXfeawA8lt":{"chainKey":{"counter":1,"key":"yygrmmutRxdehCWQNHTI0fW1H0dwHWwurUUEqH8x51Y="},"chainType":1,"messageKeys":{}}},"pendingPreKey":{"signedKeyId":0,"baseKey":"BZXQ/gtVN/yeXBBigAPsmnCSbrJ4ogN8gwIGxUcGERdP","preKeyId":10170700}}},"version":"v1"}