{"_sessions":{"BZVZs/mc1YJEe3TpyKxCFgzY5Zekc/6+SE7TuIGteWFc":{"registrationId":789955687,"currentRatchet":{"ephemeralKeyPair":{"pubKey":"BXK5AI+ByIdbwmx3diOQpBckfgzqmE7MqoWGmA/uQQ45","privKey":"gNa0kCB+YaRxZ0qLQYLszH0DEkFuFqX/dDYEhddWGEk="},"lastRemoteEphemeralKey":"BRyj0rT3pV9p7G3Vhcuf/S30NTEQMbjtWj6i4M3gvJRw","previousCounter":0,"rootKey":"xYi9e0e8axel3w5Nh9efJvoESoJhzwZTzZYcmXPwnq4="},"indexInfo":{"baseKey":"BZVZs/mc1YJEe3TpyKxCFgzY5Zekc/6+SE7TuIGteWFc","baseKeyType":2,"closed":-1,"used":1708277276436,"created":1708277276436,"remoteIdentityKey":"BUG7pY7qt2JIdivs1Twh14J1hN5A/WIKY5Gtf9BZbDQM"},"_chains":{"BRyj0rT3pV9p7G3Vhcuf/S30NTEQMbjtWj6i4M3gvJRw":{"chainKey":{"counter":6,"key":"3kl9xVTMvSPBd7ApylX54MmDZRClmPUr5t1bo2+sZ5c="},"chainType":2,"messageKeys":{}},"BXK5AI+ByIdbwmx3diOQpBckfgzqmE7MqoWGmA/uQQ45":{"chainKey":{"counter":-1,"key":"Oh3UBGbhs55zSsY4afTNUwBJpWRyaDVbLkJWvPBpeZg="},"chainType":1,"messageKeys":{}}}}},"version":"v1"}