{"_sessions":{"BQ/JdzheC/BaPRIEHSV+vr5FaYQNaCzryAWJK3yv2poc":{"registrationId":5448,"currentRatchet":{"ephemeralKeyPair":{"pubKey":"BTSBaTTGmTtrGG7ZUE/l0j+F9BAybX2CndE2b2xxKKVh","privKey":"EHAtX00Px/HN2NxqP0oyzbkdZ2JI/gvUFYmeMpsB7E0="},"lastRemoteEphemeralKey":"BUB330Um+y+E5jhY6dR6L8SzSZsQZUGlnZNS8E1ojA17","previousCounter":0,"rootKey":"+0L2Wo/ejjs7FpqE4DOEETnyg7DNyVNEJpOxv4vWeqs="},"indexInfo":{"baseKey":"BQ/JdzheC/BaPRIEHSV+vr5FaYQNaCzryAWJK3yv2poc","baseKeyType":1,"closed":-1,"used":1708235707647,"created":1708235707647,"remoteIdentityKey":"BfLLu9xEG/pf+oUIuZ9IMvcuZeI9VjlnPtAk+y4O36BT"},"_chains":{"BTSBaTTGmTtrGG7ZUE/l0j+F9BAybX2CndE2b2xxKKVh":{"chainKey":{"counter":1,"key":"INAWLSuCwHryZw22+rJSlTl7VmPt5kZ8/7zb1w8K6Sk="},"chainType":1,"messageKeys":{}}},"pendingPreKey":{"signedKeyId":1,"baseKey":"BQ/JdzheC/BaPRIEHSV+vr5FaYQNaCzryAWJK3yv2poc"}}},"version":"v1"}