{"_sessions":{"BS/7R3kTNMq9EAMwyl5EYfmk6M/B8KhkPZh5o3mBAMd6":{"registrationId":1826091734,"currentRatchet":{"ephemeralKeyPair":{"pubKey":"BamAHBOJsj4eZGuv7KJ8Tfot18knaOdEp/2+ckvO15Qi","privKey":"8N98TUtMFUNl8BEeqnqpsZf3TJ+Snp804fO4eDVG8XM="},"lastRemoteEphemeralKey":"BXOcLcxVtDfn3BtjY9RnWBYsmH1JNrzBEXjUEg6PSU0+","previousCounter":0,"rootKey":"yH1x6/FzTvHW1F2JZ2dgkkYPGvk7eA1WbrbCPs2ldQI="},"indexInfo":{"baseKey":"BS/7R3kTNMq9EAMwyl5EYfmk6M/B8KhkPZh5o3mBAMd6","baseKeyType":2,"closed":-1,"used":1708230694405,"created":1708230694405,"remoteIdentityKey":"BeQrRibTK76Kbp2AN3I2inDPoVd0gzvTHV47bd9Dhj4n"},"_chains":{"BXOcLcxVtDfn3BtjY9RnWBYsmH1JNrzBEXjUEg6PSU0+":{"chainKey":{"counter":40,"key":"ZhAicg0XrTznPIgFkByEr0rBBjtJLPqhVAErf4usDNI="},"chainType":2,"messageKeys":{}},"BamAHBOJsj4eZGuv7KJ8Tfot18knaOdEp/2+ckvO15Qi":{"chainKey":{"counter":-1,"key":"ZnojyVA/Y80Xxh24o9oUv+ITuctAqAqBbSiC8DZxAlY="},"chainType":1,"messageKeys":{}}}}},"version":"v1"}