{"_sessions":{"BUzdzQuJ8vNGH1crpZk924LOdezTeDeMM7zfKW6MQKww":{"registrationId":209,"currentRatchet":{"ephemeralKeyPair":{"pubKey":"BZs2cgumAi2xRRfZZpzjFFIZGoLPdByBhazH0cTY938Z","privKey":"cNmjdcrUtyXrgCa1t0YG58GpQEImvOq2oAI2t/9fQno="},"lastRemoteEphemeralKey":"Bdul4yUBcPTTR24QvKAjRFDmwQ7D6JbaYiKJ+KTXwU9J","previousCounter":0,"rootKey":"5+xYbPgaxAUB/GBd9wYZ8CSMgxOVO3z8hIMc2Bs9bhU="},"indexInfo":{"baseKey":"BUzdzQuJ8vNGH1crpZk924LOdezTeDeMM7zfKW6MQKww","baseKeyType":1,"closed":-1,"used":1708235707598,"created":1708235707598,"remoteIdentityKey":"BS/R6loIL04Rwg+80WpPQLraQTwwHjHvxKGyzOTEG4ci"},"_chains":{"BZs2cgumAi2xRRfZZpzjFFIZGoLPdByBhazH0cTY938Z":{"chainKey":{"counter":1,"key":"vUKuRCjljkn12y3D3ll0/RwBdTZbRHVlJ4tQYnf1e6w="},"chainType":1,"messageKeys":{}}},"pendingPreKey":{"signedKeyId":1,"baseKey":"BUzdzQuJ8vNGH1crpZk924LOdezTeDeMM7zfKW6MQKww","preKeyId":5}}},"version":"v1"}