{"_sessions":{"BZ2mC6PDxSpWBX0rDjteMAN+FGom3QsWii1JFsEYTDV9":{"registrationId":534881852,"currentRatchet":{"ephemeralKeyPair":{"pubKey":"BXpB7yNj+jWcM2O7yrLw9OFG87uBpgVLpPTKPs4DdVx/","privKey":"WEBRZO7n4HLFA87tmxkzSY7Q6jHKzWtINx1A/QV1fm8="},"lastRemoteEphemeralKey":"BUbLKHW365YD3RW7xrczWiDZItWBLDUAGDureWSv7xdG","previousCounter":0,"rootKey":"Cb5X3X4pGnTdkElQ8WNXa1XflfFw5cMcb1jpUZFgb/g="},"indexInfo":{"baseKey":"BZ2mC6PDxSpWBX0rDjteMAN+FGom3QsWii1JFsEYTDV9","baseKeyType":2,"closed":-1,"used":1708277280087,"created":1708277280087,"remoteIdentityKey":"BfdCps+1XssHPPph7cj+WvHzagxTmKSclLzgZ5kPi01o"},"_chains":{"BUbLKHW365YD3RW7xrczWiDZItWBLDUAGDureWSv7xdG":{"chainKey":{"counter":5,"key":"qZ8lMvY6I9H3rlEqVtv+0NoQOPgnLpzbHzmpnoSugug="},"chainType":2,"messageKeys":{}},"BXpB7yNj+jWcM2O7yrLw9OFG87uBpgVLpPTKPs4DdVx/":{"chainKey":{"counter":-1,"key":"OkMY4uQWYon6aE+tHq/hpzgTCUr4oZWly6u4P1hpRAc="},"chainType":1,"messageKeys":{}}}}},"version":"v1"}