{"_sessions":{"BR2fKt8/EQ4lgEk6p/9tipqowht3MMC2BgzTSr+aSKBo":{"registrationId":1207618960,"currentRatchet":{"ephemeralKeyPair":{"pubKey":"BXjAFy2SkrX7+w1rmMcMcqVHGeT6BfmJeY75oQL1IutR","privKey":"QPaCWr1hE7Ck3LbHEY8et8Lgiim9Tv7BlBffO1gVoGM="},"lastRemoteEphemeralKey":"BWXSdx9heB+eaOPkv9EBmyBTRywTRuIBN5VBrO8cz9IN","previousCounter":0,"rootKey":"6InR8i2XL7wF+PKX1vMHdWQNw6XUEXEphuqdZMae6O0="},"indexInfo":{"baseKey":"BR2fKt8/EQ4lgEk6p/9tipqowht3MMC2BgzTSr+aSKBo","baseKeyType":1,"closed":-1,"used":1708235709472,"created":1708235709472,"remoteIdentityKey":"BfDN3u6MIl9NQab1XWhbzDNbFLkc57jGdYAscgV56D1q"},"_chains":{"BXjAFy2SkrX7+w1rmMcMcqVHGeT6BfmJeY75oQL1IutR":{"chainKey":{"counter":1,"key":"rNkEHVmOMBDSwkbpcdp7fjHd0HdeHvtnrsvk+MVZ/EE="},"chainType":1,"messageKeys":{}}},"pendingPreKey":{"signedKeyId":42,"baseKey":"BR2fKt8/EQ4lgEk6p/9tipqowht3MMC2BgzTSr+aSKBo","preKeyId":15352007}}},"version":"v1"}