{"_sessions":{"BU4jcZMLM2pCTu17w/L+6vBS41GLnfDR9gTBUbOC+CBX":{"registrationId":1468046154,"currentRatchet":{"ephemeralKeyPair":{"pubKey":"BVjRFp54QybbW7XfqtfDmzlldu6VTbCv9PrqgnVghmEl","privKey":"CBm12WTqPQmfiehst+fb8zM627EL+N5sSrL+aoEshVg="},"lastRemoteEphemeralKey":"BUhmmUpOfhYZq5mLDzIqvYemRlvEgYz8liwgW+P+1H0P","previousCounter":0,"rootKey":"xdJnfAz3Wvz+7dxtI97kqfqXBpNb1J04BQ+ox+MSlXU="},"indexInfo":{"baseKey":"BU4jcZMLM2pCTu17w/L+6vBS41GLnfDR9gTBUbOC+CBX","baseKeyType":1,"closed":-1,"used":1708235710982,"created":1708235710982,"remoteIdentityKey":"BX6yTj0W0nmP3N9Nil60eoZ1pInDJuyqxsFt/RL3TmQ/"},"_chains":{"BVjRFp54QybbW7XfqtfDmzlldu6VTbCv9PrqgnVghmEl":{"chainKey":{"counter":1,"key":"jmrGkEsSqfvR1MjVuhGNFGWH6REIx/cxcIXMXv1f/5U="},"chainType":1,"messageKeys":{}}},"pendingPreKey":{"signedKeyId":2,"baseKey":"BU4jcZMLM2pCTu17w/L+6vBS41GLnfDR9gTBUbOC+CBX","preKeyId":9725804}}},"version":"v1"}