{"_sessions":{"BY7BrvFEs+lBOBKV0Gm25tZ3a9Dq10meAMU4TPyLa/4K":{"registrationId":2055407597,"currentRatchet":{"ephemeralKeyPair":{"pubKey":"BbztatvbGjmGj4A+gt7fnvbvDjg0213XwMqtxKMeLiYI","privKey":"qG3eB2ggVuGHoVe31I+5Rj++brFzt/m701+FscaYm0I="},"lastRemoteEphemeralKey":"BbH5CeAX7Kve0grAY8lGsExY3XkGJX1qwOPkXPsRf2V5","previousCounter":0,"rootKey":"L6/pEIfHLpxEoQ8ZPXinnbf4bHVS56sNdc0H9PED31A="},"indexInfo":{"baseKey":"BY7BrvFEs+lBOBKV0Gm25tZ3a9Dq10meAMU4TPyLa/4K","baseKeyType":2,"closed":-1,"used":1708277273673,"created":1708277273673,"remoteIdentityKey":"BRmzjtmRlGphMysfSimyhYW1cIl1d3goRyy5OVDXlkAO"},"_chains":{"BbH5CeAX7Kve0grAY8lGsExY3XkGJX1qwOPkXPsRf2V5":{"chainKey":{"counter":6,"key":"LWQlU103+E9DkU5tG5RrIZpJCXqzHpK4nRei9JehvEw="},"chainType":2,"messageKeys":{}},"BbztatvbGjmGj4A+gt7fnvbvDjg0213XwMqtxKMeLiYI":{"chainKey":{"counter":-1,"key":"kGKpTRwdKMCi3PU+Tlyl76LTNqPO2WxEk1lt1w0375k="},"chainType":1,"messageKeys":{}}}}},"version":"v1"}