{"_sessions":{"BRL98VeyDUkHryb6ZaqT9A6JFiGSuQ2tz8P6993Ravo5":{"registrationId":38331137,"currentRatchet":{"ephemeralKeyPair":{"pubKey":"BdXgRAqu/8507T7m4jE+DAh3LLdcaeedw/WnqKgIKtRD","privKey":"4B54b2TwfMThptwJkOoiqFH3qyXf+Rj9KLfDHU3TOl4="},"lastRemoteEphemeralKey":"BWEysrGCWDD2rxcjAXfjTiDy0W7g8NKcJB6vD7a/sGcu","previousCounter":0,"rootKey":"1qU6ZhnYmg6qS7ymor5+nehjUzEcTTpoFFPllYhrp8c="},"indexInfo":{"baseKey":"BRL98VeyDUkHryb6ZaqT9A6JFiGSuQ2tz8P6993Ravo5","baseKeyType":2,"closed":-1,"used":1708277310654,"created":1708277310654,"remoteIdentityKey":"BdZd7LGDNgKqXqdWxofTveFb7O4jqdcBTMPyZFwjYpNr"},"_chains":{"BWEysrGCWDD2rxcjAXfjTiDy0W7g8NKcJB6vD7a/sGcu":{"chainKey":{"counter":10,"key":"+l469HJ7mfmtD0ytxGWoUBiNgmgec37pq73xy6FPqcQ="},"chainType":2,"messageKeys":{"2":"nfNYPn8EeVyJiD6TfnUhwDQ7A/MA131Ys0rexxuvASE="}},"BdXgRAqu/8507T7m4jE+DAh3LLdcaeedw/WnqKgIKtRD":{"chainKey":{"counter":-1,"key":"M182xPwMKQOPXi+boBaeFgu8TG2uRnwO/jTa+dJmppo="},"chainType":1,"messageKeys":{}}}}},"version":"v1"}