{"_sessions":{"BQeadx/eKPGnz4S9wDSVYRmLlQrw7Mpwn90HyAeBMTpE":{"registrationId":784486931,"currentRatchet":{"ephemeralKeyPair":{"pubKey":"BdcF8jpyglf2kQL7HhH+254MRYLe61Q2GONnLLSyw+p0","privKey":"eH+A3Viw1etoLJyeMYQPN/asLFEGzung9BrSixf292E="},"lastRemoteEphemeralKey":"Bcql53fEyab/lvzeDyVYJ118BvMDii82ekhUN9L+A8Fr","previousCounter":0,"rootKey":"WN+ljaze/h42c6swH0GA5unPBNC0uR+Bij+JMfibxQw="},"indexInfo":{"baseKey":"BQeadx/eKPGnz4S9wDSVYRmLlQrw7Mpwn90HyAeBMTpE","baseKeyType":1,"closed":-1,"used":1708235710691,"created":1708235710691,"remoteIdentityKey":"BWQ/632x0SebXvXYE7nf4kTLV50K6xqibYiZfSam0p0z"},"_chains":{"BdcF8jpyglf2kQL7HhH+254MRYLe61Q2GONnLLSyw+p0":{"chainKey":{"counter":1,"key":"4Rhf4xIzfFTURKQ9jtA+bLGKFttwTFUuOHNX0GQjOo0="},"chainType":1,"messageKeys":{}}},"pendingPreKey":{"signedKeyId":2,"baseKey":"BQeadx/eKPGnz4S9wDSVYRmLlQrw7Mpwn90HyAeBMTpE","preKeyId":15704431}}},"version":"v1"}