{"_sessions":{"BVJxR0375PxXCiaSJmI+PXG/mm64dWshb8bufrRjqoxZ":{"registrationId":440086377,"currentRatchet":{"ephemeralKeyPair":{"pubKey":"BbG+RNHHNfKrm3YMrx8FrOLdZRIGGq6mcQl3J/MmZSMZ","privKey":"qO4JfPhyBAd5iQ741nULCP/lYuBXbynOCvPBEC1ttXo="},"lastRemoteEphemeralKey":"BdrxCFr1p1Fen1sW+nFE+TQlITrqmsNrW9XilYzMGFVP","previousCounter":0,"rootKey":"2PYJdUwzwJeqDTWDv5INusThXyjmD0eAQ32G9DpMU00="},"indexInfo":{"baseKey":"BVJxR0375PxXCiaSJmI+PXG/mm64dWshb8bufrRjqoxZ","baseKeyType":2,"closed":-1,"used":1708233413302,"created":1708233413302,"remoteIdentityKey":"Be+JZrCalFnYaxA/qvp57xjxS8vsP7sPHSPn6e1GOesV"},"_chains":{"BdrxCFr1p1Fen1sW+nFE+TQlITrqmsNrW9XilYzMGFVP":{"chainKey":{"counter":16,"key":"oj5wH99vux/+ZbkNlKpTrnoNWdQ+w/n5YZit4UYwIAE="},"chainType":2,"messageKeys":{}},"BbG+RNHHNfKrm3YMrx8FrOLdZRIGGq6mcQl3J/MmZSMZ":{"chainKey":{"counter":-1,"key":"aIC4bgcXlQn4PJoTeoZz9D2oymwn1qiv78S0jzdpJf4="},"chainType":1,"messageKeys":{}}}}},"version":"v1"}