{"_sessions":{"BTz0EkOP1f82F6DVsl9U5iVh9RfOB7r+4OUfUGGQXpU6":{"registrationId":1158106133,"currentRatchet":{"ephemeralKeyPair":{"pubKey":"BahQwTo68mHYbqitGVCffR+ff3GQW6O3fKE+f3wkqLB0","privKey":"yOIp4tTYob3AUZr1qDtd0RQQnmmWAoFxMmotRIbIs08="},"lastRemoteEphemeralKey":"BRkT+I0F3NLh4XWTEySibwNAL9GoaAJ1XyBfuNPCbK0o","previousCounter":0,"rootKey":"za2irKClnCmwbpPDvVcS5zyOXX3HUdPgigmE6dvGweI="},"indexInfo":{"baseKey":"BTz0EkOP1f82F6DVsl9U5iVh9RfOB7r+4OUfUGGQXpU6","baseKeyType":2,"closed":-1,"used":1708220746621,"created":1708220746621,"remoteIdentityKey":"BUgaA6k2O38P0oKImPhnCGpgFxCABEzPvjERTfB8EsBJ"},"_chains":{"BRkT+I0F3NLh4XWTEySibwNAL9GoaAJ1XyBfuNPCbK0o":{"chainKey":{"counter":36,"key":"8GRXEAMugHqwmvWObw7jqczKPZuO0xKsFVViCgthetk="},"chainType":2,"messageKeys":{"25":"Nn0m/pvPU0M06/2SeW5PgiZHE9AgtROBJ98CaXsI0MA=","26":"l2VNDNqJ3QBauRhlMkI/DLydx3OlxH+SOARktBi6DSo=","28":"snRUrUUdU4UXG8usw7MvoCSYsHfZ0CwEXFbt5zND0lM="}},"BahQwTo68mHYbqitGVCffR+ff3GQW6O3fKE+f3wkqLB0":{"chainKey":{"counter":-1,"key":"SrUQ37wyOJAJrtVIpARIFGG5lzAjOIMdumq3m0GoDLM="},"chainType":1,"messageKeys":{}}}}},"version":"v1"}