{"_sessions":{"BQ1ycwLlXwPLX7AXfareppAzgRMgz1J8bAG0+BQew4p9":{"registrationId":1027593773,"currentRatchet":{"ephemeralKeyPair":{"pubKey":"BcBqkznQ2YdEIjPVixoWVRakunkKPzVHEqcET1wTY4QT","privKey":"EPAO9+IllCC90aL8drFVOgWEGVqySMAbTGHax4E6kF8="},"lastRemoteEphemeralKey":"BYRmFw4/MmQ/81YBGy902Jd6jSMiD8iVY/nswdQaeHYF","previousCounter":0,"rootKey":"hqbDm0MsgEn652DVqRPXtBg9faEH22IXK0gK7+vB5tU="},"indexInfo":{"baseKey":"BQ1ycwLlXwPLX7AXfareppAzgRMgz1J8bAG0+BQew4p9","baseKeyType":2,"closed":-1,"used":1708285288137,"created":1708284946793,"remoteIdentityKey":"BYKKqJBL/EPvYlnpIxFk8ZyZiSvYnfJOecUzVr8TxG13"},"_chains":{"Bc+seamE+UoeOI9/Q9S8PC2gWqa47flTmGm6gWCkZZVk":{"chainKey":{"counter":0},"chainType":2,"messageKeys":{}},"Bdcayky3r8QCQ73wtkB9FtDjsLQN49STZ5Mo5AYB8rZo":{"chainKey":{"counter":0},"chainType":2,"messageKeys":{}},"BQl3npV382h0bY9kkQ1d7M9d8Em4zIy6Mz6FS9ee+Skd":{"chainKey":{"counter":1},"chainType":2,"messageKeys":{}},"BSRafsYA4J6c4SnTbhFzT7Y3mQGP20A8rR1hiBZanHAu":{"chainKey":{"counter":0},"chainType":2,"messageKeys":{}},"BYRmFw4/MmQ/81YBGy902Jd6jSMiD8iVY/nswdQaeHYF":{"chainKey":{"counter":0,"key":"OWSat5BD35x7fGbU3PJDmMuFqOeeMr0eiqzc5W+/4i8="},"chainType":2,"messageKeys":{}},"BcBqkznQ2YdEIjPVixoWVRakunkKPzVHEqcET1wTY4QT":{"chainKey":{"counter":3,"key":"r40BpDfs4TG3PSTp3APa4adHpGrCLNkOKAd2ouMXarg="},"chainType":1,"messageKeys":{}}}}},"version":"v1"}