{"_sessions":{"BaURhKS0OBh/4lggXhlBfrlS24dn8uWpqUqmvX7sadk6":{"registrationId":975052541,"currentRatchet":{"ephemeralKeyPair":{"pubKey":"BTrzFnxTt6gG1G0PsVhLQFNxXJAi/bFJwJig5Du3UbNq","privKey":"CA5PlunqK/Y02SnunTL7qG6AWXH3TR2BzqIGo6wc9GE="},"lastRemoteEphemeralKey":"BXkNt5+hJ43WzXOU8GeSW0N6tIW3AKOs3bewPirrikZE","previousCounter":0,"rootKey":"R8MHAoJMbnDLFVV34Fo0CFgWEOqrKUKDgEMolYuVCG0="},"indexInfo":{"baseKey":"BaURhKS0OBh/4lggXhlBfrlS24dn8uWpqUqmvX7sadk6","baseKeyType":2,"closed":-1,"used":1708223077685,"created":1708223077685,"remoteIdentityKey":"BebAGD/yjyprqiE0cp5wdZybMq5xPrd1dE71E4umkCgh"},"_chains":{"BXkNt5+hJ43WzXOU8GeSW0N6tIW3AKOs3bewPirrikZE":{"chainKey":{"counter":2,"key":"T5Nqcjez/HPqTSJeQBavA/Diyl1V/LZ7vUerFI0c9ww="},"chainType":2,"messageKeys":{"0":"i0j8cYiGLzPMq6tGFzqvTdeCJursTQdZzTTaSffwOpI="}},"BTrzFnxTt6gG1G0PsVhLQFNxXJAi/bFJwJig5Du3UbNq":{"chainKey":{"counter":1,"key":"5p93Lux113wQ1CT7XMjwNvcA93GWaur7X7SesszQHfg="},"chainType":1,"messageKeys":{}}}}},"version":"v1"}