{"_sessions":{"BRMINlNz4EuN8mbty9u06beMw1K8Qgvr2yddveztl7lf":{"registrationId":976300575,"currentRatchet":{"ephemeralKeyPair":{"pubKey":"Ba+Pyy7vg+3xpvSs7eL08n+P1SQTXRUwI/5HTBDq5zFs","privKey":"aB/fAYkWjsIuFxDam/0EWYRBym2vCU4nznp+Xi+++0Y="},"lastRemoteEphemeralKey":"BT+rVFmebIxoeb7QSrb2OqnpfUvKMc5JVbdYHjzAKtB2","previousCounter":0,"rootKey":"VzmCJKQ0vu65DY4N/eAOxoOLZ+gf6ren1qdspaDD05M="},"indexInfo":{"baseKey":"BRMINlNz4EuN8mbty9u06beMw1K8Qgvr2yddveztl7lf","baseKeyType":1,"closed":-1,"used":1708235709421,"created":1708235709421,"remoteIdentityKey":"BfNdUmEhynvgHz8IKKEL4diWCSjatAgzURh72LSWR2VS"},"_chains":{"Ba+Pyy7vg+3xpvSs7eL08n+P1SQTXRUwI/5HTBDq5zFs":{"chainKey":{"counter":1,"key":"Stsf8Mvm7H6izSTlEz9fzwvHOIsO1nL9Mf/qH2yB+gk="},"chainType":1,"messageKeys":{}}},"pendingPreKey":{"signedKeyId":0,"baseKey":"BRMINlNz4EuN8mbty9u06beMw1K8Qgvr2yddveztl7lf"}}},"version":"v1"}