{"_sessions":{"BeqKRIwcBYhhi6NuWOaCOZh37yyJRzz1FtilkQgYZ9UD":{"registrationId":1077537926,"currentRatchet":{"ephemeralKeyPair":{"pubKey":"BfCpD17xEEgTz8olHTTsHVCZuWVqlgU6Sx5AD60qXZBQ","privKey":"oCBpF9XqNkQX3clUOr6C7XXFV9jGVcGh4Yl0Nh/fCH4="},"lastRemoteEphemeralKey":"BTmSaQRxHIcC4BaA6lfQFjMF8Xx2C8sh3fD6WvF5gJIv","previousCounter":0,"rootKey":"foOcc02n3Xi2o5AqZv4YnboVFu3ghPyla/Yfvz6Tm5U="},"indexInfo":{"baseKey":"BeqKRIwcBYhhi6NuWOaCOZh37yyJRzz1FtilkQgYZ9UD","baseKeyType":2,"closed":-1,"used":1708277288305,"created":1708277288305,"remoteIdentityKey":"BaLXD2T1rkXRNTYL3BTJ+3MMlQKWtIu6QXRFC4QvKc4w"},"_chains":{"BTmSaQRxHIcC4BaA6lfQFjMF8Xx2C8sh3fD6WvF5gJIv":{"chainKey":{"counter":2,"key":"+3sHlYzRi5jpgME5/hgPqDj1+QwK/ZGfP83bojNATPA="},"chainType":2,"messageKeys":{"0":"OEr9NlzTTxl6G2LkE25ssGyEmzTCPm984QL87FYjZEE="}},"BfCpD17xEEgTz8olHTTsHVCZuWVqlgU6Sx5AD60qXZBQ":{"chainKey":{"counter":-1,"key":"0uQlxyj5qER0O+J5g1DmLWMV8tmRT9mNU6yg1W6Qe6k="},"chainType":1,"messageKeys":{}}}}},"version":"v1"}