{"_sessions":{"BQihIQIYT2oeInnhpeuF8IYQbvlcosbo8kR7KUJ2xB44":{"registrationId":187092094,"currentRatchet":{"ephemeralKeyPair":{"pubKey":"BRD2UQlasMLa3N4ExCp8HpnWi/Qs4g1z9ue3C3x616EG","privKey":"wECHjp8qfwmZuMMwG4XMIXT2P5ml1m3tPBfWlVm250w="},"lastRemoteEphemeralKey":"BfGpmu+TgREgllD/o6yh0RK9GHPprX6xr5+CIjv8wPEN","previousCounter":0,"rootKey":"def0YzCfZAxpjJp1p33RAtzZLlTupJLX8jaAVzrRJQE="},"indexInfo":{"baseKey":"BQihIQIYT2oeInnhpeuF8IYQbvlcosbo8kR7KUJ2xB44","baseKeyType":1,"closed":-1,"used":1708235708694,"created":1708235708694,"remoteIdentityKey":"BYxRBFrEb36Cc7HxG0v6MBrGgqrUBOHnBRcpF6IbspV+"},"_chains":{"BRD2UQlasMLa3N4ExCp8HpnWi/Qs4g1z9ue3C3x616EG":{"chainKey":{"counter":1,"key":"7ILdf+AP+NP7lp7sV/LmEpgeQev0rJUltMVFbyQ3ISs="},"chainType":1,"messageKeys":{}}},"pendingPreKey":{"signedKeyId":11,"baseKey":"BQihIQIYT2oeInnhpeuF8IYQbvlcosbo8kR7KUJ2xB44","preKeyId":4416751}}},"version":"v1"}