{"_sessions":{"Bb56SbQbb1/pdGCeG0ubepmxA9uOsheQCStWA8YHCtR0":{"registrationId":11577,"currentRatchet":{"ephemeralKeyPair":{"pubKey":"Bb1+XZJZNL6GCB1gzdL/dOtnZGiVJNxqqwSmDBxtS246","privKey":"SP5qrC6DJua7kQ4aL2EdyFkev+iyGocQUw7fVMYfMXM="},"lastRemoteEphemeralKey":"BUNN9hI+UqkhWMkF1+NyJC9cu1i1uckAS5pFDxdPrM8X","previousCounter":0,"rootKey":"i/sd6wapA217HViA+6LyunzzlFfRqV1Q1hd9pmDAIQE="},"indexInfo":{"baseKey":"Bb56SbQbb1/pdGCeG0ubepmxA9uOsheQCStWA8YHCtR0","baseKeyType":1,"closed":-1,"used":1708235707531,"created":1708235707531,"remoteIdentityKey":"Bd1yRKi1aIfdeviPVPB0B9HkhY41kuTQxEYBY8oXFSI/"},"_chains":{"Bb1+XZJZNL6GCB1gzdL/dOtnZGiVJNxqqwSmDBxtS246":{"chainKey":{"counter":1,"key":"7gUG13b2q6c65sQmjPEo6Sdbnm7+/cMuFxMOluADuMM="},"chainType":1,"messageKeys":{}}},"pendingPreKey":{"signedKeyId":1,"baseKey":"Bb56SbQbb1/pdGCeG0ubepmxA9uOsheQCStWA8YHCtR0"}}},"version":"v1"}