{"_sessions":{"BX3dwh1ffJUFI4b8Od2bi8KCJK1/rKgJGVHIivDV86UC":{"registrationId":1126695618,"currentRatchet":{"ephemeralKeyPair":{"pubKey":"BXbgu64kxwPgqVj//glKrH/13BkNzc5GeVOQK/QYRBdZ","privKey":"sBu39uatufSqb/zagNbZBDfM36MxUnoynoJIVXIZzE8="},"lastRemoteEphemeralKey":"BTO5XR425pjRNJcz6UJT75vqdNvIXU4k0nmim2p4PMYV","previousCounter":0,"rootKey":"0fL3ABpaHalyPd9hBKEo0AMkOKtlJOWuzmwKDXPboe4="},"indexInfo":{"baseKey":"BX3dwh1ffJUFI4b8Od2bi8KCJK1/rKgJGVHIivDV86UC","baseKeyType":1,"closed":-1,"used":1708235711717,"created":1708235711717,"remoteIdentityKey":"BSOC9iROg1XVeBarX5qlVLvnP0twvkk9nVGMXLJQEsZD"},"_chains":{"BXbgu64kxwPgqVj//glKrH/13BkNzc5GeVOQK/QYRBdZ":{"chainKey":{"counter":1,"key":"wZh9K5W+78IXo4Vass8zQ7PamkWsSHLklQUfH3e2KDU="},"chainType":1,"messageKeys":{}}},"pendingPreKey":{"signedKeyId":3,"baseKey":"BX3dwh1ffJUFI4b8Od2bi8KCJK1/rKgJGVHIivDV86UC","preKeyId":16710514}}},"version":"v1"}