{"_sessions":{"BUkVCnuCIUEau43+r4zM1OWai8LWTk4rPKVyV09Cq8kM":{"registrationId":617111085,"currentRatchet":{"ephemeralKeyPair":{"pubKey":"BevmKo3F//1H9g8m+mBFKkKLziQ48wCAO+i9hmlULBVz","privKey":"iBvSB5c69d/4HSgiy2zBR7goNeiDSQJJM9h2xoTwZGk="},"lastRemoteEphemeralKey":"BY22ZjmAxWebgqGJQa2G8Tar8ULJ1vsAAUtd2kDtMl4J","previousCounter":1,"rootKey":"Xw1pNYLE/2tH/M5q0AnzG9P9FsTOGCFgOmmb6XXp/F0="},"indexInfo":{"baseKey":"BUkVCnuCIUEau43+r4zM1OWai8LWTk4rPKVyV09Cq8kM","baseKeyType":2,"closed":-1,"used":1708286789886,"created":1708222676732,"remoteIdentityKey":"BZREnQ+BHee1Vrgt+MXLdDdWfXLBL+6O9jqKms9meFJS"},"_chains":{"BUxJTwsPYHycbeXGvhaVDz7oFPDjskC6lh5rPUcZzLVE":{"chainKey":{"counter":5},"chainType":2,"messageKeys":{}},"BY22ZjmAxWebgqGJQa2G8Tar8ULJ1vsAAUtd2kDtMl4J":{"chainKey":{"counter":0,"key":"h6xgTXUaSKacaL/A/Y4vy/+Qxnx3xYwefX6i8O9PCoI="},"chainType":2,"messageKeys":{}},"BevmKo3F//1H9g8m+mBFKkKLziQ48wCAO+i9hmlULBVz":{"chainKey":{"counter":2,"key":"d3wki8ua1Sr+EAbjIUuqRCN839iWbB1EOTD9EPJk9no="},"chainType":1,"messageKeys":{}}}}},"version":"v1"}