{"_sessions":{"BRbwyh4oXXRcThCoeGxZeRrnVDkRhRcPIv1jtqcvkkJo":{"registrationId":1096086847,"currentRatchet":{"ephemeralKeyPair":{"pubKey":"BTw5CIeRCPBUS0NbAd5O12TxJkGLS4jKQJX+aLws16El","privKey":"MAg+Ya/Jzl7a0Y00TfLesA/dQe0yG3sZbPJ6yMYgbFk="},"lastRemoteEphemeralKey":"BZE6Wdewf1R3B6rq55gfcXNH2DUSNLKHse1+chF1qY8k","previousCounter":0,"rootKey":"brXhwP3M38evKNDnYH8pPogYB6WvvuRBMeLQSAZhOJw="},"indexInfo":{"baseKey":"BRbwyh4oXXRcThCoeGxZeRrnVDkRhRcPIv1jtqcvkkJo","baseKeyType":2,"closed":-1,"used":1708286473045,"created":1708286473045,"remoteIdentityKey":"BcNiyTS1GjeJDS/AjdAS/1+RnflWsPhIj3fxMkADZ84n"},"_chains":{"BZE6Wdewf1R3B6rq55gfcXNH2DUSNLKHse1+chF1qY8k":{"chainKey":{"counter":1,"key":"YyJlqO1ERtbYKv8W8o++WzRfNrD2xnlG8pH/FaaZFRo="},"chainType":2,"messageKeys":{}},"BTw5CIeRCPBUS0NbAd5O12TxJkGLS4jKQJX+aLws16El":{"chainKey":{"counter":-1,"key":"ZkKKqXrz+oZFyBXwvUcl5bXIdkul6GFj9bE1YSNQ3UE="},"chainType":1,"messageKeys":{}}}}},"version":"v1"}