{"_sessions":{"BWaLm5BIA0Mb5TvICIItQIypRnJFmE84ySlaGSFdL/Mk":{"registrationId":86170532,"currentRatchet":{"ephemeralKeyPair":{"pubKey":"BacPa7CWjszFdSdd23v+NDpiv4V/makoEDDK0T9LyDJD","privKey":"ALpDc5xVRV+Z03iGTCFgOr19xSQ9MIbhQdiIR5e6Ans="},"lastRemoteEphemeralKey":"BVQJIIQTUP6woWhzqEoJ51q9m3KDqBai/fxm8ZhYpVou","previousCounter":0,"rootKey":"ADl8FniD5u0AMv17LkF9jIBQk/gfXqNdlwNGDwWfTAQ="},"indexInfo":{"baseKey":"BWaLm5BIA0Mb5TvICIItQIypRnJFmE84ySlaGSFdL/Mk","baseKeyType":1,"closed":-1,"used":1708235710785,"created":1708235710785,"remoteIdentityKey":"BbeQ6fHCf61Fenzkb08podTwupxQqb74Rwh425s8JBpI"},"_chains":{"BacPa7CWjszFdSdd23v+NDpiv4V/makoEDDK0T9LyDJD":{"chainKey":{"counter":1,"key":"x8YZA4OqIwFi3In7rgEjPU4pw6/ysyr29ZLf0qaOdTs="},"chainType":1,"messageKeys":{}}},"pendingPreKey":{"signedKeyId":1,"baseKey":"BWaLm5BIA0Mb5TvICIItQIypRnJFmE84ySlaGSFdL/Mk"}}},"version":"v1"}