{"_sessions":{"BWY/kVmjhpyH1hya6Vhs/kFwwJvvg+35egFfOZlAfphK":{"registrationId":330547215,"currentRatchet":{"ephemeralKeyPair":{"pubKey":"BT9Bf2gP1NA9nw7LEp9IqVFIn/xlNjcWGK9KWFH9Vipj","privKey":"mBa/GtUSPc5RWzfcD/hFPSJ+idKEwjArdYo6+hcSQHk="},"lastRemoteEphemeralKey":"BcdlS53sHQufrNzdEZ7ioniaw2/RP1HCxSuh96cJYIoX","previousCounter":0,"rootKey":"RuWlMP26d+8NwoHUUmrxG7lvMhZR4iROiJGXBbbNTzU="},"indexInfo":{"baseKey":"BWY/kVmjhpyH1hya6Vhs/kFwwJvvg+35egFfOZlAfphK","baseKeyType":2,"closed":-1,"used":1708230693570,"created":1708230693570,"remoteIdentityKey":"BVbDsoZo/bpJN8WwA931TZdm38K+cqEjxcgT6gnXrEBr"},"_chains":{"BcdlS53sHQufrNzdEZ7ioniaw2/RP1HCxSuh96cJYIoX":{"chainKey":{"counter":5,"key":"GEWij3KXSLHFRCEAiGaSWgHwy+ZGDARxKqwIrtfAG4w="},"chainType":2,"messageKeys":{}},"BT9Bf2gP1NA9nw7LEp9IqVFIn/xlNjcWGK9KWFH9Vipj":{"chainKey":{"counter":-1,"key":"hFWH9/6TvTtua+ez1OuxSDEgU9R8cg1iO79FvvQHpcA="},"chainType":1,"messageKeys":{}}}}},"version":"v1"}