{"_sessions":{"BRVl15yJPKp4dEtIWd9mw9GTzN4RGwt+sGN4UYNf5nth":{"registrationId":1167647907,"currentRatchet":{"ephemeralKeyPair":{"pubKey":"BbFzNq/RR7hY8kTCpJ6qXNK21UkHaaVYaMcKw0QQQyp3","privKey":"MAhpVlHTZj/Uso72xfbsPBp+lo8CE7hWQqy0yZIC0l4="},"lastRemoteEphemeralKey":"BeEmGHYW3ICNIncztkHuskEn3bK8WRfw1RUQjOP9zSdB","previousCounter":0,"rootKey":"yQafhjnWJo6pfiKRlTJUVO3PLfasXSvbFbnBAm7Ze78="},"indexInfo":{"baseKey":"BRVl15yJPKp4dEtIWd9mw9GTzN4RGwt+sGN4UYNf5nth","baseKeyType":1,"closed":-1,"used":1708235709872,"created":1708235709872,"remoteIdentityKey":"Bag6oWdmXD9aIBA1UsHN1qmsWzuneK1hNs/gouvrSmIA"},"_chains":{"BbFzNq/RR7hY8kTCpJ6qXNK21UkHaaVYaMcKw0QQQyp3":{"chainKey":{"counter":1,"key":"N17djrqyFllCm0g/p7rudpEFQmYQJ/S4iMQVYGqZukA="},"chainType":1,"messageKeys":{}}},"pendingPreKey":{"signedKeyId":5,"baseKey":"BRVl15yJPKp4dEtIWd9mw9GTzN4RGwt+sGN4UYNf5nth","preKeyId":5402817}}},"version":"v1"}