{"_sessions":{"BQBiPQGYj7oe/XUkUCDSbgCc+qawAKTlnLkbDv4o2eAZ":{"registrationId":562716899,"currentRatchet":{"ephemeralKeyPair":{"pubKey":"BcOuDFHM9aZF1+Q94lZzpkI/5LNn3ezQBYMnjorJv3UW","privKey":"gFXm2cpfqUmfaxbvxs8d8z5pXqMsflsGTun06VZ12mE="},"lastRemoteEphemeralKey":"BevKE3cnWawA7RuSV8T8EmVCK9cJhglLs+vL+gYs2q5f","previousCounter":0,"rootKey":"vnDBOn7nJx8PfCD2/u/EJc59P0dnqSQSI7A6XZkKM+8="},"indexInfo":{"baseKey":"BQBiPQGYj7oe/XUkUCDSbgCc+qawAKTlnLkbDv4o2eAZ","baseKeyType":1,"closed":-1,"used":1708235710532,"created":1708235710532,"remoteIdentityKey":"BTQKyK84Mx7ewx5d2L/OVaujOCekzRAGmP6NKaJlpFEG"},"_chains":{"BcOuDFHM9aZF1+Q94lZzpkI/5LNn3ezQBYMnjorJv3UW":{"chainKey":{"counter":1,"key":"6uiYzoMYHI4Y4trpzBKvtpKXVmpGDHvDvI7pHa7B+iU="},"chainType":1,"messageKeys":{}}},"pendingPreKey":{"signedKeyId":0,"baseKey":"BQBiPQGYj7oe/XUkUCDSbgCc+qawAKTlnLkbDv4o2eAZ","preKeyId":10545220}}},"version":"v1"}