{"_sessions":{"BVaboafol5r+OHFe7qTcDP/m8GR+gE2gUuMPxYoFsnVm":{"registrationId":802870899,"currentRatchet":{"ephemeralKeyPair":{"pubKey":"BRMco2aMQlO6cob+dvCmcUDi3IJ/DQTW1eNhXgUx2YFC","privKey":"YMADlKVhr1TA57P89hM8Rdh0k2Ppy0PHpvkj9z7e2kw="},"lastRemoteEphemeralKey":"BQttrHJ0imgGTx/ZkJMx1yPCOww8rS6jM5/CZ97N0JIL","previousCounter":0,"rootKey":"Q98NXK9loHj5L/p/Lw8X8Z3LCYhWl0+aIEjhJRdLwt8="},"indexInfo":{"baseKey":"BVaboafol5r+OHFe7qTcDP/m8GR+gE2gUuMPxYoFsnVm","baseKeyType":1,"closed":-1,"used":1708235709820,"created":1708235709820,"remoteIdentityKey":"BSywdZB6V1YKZztS30vZLc4FVWvNa6wu+ggStVIPEqha"},"_chains":{"BRMco2aMQlO6cob+dvCmcUDi3IJ/DQTW1eNhXgUx2YFC":{"chainKey":{"counter":1,"key":"QAUDtfXpPdsKEooKRUyYvZxVG6FOUR7JVOV59QWmaGs="},"chainType":1,"messageKeys":{}}},"pendingPreKey":{"signedKeyId":1,"baseKey":"BVaboafol5r+OHFe7qTcDP/m8GR+gE2gUuMPxYoFsnVm"}}},"version":"v1"}