{"_sessions":{"BWeoHEwKKf+TjEC1tB9YeJ+lyaRLRgxP0Rh8wHgrg4Rt":{"registrationId":446437128,"currentRatchet":{"ephemeralKeyPair":{"pubKey":"Bcygd0aUymubDvR1CUcO+Ct3IDcieXzxwm+3jf0RqkEG","privKey":"mMqjdMRCrmrswXdOh8AxixM4HgbVZ21hWEBi9vpEs3U="},"lastRemoteEphemeralKey":"BYXCuq6nnCjnxCQxa5x6cbcpvCOjhx5Q0vwaG6QdQFpN","previousCounter":0,"rootKey":"PP8IA3lbSWIOrYlzFzOHlnV9+hDRj7ryvihgKSaO4IA="},"indexInfo":{"baseKey":"BWeoHEwKKf+TjEC1tB9YeJ+lyaRLRgxP0Rh8wHgrg4Rt","baseKeyType":2,"closed":-1,"used":1708284205499,"created":1708284205499,"remoteIdentityKey":"BVsCEsyQHqFQatTkGWx4u0M2N3jKseFvbJhtlxZo52Ei"},"_chains":{"BYXCuq6nnCjnxCQxa5x6cbcpvCOjhx5Q0vwaG6QdQFpN":{"chainKey":{"counter":3,"key":"qgkI7/uIcz5k8azLleuJcfA6KxX1lTVsM+reVfcU4fM="},"chainType":2,"messageKeys":{}},"Bcygd0aUymubDvR1CUcO+Ct3IDcieXzxwm+3jf0RqkEG":{"chainKey":{"counter":-1,"key":"b+IklgH+Kl6gHYp2N+5qPhp0QwHty+6TM5g1o5Yzr2Q="},"chainType":1,"messageKeys":{}}}}},"version":"v1"}