{"_sessions":{"Ba1HzJ2ISxKd7WHRGFOtcOzEx+tqd89+n9rFQ3H+RUV5":{"registrationId":1958267122,"currentRatchet":{"ephemeralKeyPair":{"pubKey":"BSeHI1gZ4daQPaEtgecBG/taCqAcDmaZrvvQbOxLNsEF","privKey":"oNYeOyCKxk9amhgh7jmP7TBNuDaMnxPDNs7LQAM4L08="},"lastRemoteEphemeralKey":"BeUnwB7jIia7gMicqCHsw6SuwcLfEkmiY+ZPEA9nDc4k","previousCounter":0,"rootKey":"fk76nYx1k/WYHDt1YS1URjehqjt4gNFYv4O5uwX8D1w="},"indexInfo":{"baseKey":"Ba1HzJ2ISxKd7WHRGFOtcOzEx+tqd89+n9rFQ3H+RUV5","baseKeyType":2,"closed":-1,"used":1708277276851,"created":1708277276851,"remoteIdentityKey":"BRiU8wjAfz1+dH9ivsbONx693PDWeS1dvw9P0o3BU9w+"},"_chains":{"BeUnwB7jIia7gMicqCHsw6SuwcLfEkmiY+ZPEA9nDc4k":{"chainKey":{"counter":1,"key":"/XT2Cl6rVVawLX0R0UIpVgU8UVlCJtcTgSLfISSXTh8="},"chainType":2,"messageKeys":{}},"BSeHI1gZ4daQPaEtgecBG/taCqAcDmaZrvvQbOxLNsEF":{"chainKey":{"counter":-1,"key":"t2gPosD951MfY8snR0MoLToNVhhtJyLmCL1qg3/vv7Q="},"chainType":1,"messageKeys":{}}}}},"version":"v1"}