{"_sessions":{"BdlFL4IwfQydlTdLvyKQoKhBfeXpJbmGT/G9SyP9BZUG":{"registrationId":949674812,"currentRatchet":{"ephemeralKeyPair":{"pubKey":"BeYFboqZs3wx98OjhWd6Td+dhSU7N4TSkzJUUWNODdQm","privKey":"MFoxYspFtiHtXG+39za8swRQrXYrW+YyyolhR+8upGs="},"lastRemoteEphemeralKey":"BVZp+bULfrM4ykmMF5Qoh06W9uREvpWLdTeipInqq2Bz","previousCounter":0,"rootKey":"umv4Vol2rLHnf4N5gLcxeiS3vH1+7RhfZ6LNrPLuDM4="},"indexInfo":{"baseKey":"BdlFL4IwfQydlTdLvyKQoKhBfeXpJbmGT/G9SyP9BZUG","baseKeyType":1,"closed":1708284324316,"used":1708235712249,"created":1708235712249,"remoteIdentityKey":"Bf8GFm97K9k+86vAH4x2FwIFCpNFJVXQe+fko+VT2vpY"},"_chains":{"BeYFboqZs3wx98OjhWd6Td+dhSU7N4TSkzJUUWNODdQm":{"chainKey":{"counter":0,"key":"v6Oc2h3TXKTlpJPnqhXoMB+9MkPvogAQSrKyNZgVqZM="},"chainType":1,"messageKeys":{}}},"pendingPreKey":{"signedKeyId":4,"baseKey":"BdlFL4IwfQydlTdLvyKQoKhBfeXpJbmGT/G9SyP9BZUG","preKeyId":14996416}},"BWDLMNf1BANCpOWTFF8mkwTssNUQPFCift9YnX1pQxMY":{"registrationId":391338636,"currentRatchet":{"ephemeralKeyPair":{"pubKey":"BSO1PcV2EoeKnrCWvvQu5Q4yE8ag3Fgy9mUeqZ9MrPcy","privKey":"mMbmcY+E1tKFji13PUD8RhFyNDEHzPsVxiPoUt+KEEo="},"lastRemoteEphemeralKey":"BZwdqR+eg4KJ79+6AhvEhkwM54t5wWPL0BrWGa3JiYRM","previousCounter":0,"rootKey":"tW7/OB9d2c/KCGq383pypuQJTNE3l/PiJQl7a5/YggY="},"indexInfo":{"baseKey":"BWDLMNf1BANCpOWTFF8mkwTssNUQPFCift9YnX1pQxMY","baseKeyType":1,"closed":-1,"used":1708284324298,"created":1708284324298,"remoteIdentityKey":"Bdew/hcnIhfqs6K5O8qEgkdQJddKMCiwceo6pvWu4BVv"},"_chains":{"BSO1PcV2EoeKnrCWvvQu5Q4yE8ag3Fgy9mUeqZ9MrPcy":{"chainKey":{"counter":0,"key":"T8pEcxfgGUqbQCOI2/WGMYkWwU1kp+wIs+c0i7DLwVQ="},"chainType":1,"messageKeys":{}}},"pendingPreKey":{"signedKeyId":0,"baseKey":"BWDLMNf1BANCpOWTFF8mkwTssNUQPFCift9YnX1pQxMY","preKeyId":4795686}}},"version":"v1"}