{"_sessions":{"BUjSEwa3E2O99G3iW8XNhcs6j0eZ3RzAqJAN7hoQyHg8":{"registrationId":1221877067,"currentRatchet":{"ephemeralKeyPair":{"pubKey":"BSwYuo0x9d25ei4mF9Zi6HDqndsOeY/NYSUgBjvPWbEt","privKey":"0Jo/wWP5Pm/e2u6OFJsCh1MIaMG4XSoLt3hncybk2WI="},"lastRemoteEphemeralKey":"BZWyNjpjO/BN5is7U8Ncjct69AeIXJ/9Wmjw0rdHJKwM","previousCounter":0,"rootKey":"gE7MkPBJ7P4iHku3qMFNbuTQQN3f2+RxHw/Gk7zX4ZI="},"indexInfo":{"baseKey":"BUjSEwa3E2O99G3iW8XNhcs6j0eZ3RzAqJAN7hoQyHg8","baseKeyType":2,"closed":-1,"used":1708219752703,"created":1708219752703,"remoteIdentityKey":"BcmcHcZDJskubWcRuWfxpUvlLxOQJheH5XQJP2Z+ii4a"},"_chains":{"BZWyNjpjO/BN5is7U8Ncjct69AeIXJ/9Wmjw0rdHJKwM":{"chainKey":{"counter":4,"key":"cvea3Jpdgxs58gS8yOT/o/ey5orQQVL0wnRnGFQL/do="},"chainType":2,"messageKeys":{}},"BSwYuo0x9d25ei4mF9Zi6HDqndsOeY/NYSUgBjvPWbEt":{"chainKey":{"counter":-1,"key":"wQuisq6Qvi51zdmd8CE8DqnaBtluJ8zeEwA6KBW8Dco="},"chainType":1,"messageKeys":{}}}}},"version":"v1"}