{"_sessions":{"BY5Qtv7YQKX281kEsh6dQ6aKCegJbejnFCTfq1K4l1V/":{"registrationId":1563262946,"currentRatchet":{"ephemeralKeyPair":{"pubKey":"BcVSUmfpydB73qyPhSvCevFWCB2MHCgu+PyoDJ4rHI8Y","privKey":"uDc8vt3QOoP5DVR+rB3IPB5kWDHeadQeEb3rHrJ2ml4="},"lastRemoteEphemeralKey":"BQrs/OKCrgHW1pMLR4L425fvxXGUA8zMX5UuFrExbasE","previousCounter":0,"rootKey":"+/nBaxj65CCOXGJcEynpLkRl3LZLzimVpz4X5PyWB7I="},"indexInfo":{"baseKey":"BY5Qtv7YQKX281kEsh6dQ6aKCegJbejnFCTfq1K4l1V/","baseKeyType":2,"closed":-1,"used":1708230694254,"created":1708230694254,"remoteIdentityKey":"BbxwmKu25uQ9J23Jq155/tf5Ki4zg9aj56bw2ArdC098"},"_chains":{"BQrs/OKCrgHW1pMLR4L425fvxXGUA8zMX5UuFrExbasE":{"chainKey":{"counter":24,"key":"jPbLgP/8w973dkStk2JBRCcZc2SbbVeM/SvOiERDHfI="},"chainType":2,"messageKeys":{"7":"6quWjMxu1DtCrjopWXl5dH7kBlKio18VJhTXhjLa048=","8":"0Mz6cxIVTyNZ1aAv/lFJS0OfxwjDYNyhNk2+s+yIQ2c=","9":"UoNo9MuG2khuCMthZdViH57tF3grs8KmmKCwQ4e6WSs=","10":"B2Y2KVIwjSRmPUtLj9Qvf6FElYYfyKO6k685UeL9LQc=","11":"vT+dFXYwtMh9LQSXA5QTnhYsqEkNkxWt6Xlq0KY6e2I=","12":"Ly66aBxnT1Kd2NYWWWl3tKHY1GRD+1Y1wigvF0VTt90=","16":"yYg/XKfuH8dHvP7eyYaSo2wuf7uUN75BhkjJhlie960=","18":"/69BWulfvFb/hv3IfXf7JrGDTOYZUj3ewsIC0m26EQ8="}},"BcVSUmfpydB73qyPhSvCevFWCB2MHCgu+PyoDJ4rHI8Y":{"chainKey":{"counter":-1,"key":"3w438SVaqNynZQkW2tj4vCxt3/4uWTFRmNQWcs6SyWI="},"chainType":1,"messageKeys":{}}}}},"version":"v1"}