{"_sessions":{"Bc/E744nVkYiZNF8jjxbA/OgX6gqbajcv+OD9EzSd91J":{"registrationId":1851129536,"currentRatchet":{"ephemeralKeyPair":{"pubKey":"BSc3j/Quk4BevSqXUtGiEdl+7EvDaky5ULPpqqqmbhUu","privKey":"sFi8DZl7RoPGgpbe7EYlL4JeCWumMy2+Pa7jAUE2bms="},"lastRemoteEphemeralKey":"BWiF2J91Z+uTqorIkETYYw/IsQ5j2WRfCVzS6oK68VQx","previousCounter":0,"rootKey":"/2iNLredVsk3WP1zbTali9tygoUr4J+m/U9/iFboSlE="},"indexInfo":{"baseKey":"Bc/E744nVkYiZNF8jjxbA/OgX6gqbajcv+OD9EzSd91J","baseKeyType":1,"closed":-1,"used":1708235710326,"created":1708235710326,"remoteIdentityKey":"BdcaPtiPz3u5U8unSpnojhuuIq74V7OuQtB4zCXuvhYj"},"_chains":{"BSc3j/Quk4BevSqXUtGiEdl+7EvDaky5ULPpqqqmbhUu":{"chainKey":{"counter":1,"key":"OMrlVrgrhdLqOE08cAuhr/3mqLbv6tJFhV/wFBg5gD4="},"chainType":1,"messageKeys":{}}},"pendingPreKey":{"signedKeyId":1,"baseKey":"Bc/E744nVkYiZNF8jjxbA/OgX6gqbajcv+OD9EzSd91J","preKeyId":12891344}}},"version":"v1"}