{"_sessions":{"BXJm+xwidVTHfePKeAv1INIfV9w/i/XfxEslUoYFayE4":{"registrationId":221719604,"currentRatchet":{"ephemeralKeyPair":{"pubKey":"BUzDqAKIbOI69UyFDOsoInGIWsCz8cUwx4fYqBi81jVK","privKey":"+MB3dr/6ZGQbEIkR8H+Fa+HRn1yAS3yW7G80D7MyaFI="},"lastRemoteEphemeralKey":"Bag38UL/vE+D/c2Ga7VhcBKoH9foYNNzM4o5TFag1v0f","previousCounter":0,"rootKey":"muL6RQpR+NCYYUqlBcf/2FGgpp5Mp+RrRp3+/cKnOcE="},"indexInfo":{"baseKey":"BXJm+xwidVTHfePKeAv1INIfV9w/i/XfxEslUoYFayE4","baseKeyType":2,"closed":-1,"used":1708219460066,"created":1708219460066,"remoteIdentityKey":"BRNnu89oibrPlNxa4J5MbahuD+PeOa6ks63nm7emYKxm"},"_chains":{"Bag38UL/vE+D/c2Ga7VhcBKoH9foYNNzM4o5TFag1v0f":{"chainKey":{"counter":61,"key":"s789ZfIqg2xhU8BaMWPSUvVCw08yk/rDqdrHZoxZWbg="},"chainType":2,"messageKeys":{}},"BUzDqAKIbOI69UyFDOsoInGIWsCz8cUwx4fYqBi81jVK":{"chainKey":{"counter":1,"key":"YJowJJanRJf9kf/G7Vme2ZV4Z+D4BAwvqiWwvQWUr8w="},"chainType":1,"messageKeys":{}}}}},"version":"v1"}