{"_sessions":{"BXnmuWJvklgHHRCecJejiPm8LQKnA1gOxNLNuSHGy98I":{"registrationId":1980789862,"currentRatchet":{"ephemeralKeyPair":{"pubKey":"BaBxEUUUMrvOnrzfd+T3E0iFW+fBVSVEy8Tj+kTPajt2","privKey":"6JsfG1nSK0P2LBE9qVNiZoE+GEkVFbBHaDhM3WkcKmk="},"lastRemoteEphemeralKey":"BfyuOwPIR1oNrtMyiYdjR9hioNtVzLnPyvtQoBcnU0Z2","previousCounter":0,"rootKey":"/y27CBU6lzvZ1Bqs14HM19aaaRP3fRt3eDrTNurijBY="},"indexInfo":{"baseKey":"BXnmuWJvklgHHRCecJejiPm8LQKnA1gOxNLNuSHGy98I","baseKeyType":1,"closed":-1,"used":1708235711079,"created":1708235711079,"remoteIdentityKey":"BRAKvsp4ZI/AQus3BBS8rD6u+UwnB/LqI+4wczRLzGgD"},"_chains":{"BaBxEUUUMrvOnrzfd+T3E0iFW+fBVSVEy8Tj+kTPajt2":{"chainKey":{"counter":1,"key":"3ZJyMt6bNKyyp1pECpZLEDVm2GpWsFGeI356TlNRU5I="},"chainType":1,"messageKeys":{}}},"pendingPreKey":{"signedKeyId":0,"baseKey":"BXnmuWJvklgHHRCecJejiPm8LQKnA1gOxNLNuSHGy98I"}}},"version":"v1"}