{"_sessions":{"BSoRZNVMGfK5RS0/tip8rsRkYOvJZGFw66nJZYd4x8wK":{"registrationId":1726717590,"currentRatchet":{"ephemeralKeyPair":{"pubKey":"BT5Xs1xBaJeQmEpAzmCrELE9kwyoCOpzOKvl9Vk7rZ5E","privKey":"qLThxbxAm2JDtxjhtCuvPKh10cOmiUOKhE/44fMGvUg="},"lastRemoteEphemeralKey":"BbFcVysAXH2p5dEY5SGE6bz/+rpBzPoJslgLC2hB6m8X","previousCounter":0,"rootKey":"Hp9hUObstd6I83tz39SeTCptzX693JU6jp7a7jmhl+w="},"indexInfo":{"baseKey":"BSoRZNVMGfK5RS0/tip8rsRkYOvJZGFw66nJZYd4x8wK","baseKeyType":1,"closed":-1,"used":1708235711182,"created":1708235711182,"remoteIdentityKey":"BQKc1uLoyWMcWwzmHOWurrLHgPRcMhRcU34LfcE78kdz"},"_chains":{"BT5Xs1xBaJeQmEpAzmCrELE9kwyoCOpzOKvl9Vk7rZ5E":{"chainKey":{"counter":1,"key":"jARQvC0B8CIQ2mrBFX0hs6NwoBaesAdazHlnQQ12UTU="},"chainType":1,"messageKeys":{}}},"pendingPreKey":{"signedKeyId":0,"baseKey":"BSoRZNVMGfK5RS0/tip8rsRkYOvJZGFw66nJZYd4x8wK","preKeyId":7397760}}},"version":"v1"}