{"_sessions":{"BZxfVXPaeVUbiaA/LZte0uoVlQKFMMjNb/pdtCGKZMca":{"registrationId":1438746883,"currentRatchet":{"ephemeralKeyPair":{"pubKey":"BeLe+LvFN2vXpgbiyidqhsCPaqsETOxKdeTuUguYojh4","privKey":"YBl1WWMfZRRDL3cS5jD8J5Jg4OfKytJSXKHt2qslen0="},"lastRemoteEphemeralKey":"BWuqQIFNy6iTtnqviYXQZq7AtWaD5HfZQgHvyl2m7lpy","previousCounter":0,"rootKey":"iRXt1+44RFMunh05aeDNOBOxYfmLxEpFKws6sPJlfZc="},"indexInfo":{"baseKey":"BZxfVXPaeVUbiaA/LZte0uoVlQKFMMjNb/pdtCGKZMca","baseKeyType":1,"closed":-1,"used":1708235711131,"created":1708235711131,"remoteIdentityKey":"BTn7bQCxJ1ex/sSTYjBfIrpe+R87T3e04uUVKP8i3i4d"},"_chains":{"BeLe+LvFN2vXpgbiyidqhsCPaqsETOxKdeTuUguYojh4":{"chainKey":{"counter":1,"key":"Zsk0AE9vk2rs8Chqkox7r28PQikyFpl2xLBMhdd6wFw="},"chainType":1,"messageKeys":{}}},"pendingPreKey":{"signedKeyId":2,"baseKey":"BZxfVXPaeVUbiaA/LZte0uoVlQKFMMjNb/pdtCGKZMca","preKeyId":805763}}},"version":"v1"}